City,report_year,Education spending,Inter_Gov_Rev,Enrollment
ANDOVER,2013,8562868.0,2930349.0,588.63
ANSONIA,2013,34124712.0,29957368.0,2628.64
ASHFORD,2013,11250309.0,4953913.0,642.8
AVON,2013,53396764.0,8450231.0,3472.15
BARKHAMSTED,2013,8852107.0,2215545.0,648.78
BEACON FALLS,2013,13516055.0,4478464.0,954.22
BERLIN,2013,46108451.0,12927657.0,3050.82
BETHANY,2013,15599595.0,3437582.0,943.59
BETHEL,2013,44246629.0,13396122.0,2962.07
BETHLEHEM,2013,6784789.0,1734028.0,428.22
BLOOMFIELD,2013,40980883.0,14348379.0,2260.5
BOLTON,2013,14080200.0,4855814.0,815.35
BOZRAH,2013,5670995.0,2082116.0,342.71
BRANFORD,2013,56100841.0,9900481.0,3353.78
BRIDGEPORT,2013,261470234.0,234019361.0,20484.53
BRIDGEWATER,2013,4891483.0,307777.0,197.42
BRISTOL,2013,98435000.0,64542000.0,8503.36
BROOKFIELD,2013,41347563.0,6510324.0,2836.39
BROOKLYN,2013,17370720.0,9758964.0,1260.76
BURLINGTON,2013,22848392.0,4948503.0,1770.2
CANAAN,2013,3244772.0,687482.0,117.4
CANTERBURY,2013,12149799.0,6686359.0,703.89
CANTON,2013,25709116.0,6277721.0,1775.95
CHAPLIN,2013,5931939.0,2611637.0,298.57
CHESHIRE,2013,68815590.0,23677909.0,4654.92
CHESTER,2013,9148482.0,1455992.0,512.62
CLINTON,2013,33124324.0,11389907.0,2034.37
COLCHESTER,2013,41828767.0,19347462.0,2949.7
COLEBROOK,2013,3719089.0,907870.0,220.85
COLUMBIA,2013,12036200.0,4064965.0,722.44
CORNWALL,2013,4283594.0,1005494.0,152.7
COVENTRY,2013,28131806.0,12829292.0,1853.0
CROMWELL,2013,28339843.0,7538023.0,2044.45
DANBURY,2013,130444875.0,45650430.0,10727.08
DARIEN,2013,90216733.0,13371459.0,4874.42
DEEP RIVER,2013,10720924.0,3307898.0,656.0
DERBY,2013,19314326.0,13667576.0,1613.19
DURHAM,2013,22540262.0,4575747.0,1304.18
EAST GRANBY,2013,13829200.0,2895160.0,901.36
EAST HADDAM,2013,20393896.0,7132706.0,1293.86
EAST HAMPTON,2013,29894213.0,11747385.0,1970.9
EAST HARTFORD,2013,100759000.0,59947000.0,8035.22
EAST HAVEN,2013,48455006.0,26362443.0,3641.21
EAST LYME,2013,46632038.0,13148147.0,2735.37
EAST WINDSOR,2013,22517698.0,8842174.0,1364.33
EASTFORD,2013,3864869.0,1614493.0,217.5
EASTON,2013,27263689.0,2596232.0,1478.84
ELLINGTON,2013,35342309.0,14706362.0,2788.55
ENFIELD,2013,73344000.0,44070000.0,5766.68
ESSEX,2013,15818277.0,1445426.0,968.06
FAIRFIELD,2013,166241000.0,26229000.0,10321.89
FARMINGTON,2013,61514220.0,12152086.0,4079.36
FRANKLIN,2013,4250498.0,1644771.0,280.58
GLASTONBURY,2013,101617744.0,21437368.0,6752.85
GOSHEN,2013,6924636.0,413074.0,405.07
GRANBY,2013,29454150.0,9891402.0,2074.46
GREENWICH,2013,155006606.0,26543729.0,8710.319999999998
GRISWOLD,2013,27317952.0,14081308.0,1835.88
GROTON,2013,80996988.0,44883513.0,5091.33
GROTON (City of),2013,0.0,290170.0,
GUILFORD,2013,58751799.0,10188125.0,3605.38
HADDAM,2013,20918591.0,2042960.0,1313.55
HAMDEN,2013,91359833.0,45338028.0,6763.01
HAMPTON,2013,4051240.0,1839568.0,195.7
HARTFORD,2013,314620000.0,280695000.0,21656.0
HARTLAND,2013,4906068.0,1979176.0,300.35
HARWINTON,2013,11880886.0,3550473.0,903.6400000000001
HEBRON,2013,26945745.0,8839751.0,2008.17
KENT,2013,7045914.0,1012520.0,316.55
KILLINGLY,2013,42666655.0,22056094.0,2487.59
KILLINGWORTH,2013,16611324.0,2869250.0,984.32
LEBANON,2013,18810571.0,7708327.0,1142.0
LEDYARD,2013,32958749.0,18857628.0,2526.08
LISBON,2013,10327874.0,4920021.0,625.38
LITCHFIELD,2013,18545000.0,3502000.0,1060.11
LYME,2013,5885453.0,375371.0,311.19
MADISON,2013,53737674.0,8608695.0,3379.67
MANCHESTER,2013,113067000.0,46708000.0,7146.52
MANSFIELD,2013,32224464.0,20156961.0,1971.76
MARLBOROUGH,2013,15213918.0,4242806.0,1188.4
MERIDEN,2013,111411471.0,73706875.0,9070.07
MIDDLEBURY,2013,19093395.0,1367670.0,1332.07
MIDDLEFIELD,2013,11549668.0,2487016.0,687.8
MIDDLETOWN,2013,79052000.0,35322000.0,5215.55
MILFORD,2013,119070000.0,26789000.0,6754.6
MONROE,2013,56376507.0,13856850.0,3558.39
MONTVILLE,2013,41237122.0,21095329.0,2513.59
MORRIS,2013,6103672.0,772934.0,335.7200000000001
NAUGATUCK,2013,62533010.0,38181435.0,4704.36
NEW BRITAIN,2013,133504000.0,103939000.0,11186.16
NEW CANAAN,2013,82762324.0,10875400.0,4220.54
NEW FAIRFIELD,2013,34611870.0,9685455.0,2724.56
NEW HARTFORD,2013,17248837.0,5040782.0,1123.4
NEW HAVEN,2013,204422059.0,234142830.0,18412.5
NEW LONDON,2013,43167950.0,37310111.0,3577.2
NEW MILFORD,2013,63309161.0,23289243.0,4531.27
NEWINGTON,2013,69551000.0,24567000.0,4452.04
NEWTOWN,2013,74874327.0,14999779.0,5189.01
NORFOLK,2013,4442161.0,945885.0,221.53
NORTH BRANFORD,2013,32125690.0,12329642.0,2187.28
NORTH CANAAN,2013,8519198.0,2807012.0,439.1
NORTH HAVEN,2013,50439271.0,10779393.0,3561.96
NORTH STONINGTON,2013,13413630.0,7005458.0,780.99
NORWALK,2013,174748185.0,38613793.0,11240.67
NORWICH,2013,75394000.0,43580000.0,5412.87
OLD LYME,2013,24293158.0,1206956.0,1166.63
OLD SAYBROOK,2013,24745084.0,3651327.0,1476.66
ORANGE,2013,40376009.0,5026798.0,2438.22
OXFORD,2013,28790894.0,8797397.0,2148.64
PLAINFIELD,2013,36236087.0,22456817.0,2393.63
PLAINVILLE,2013,36498345.0,15895074.0,2400.73
PLYMOUTH,2013,25466681.0,13523084.0,1797.46
POMFRET,2013,10583518.0,4579093.0,679.03
PORTLAND,2013,20216816.0,6777356.0,1427.69
PRESTON,2013,11017203.0,5631824.0,608.68
PROSPECT,2013,20746911.0,5999797.0,1473.84
PUTNAM,2013,18493953.0,11313912.0,1221.89
REDDING,2013,35982664.0,3546997.0,1662.51
RIDGEFIELD,2013,90046458.0,13105503.0,5287.3
ROCKY HILL,2013,33885126.0,9052449.0,2599.66
ROXBURY,2013,6658466.0,263073.0,269.1
SALEM,2013,11116008.0,4367583.0,699.1
SALISBURY,2013,8054951.0,1044352.0,384.9
SCOTLAND,2013,4513899.0,1918623.0,211.8
SEYMOUR,2013,33091150.0,14495662.0,2406.76
SHARON,2013,6450506.0,609850.0,241.0
SHELTON,2013,70066838.0,14302128.0,5246.87
SHERMAN,2013,9169574.0,1168586.0,572.91
SIMSBURY,2013,70434246.0,13789313.0,4599.96
SOMERS,2013,22526248.0,12300540.0,1569.43
SOUTH WINDSOR,2013,71405984.0,21232260.0,4425.06
SOUTHBURY,2013,40999183.0,3816018.0,2790.96
SOUTHINGTON,2013,91796000.0,31920000.0,6769.48
SPRAGUE,2013,6351215.0,3608375.0,452.68
STAFFORD,2013,28209133.0,14192045.0,1746.47
STAMFORD,2013,255459497.0,48397667.0,15490.56
STERLING,2013,8274645.0,4210875.0,664.02
STONINGTON,2013,36055893.0,5827721.0,2440.75
STRATFORD,2013,104421589.0,42309903.0,7354.08
SUFFIELD,2013,35308503.0,17289320.0,2384.4
THOMASTON,2013,15702579.0,8104930.0,1163.48
THOMPSON,2013,17999046.0,10242444.0,1189.66
TOLLAND,2013,40346946.0,16502034.0,2949.6
TORRINGTON,2013,71882551.0,35757107.0,4532.89
TRUMBULL,2013,105090812.0,17524070.0,6759.27
UNION,2013,1739301.0,546054.0,100.0
VERNON,2013,54365055.0,25275405.0,3709.87
VOLUNTOWN,2013,6716929.0,3537975.0,415.1
WALLINGFORD,2013,99391000.0,37299000.0,6288.63
WARREN,2013,3158921.0,167000.0,171.34
WASHINGTON,2013,9532203.0,374888.0,372.41
WATERBURY,2013,174373000.0,159594000.0,17787.24
WATERFORD,2013,49169506.0,8260186.0,3014.42
WATERTOWN,2013,42983391.0,18523914.0,3040.11
WEST HARTFORD,2013,155074000.0,39853000.0,10333.58
WEST HAVEN,2013,89015764.0,62176447.0,7224.26
WESTBROOK,2013,16815605.0,2641702.0,889.1699999999998
WESTON,2013,50549481.0,5788270.0,2420.87
WESTPORT,2013,115994712.0,4478950.0,5762.21
WETHERSFIELD,2013,58303580.0,16262260.0,3877.95
WILLINGTON,2013,12924389.0,4980306.0,737.58
WILTON,2013,82539363.0,11311495.0,4296.63
WINCHESTER,2013,20997178.0,9857387.0,1301.33
WINDHAM,2013,48653356.0,36815328.0,3255.11
WINDSOR,2013,68251357.0,21410871.0,4019.78
WINDSOR LOCKS,2013,31350999.0,15521733.0,1834.61
WOLCOTT,2013,36419835.0,20168083.0,2811.56
WOODBRIDGE,2013,26719822.0,2939803.0,1463.84
WOODBURY,2013,20965425.0,1371945.0,1267.5
WOODSTOCK,2013,16844128.0,7561764.0,1312.5
HARWINTON,2012,11389097.0,3010249.0,914.82
HEBRON,2012,26592584.0,8531099.0,2080.81
KENT,2012,6691378.0,795244.0,339.37
KILLINGLY,2012,41301709.0,21912766.0,2549.12
KILLINGWORTH,2012,16985013.0,2722055.0,1067.3
LEBANON,2012,18954614.0,7764509.0,1186.02
LEDYARD,2012,32771856.0,18750904.0,2528.97
LISBON,2012,10024384.0,5005377.0,655.36
LITCHFIELD,2012,18102000.0,3352000.0,1154.29
LYME,2012,5862930.0,358924.0,297.86
MADISON,2012,52720499.0,8300730.0,3519.3
ANDOVER,2012,8408601.0,2835725.0,608.16
ANSONIA,2012,33764768.0,26864426.0,2710.56
ASHFORD,2012,11084777.0,5120557.0,702.71
AVON,2012,51292289.0,10519982.0,3538.0
BARKHAMSTED,2012,8597998.0,2118537.0,650.16
BEACON FALLS,2012,13312652.0,4488715.0,994.91
BERLIN,2012,45044221.0,13319574.0,3078.92
BETHANY,2012,15411290.0,3233000.0,973.53
BETHEL,2012,42185635.0,13030608.0,2962.34
BETHLEHEM,2012,6870029.0,1505732.0,453.24
BLOOMFIELD,2012,41407469.0,12018377.0,2374.3
BOLTON,2012,13711064.0,4994535.0,828.2899999999998
BOZRAH,2012,5548197.0,2190134.0,349.75
BRANFORD,2012,54721423.0,9720290.0,3393.42
BRIDGEPORT,2012,259297544.0,231508096.0,20870.82
BRIDGEWATER,2012,5022059.0,187351.0,205.32
BRISTOL,2012,100448000.0,66772000.0,8636.53
BROOKFIELD,2012,39846302.0,6795024.0,2904.83
BROOKLYN,2012,16973810.0,9690564.0,1264.51
BURLINGTON,2012,22567658.0,5127718.0,1778.71
CANAAN,2012,3215901.0,688386.0,141.0
CANTERBURY,2012,11472655.0,6286761.0,720.98
CANTON,2012,25324536.0,7311860.0,1771.73
CHAPLIN,2012,5626443.0,2646028.0,301.79
CHESHIRE,2012,67408514.0,23993678.0,4784.84
CHESTER,2012,9115305.0,1215200.0,529.84
CLINTON,2012,32273832.0,11674036.0,2057.31
COLCHESTER,2012,40492902.0,19517186.0,3062.92
COLEBROOK,2012,3978880.0,959753.0,221.84
COLUMBIA,2012,11931065.0,4299003.0,737.82
CORNWALL,2012,4096802.0,1049616.0,159.88
COVENTRY,2012,27995105.0,12694185.0,1889.13
CROMWELL,2012,28116330.0,7379711.0,2034.61
DANBURY,2012,129949781.0,47293595.0,10615.37
DARIEN,2012,86509642.0,13207295.0,4834.92
DEEP RIVER,2012,10717646.0,2928640.0,648.0
DERBY,2012,18898160.0,11842416.0,1572.45
ESSEX,2012,15259930.0,1259999.0,969.75
FAIRFIELD,2012,161132000.0,24570000.0,10314.03
FARMINGTON,2012,59898122.0,11990375.0,4045.25
FRANKLIN,2012,4364345.0,1600115.0,285.07
GLASTONBURY,2012,99561559.0,18403425.0,6825.84
GOSHEN,2012,7155779.0,382760.0,409.18
GRANBY,2012,29506830.0,11210292.0,2147.51
GREENWICH,2012,152486555.0,27425341.0,8715.2
GRISWOLD,2012,26378099.0,14145562.0,1846.13
GROTON,2012,79722039.0,43940965.0,5181.24
GROTON (City of),2012,0.0,327558.0,
GUILFORD,2012,56963303.0,10474843.0,3684.08
HADDAM,2012,20170062.0,2197636.0,1345.97
HAMDEN,2012,87773548.0,42518172.0,6769.66
HAMPTON,2012,4143921.0,1831240.0,194.99
HARTFORD,2012,313069000.0,280582000.0,21107.37
HARTLAND,2012,4786648.0,2004355.0,319.09
DURHAM,2012,21677624.0,4672489.0,1340.1
EAST GRANBY,2012,13237128.0,2825510.0,890.4
EAST HADDAM,2012,20323325.0,7001530.0,1302.76
EAST HAMPTON,2012,29238599.0,11601455.0,1996.51
EAST HARTFORD,2012,97696000.0,60641000.0,8141.51
EAST HAVEN,2012,48339563.0,26415418.0,3674.27
EAST LYME,2012,45459821.0,13081658.0,2784.26
EAST WINDSOR,2012,21503161.0,8420974.0,1369.13
EASTFORD,2012,3756017.0,1655934.0,233.92
EASTON,2012,26784954.0,2366020.0,1509.12
ELLINGTON,2012,33773953.0,14663268.0,2766.34
ENFIELD,2012,71140000.0,43580000.0,5917.68
MANCHESTER,2012,112033000.0,47260000.0,7247.56
MANSFIELD,2012,32491645.0,19796256.0,1978.65
MARLBOROUGH,2012,14996229.0,4225526.0,1218.82
MERIDEN,2012,111433666.0,74930580.0,9142.03
MIDDLEBURY,2012,18677886.0,1594083.0,1348.29
MIDDLEFIELD,2012,11332311.0,2358073.0,688.02
MIDDLETOWN,2012,76965000.0,35880000.0,5296.92
MILFORD,2012,114635000.0,26930000.0,6908.15
MONROE,2012,56657002.0,12747056.0,3661.19
MONTVILLE,2012,39577389.0,21184224.0,2633.53
MORRIS,2012,5803371.0,727128.0,355.86
NAUGATUCK,2012,62380519.0,37395247.0,4753.89
NEW BRITAIN,2012,132786000.0,106402000.0,11011.87
NEW CANAAN,2012,79172586.0,10348019.0,4207.93
NEW FAIRFIELD,2012,33498893.0,9316070.0,2807.16
NEW HARTFORD,2012,16544942.0,4965034.0,1136.09
NEW HAVEN,2012,203686746.0,237628410.0,18002.23
NEW LONDON,2012,43863439.0,38557674.0,3508.54
NEW MILFORD,2012,64012160.0,22747545.0,4586.98
NEWINGTON,2012,68303000.0,27134000.0,4476.9
NEWTOWN,2012,74459845.0,14748930.0,5423.83
NORFOLK,2012,4437501.0,972549.0,228.02
NORTH BRANFORD,2012,32241566.0,12310884.0,2277.87
NORTH CANAAN,2012,8163226.0,2769732.0,426.84
NORTH HAVEN,2012,49716236.0,10631965.0,3607.9
NORTH STONINGTON,2012,13260002.0,6324903.0,810.52
NORWALK,2012,173117163.0,35204996.0,11227.33
NORWICH,2012,72021000.0,42703000.0,5381.0
OLD LYME,2012,23285508.0,1162359.0,1186.5
OLD SAYBROOK,2012,24144507.0,3610035.0,1539.31
ORANGE,2012,39615890.0,4104403.0,2507.44
OXFORD,2012,27912746.0,8938426.0,2216.33
PLAINFIELD,2012,35711515.0,22623295.0,2474.25
PLAINVILLE,2012,36497815.0,15944124.0,2444.32
PLYMOUTH,2012,25174301.0,13940909.0,1819.8
POMFRET,2012,10355646.0,4495615.0,692.87
PORTLAND,2012,19793291.0,6347357.0,1420.11
PRESTON,2012,11166085.0,5603798.0,609.7000000000002
PROSPECT,2012,20218427.0,6012381.0,1506.64
PUTNAM,2012,18099219.0,11189842.0,1256.68
REDDING,2012,35106197.0,3558675.0,1726.46
RIDGEFIELD,2012,87248296.0,12297794.0,5369.59
ROCKY HILL,2012,32952537.0,9149211.0,2620.64
ROXBURY,2012,6557435.0,214250.0,283.95
SALEM,2012,10625583.0,4093867.0,704.99
SALISBURY,2012,7959258.0,1488571.0,384.62
SCOTLAND,2012,4545284.0,1892936.0,227.5
SEYMOUR,2012,32887244.0,14272163.0,2411.17
SHARON,2012,6656208.0,533379.0,260.67
SHELTON,2012,71812630.0,15116799.0,5367.87
SHERMAN,2012,8941173.0,1109021.0,591.84
SIMSBURY,2012,68933265.0,12534007.0,4733.05
SOMERS,2012,21936853.0,13133908.0,1613.16
SOUTH WINDSOR,2012,70996075.0,20555762.0,4506.15
SOUTHBURY,2012,41344692.0,3851708.0,2910.48
SOUTHINGTON,2012,88326000.0,31838000.0,6788.68
SPRAGUE,2012,6406349.0,3786149.0,456.5
STAFFORD,2012,27449756.0,13888783.0,1836.48
STAMFORD,2012,252544074.0,45996081.0,15269.37
STERLING,2012,8082820.0,4266013.0,644.3
STONINGTON,2012,35002770.0,5544730.0,2457.92
STRATFORD,2012,102808638.0,36862714.0,7493.05
SUFFIELD,2012,34204716.0,17887712.0,2425.91
THOMASTON,2012,15360953.0,8001718.0,1194.26
THOMPSON,2012,17604208.0,10131313.0,1214.17
TOLLAND,2012,39416894.0,16850972.0,3018.4
TORRINGTON,2012,69524879.0,36025609.0,4622.59
TRUMBULL,2012,99657036.0,16295453.0,6799.25
UNION,2012,1667621.0,535465.0,103.0
VERNON,2012,52300137.0,27838711.0,3750.33
VOLUNTOWN,2012,6573552.0,3341400.0,435.94
WALLINGFORD,2012,95875000.0,36020000.0,6572.14
WARREN,2012,2995840.0,154090.0,177.14
WASHINGTON,2012,9328359.0,302399.0,400.18
WATERBURY,2012,175180000.0,160695000.0,17533.14
WATERFORD,2012,47785199.0,7847691.0,3047.76
WATERTOWN,2012,39592522.0,18470161.0,3097.54
WEST HARTFORD,2012,149600000.0,46477000.0,10439.32
WEST HAVEN,2012,89048477.0,58881010.0,7226.6
WESTBROOK,2012,15984126.0,3067410.0,941.79
WESTON,2012,50570007.0,5694609.0,2485.24
WESTPORT,2012,113131404.0,4305131.0,5720.86
WETHERSFIELD,2012,55269575.0,16674045.0,3857.07
WILLINGTON,2012,12568247.0,5042271.0,790.69
WILTON,2012,80058760.0,11141142.0,4309.63
WINCHESTER,2012,20783947.0,10786092.0,1341.97
WINDHAM,2012,47650608.0,36112329.0,3263.2
WINDSOR,2012,67390801.0,21115541.0,4073.98
WINDSOR LOCKS,2012,30503362.0,16318822.0,1861.37
WOLCOTT,2012,35565637.0,19263593.0,2908.38
WOODBRIDGE,2012,26627017.0,2628553.0,1487.03
WOODBURY,2012,20480193.0,1317658.0,1330.74
WOODSTOCK,2012,16588443.0,7267052.0,1337.59
PORTLAND,2015,21094353.0,6788227.0,1382.54
PRESTON,2015,11560965.0,5644492.0,609.25
PROSPECT,2015,22117025.0,5723898.0,1409.39
PUTNAM,2015,18932080.0,11351549.0,1196.73
REDDING,2015,36249453.0,4064199.0,1534.99
RIDGEFIELD,2015,94568454.0,12774311.0,5139.56
ROCKY HILL,2015,38973084.0,9434186.0,2646.28
ROXBURY,2015,6978595.0,206168.0,230.06
SALEM,2015,11559640.0,4577707.0,649.0700000000002
SALISBURY,2015,8230306.0,1133784.0,341.6600000000001
SCOTLAND,2015,4691725.0,1983643.0,219.28
SEYMOUR,2015,36132376.0,15026084.0,2399.08
SHARON,2015,6819517.0,645482.0,232.1
SHELTON,2015,75053250.0,15753536.0,5153.74
SHERMAN,2015,9615620.0,1251577.0,537.91
SIMSBURY,2015,71510265.0,12761784.0,4358.01
SOMERS,2015,24073247.0,12535916.0,1484.67
SOUTH WINDSOR,2015,75058105.0,20827429.0,4400.62
SOUTHBURY,2015,43729317.0,3508992.0,2657.21
SOUTHINGTON,2015,95625000.0,31392000.0,6721.36
SPRAGUE,2015,6544087.0,3841555.0,452.71
STAFFORD,2015,29723966.0,14075480.0,1627.54
STAMFORD,2015,272876527.0,48297407.0,15773.82
STERLING,2015,8378283.0,4172963.0,607.06
STONINGTON,2015,37234199.0,5473746.0,2338.87
STRATFORD,2015,110427752.0,41072498.0,7322.59
SUFFIELD,2015,35848599.0,16357768.0,2278.4
THOMASTON,2015,15560482.0,8030707.0,1043.97
THOMPSON,2015,18736722.0,9980410.0,1060.6
TOLLAND,2015,41845358.0,16383122.0,2791.92
TORRINGTON,2015,76790078.0,34990554.0,4482.23
TRUMBULL,2015,111191120.0,18574675.0,6586.5
UNION,2015,2111063.0,604346.0,109.8
VERNON,2015,57008315.0,25776430.0,3582.12
VOLUNTOWN,2015,7048859.0,3594485.0,405.71
WALLINGFORD,2015,102504000.0,37190000.0,6232.64
WARREN,2015,3311693.0,139249.0,154.46
WASHINGTON,2015,9681272.0,472882.0,327.92
WATERBURY,2015,174838000.0,156592000.0,18235.87
WATERFORD,2015,50850012.0,9225639.0,2918.43
WATERTOWN,2015,44456479.0,18117139.0,2870.08
WEST HARTFORD,2015,162477000.0,41016000.0,10252.35
WEST HAVEN,2015,96506345.0,66698261.0,7081.46
WESTBROOK,2015,17767390.0,3016078.0,817.96
WESTON,2015,53337314.0,6815652.0,2389.28
WESTPORT,2015,125459324.0,4106375.0,5716.44
WETHERSFIELD,2015,61943559.0,16368042.0,3933.47
WILLINGTON,2015,12994977.0,5157470.0,678.4500000000002
WILTON,2015,86677283.0,11115023.0,4269.32
ANDOVER,2015,8576809.0,3019532.0,535.65
ANSONIA,2015,37029834.0,27853347.0,2585.1
ASHFORD,2015,11771983.0,5028901.0,597.72
AVON,2015,58148061.0,9442455.0,3325.72
BARKHAMSTED,2015,9432399.0,2206661.0,584.68
BEACON FALLS,2015,14614288.0,4574430.0,933.94
BERLIN,2015,47885291.0,12386029.0,3024.11
BETHANY,2015,16405008.0,3301310.0,884.97
BETHEL,2015,46517348.0,13385789.0,2879.53
BETHLEHEM,2015,6946134.0,1721757.0,382.92
BLOOMFIELD,2015,42712016.0,10539585.0,2244.11
BOLTON,2015,14768355.0,4981416.0,778.58
BOZRAH,2015,5857043.0,2091938.0,313.89
BRANFORD,2015,57416360.0,8421875.0,3183.23
BRIDGEPORT,2015,264104051.0,232665443.0,21095.81
BRIDGEWATER,2015,4686690.0,192390.0,145.3
BRISTOL,2015,104561451.0,67491132.0,8452.27
BROOKFIELD,2015,43046911.0,6750156.0,2756.13
BROOKLYN,2015,18539569.0,9729067.0,1205.71
BURLINGTON,2015,23670355.0,6043674.0,1675.28
CANAAN,2015,3216778.0,860748.0,111.1
CANTERBURY,2015,12296025.0,6430703.0,655.62
CANTON,2015,27426241.0,7136000.0,1659.42
CHAPLIN,2015,6331588.0,2854128.0,291.74
CHESHIRE,2015,74575158.0,25852837.0,4527.79
CHESTER,2015,8769969.0,1379955.0,458.8
CLINTON,2015,34191891.0,10931383.0,1957.04
COLCHESTER,2015,43909369.0,19483781.0,2766.93
COLEBROOK,2015,3931647.0,1026933.0,199.91
COLUMBIA,2015,12592285.0,5107112.0,701.12
CORNWALL,2015,4227939.0,606972.0,133.1
COVENTRY,2015,29541973.0,12421409.0,1777.4
CROMWELL,2015,30610852.0,8336950.0,2099.62
DANBURY,2015,141957467.0,48767079.0,10686.85
DARIEN,2015,99103639.0,13420590.0,4917.96
DEEP RIVER,2015,11549813.0,2819743.0,637.6
DERBY,2015,22108184.0,14130654.0,1587.76
DURHAM,2015,22854758.0,4577582.0,1211.41
EAST GRANBY,2015,15013695.0,2977079.0,923.0100000000001
EAST HADDAM,2015,20920432.0,6731006.0,1179.56
EAST HAMPTON,2015,31336281.0,11634584.0,1942.04
EAST HARTFORD,2015,103700000.0,64424000.0,8160.66
EAST HAVEN,2015,50447708.0,25756092.0,3375.94
EAST LYME,2015,49709355.0,14231113.0,2648.39
EAST WINDSOR,2015,23299723.0,8983491.0,1257.37
EASTFORD,2015,3946713.0,1747378.0,189.21
EASTON,2015,27724507.0,2912452.0,1417.46
ELLINGTON,2015,39195495.0,15563229.0,2750.38
ENFIELD,2015,73482000.0,44638000.0,5555.28
ESSEX,2015,16395031.0,1559154.0,879.7999999999998
FAIRFIELD,2015,171906000.0,25464000.0,10255.04
FARMINGTON,2015,63453677.0,12526132.0,4027.55
FRANKLIN,2015,4375142.0,1761506.0,253.21
GLASTONBURY,2015,107377221.0,18421311.0,6313.02
GOSHEN,2015,7253218.0,332235.0,352.89
GRANBY,2015,30716490.0,9553843.0,1948.03
GREENWICH,2015,164233253.0,32596244.0,8674.36
GRISWOLD,2015,27669568.0,13849501.0,1776.24
GROTON,2015,81862680.0,43397238.0,4956.59
GROTON (City of),2015,0.0,410820.0,
GUILFORD,2015,63185233.0,10392959.0,3454.42
HADDAM,2015,22376890.0,2062061.0,1296.7
HAMDEN,2015,84858213.0,37141207.0,6529.18
HAMPTON,2015,4095928.0,1926316.0,183.02
HARTFORD,2015,326647000.0,289332000.0,21596.84
HARTLAND,2015,5167038.0,2106326.0,272.99
HARWINTON,2015,12639441.0,3214735.0,852.97
HEBRON,2015,28797677.0,9032190.0,1771.59
KENT,2015,7188717.0,1119596.0,298.15
KILLINGLY,2015,44202229.0,22516265.0,2326.71
KILLINGWORTH,2015,15957890.0,2757662.0,911.71
LEBANON,2015,19618104.0,7844678.0,1077.02
LEDYARD,2015,34539230.0,19897568.0,2459.15
LISBON,2015,10201601.0,4945024.0,594.23
LITCHFIELD,2015,19117000.0,3426000.0,1001.61
LYME,2015,6556450.0,427660.0,294.87
MADISON,2015,55836777.0,8665975.0,3165.58
MANCHESTER,2015,121800000.0,48291000.0,7351.779999999998
MANSFIELD,2015,33321255.0,20574330.0,1850.58
MARLBOROUGH,2015,15784850.0,4056299.0,1143.77
MERIDEN,2015,110843185.0,74501716.0,9006.219999999998
MIDDLEBURY,2015,19951990.0,1204064.0,1240.6
MIDDLEFIELD,2015,12323644.0,2530552.0,638.0700000000002
MIDDLETOWN,2015,82531000.0,34947000.0,5116.85
MILFORD,2015,119634000.0,24254000.0,6375.24
MONROE,2015,58009142.0,12698512.0,3367.65
MONTVILLE,2015,41507886.0,22515758.0,2470.55
MORRIS,2015,6135775.0,736549.0,317.85
NAUGATUCK,2015,64498577.0,37060076.0,4558.19
NEW BRITAIN,2015,138100000.0,103914000.0,11157.76
NEW CANAAN,2015,90682407.0,12358742.0,4253.69
NEW FAIRFIELD,2015,35540155.0,9003763.0,2549.11
NEW HARTFORD,2015,18139405.0,5236397.0,1059.33
NEW HAVEN,2015,214438961.0,248893667.0,19121.98
NEW LONDON,2015,45127644.0,36527698.0,3594.91
NEW MILFORD,2015,68604228.0,24240229.0,4291.43
NEWINGTON,2015,74223000.0,25440000.0,4317.41
NEWTOWN,2015,78608340.0,15304723.0,4857.14
NORFOLK,2015,4588779.0,1041981.0,207.02
NORTH BRANFORD,2015,32867738.0,11754418.0,2043.18
NORTH CANAAN,2015,9389722.0,3242504.0,402.05
NORTH HAVEN,2015,54392877.0,10825225.0,3359.48
NORTH STONINGTON,2015,13634499.0,5623309.0,776.0599999999998
NORWALK,2015,190790463.0,42239791.0,11451.62
NORWICH,2015,77145000.0,42763000.0,5372.71
OLD LYME,2015,24649113.0,1135130.0,1091.45
OLD SAYBROOK,2015,27286135.0,5069967.0,1408.68
ORANGE,2015,42516288.0,4620212.0,2350.86
OXFORD,2015,30525846.0,8642457.0,2025.59
PLAINFIELD,2015,39308971.0,22338181.0,2277.0
PLAINVILLE,2015,37599680.0,15660130.0,2417.2
PLYMOUTH,2015,25479888.0,12988070.0,1715.73
POMFRET,2015,11246794.0,4760838.0,608.27
WINCHESTER,2015,21792130.0,10670631.0,1217.89
WINDHAM,2015,48972918.0,36520351.0,3132.69
WINDSOR,2015,72051878.0,22366478.0,3889.09
WINDSOR LOCKS,2015,32258906.0,14563701.0,1714.58
WOLCOTT,2015,37739030.0,20699671.0,2585.76
WOODBRIDGE,2015,28571588.0,2789596.0,1497.23
WOODBURY,2015,22021433.0,1400020.0,1164.85
WOODSTOCK,2015,17492430.0,7061438.0,1301.8
BRISTOL,2014,102684000.0,64980000.0,8490.99
BROOKFIELD,2014,42881832.0,7044108.0,2826.29
BROOKLYN,2014,18141251.0,9903495.0,1239.0
BURLINGTON,2014,23328178.0,5028255.0,1721.02
CANAAN,2014,3040647.0,802830.0,114.88
CANTERBURY,2014,12162679.0,6600658.0,659.64
CANTON,2014,26705326.0,6557094.0,1726.71
CHAPLIN,2014,6101752.0,2725419.0,303.73
CHESHIRE,2014,71369932.0,24543872.0,4601.12
CHESTER,2014,8693813.0,1392643.0,480.22
CLINTON,2014,34066239.0,11757984.0,2016.25
COLCHESTER,2014,43879506.0,19727811.0,2847.2
COLEBROOK,2014,3781634.0,979543.0,216.39
COLUMBIA,2014,12716452.0,4564047.0,705.4400000000002
CORNWALL,2014,4268248.0,714591.0,144.15
COVENTRY,2014,29631593.0,13186656.0,1820.3
ANDOVER,2014,8800679.0,2979697.0,569.02
ANSONIA,2014,35784832.0,28229568.0,2528.6
ASHFORD,2014,11758559.0,5109447.0,615.78
AVON,2014,56632683.0,10344758.0,3420.67
BARKHAMSTED,2014,9363120.0,2207868.0,602.4500000000002
BEACON FALLS,2014,13978646.0,4717436.0,940.2
BERLIN,2014,48175177.0,13429655.0,3063.18
BETHANY,2014,15923151.0,3467034.0,914.19
BETHEL,2014,46384500.0,14565184.0,2946.04
BETHLEHEM,2014,7017668.0,1667107.0,404.16
BLOOMFIELD,2014,42708097.0,11640999.0,2186.57
BOLTON,2014,14500226.0,4830217.0,803.26
BOZRAH,2014,5831304.0,2368562.0,345.04
BRANFORD,2014,57742288.0,10244386.0,3315.73
BRIDGEPORT,2014,267927607.0,240139304.0,21008.02
BRIDGEWATER,2014,4950398.0,184418.0,169.75
CROMWELL,2014,29649940.0,7973832.0,2061.85
DANBURY,2014,135882098.0,46161761.0,10577.42
DARIEN,2014,96322274.0,14737968.0,4930.9
DEEP RIVER,2014,11206997.0,2740359.0,644.6
DERBY,2014,20697007.0,13542428.0,1632.89
DURHAM,2014,22605364.0,4644133.0,1241.41
EAST GRANBY,2014,14282030.0,2864532.0,921.4
EAST HADDAM,2014,21391246.0,7143416.0,1230.29
EAST HAMPTON,2014,31395954.0,12505757.0,1987.41
EAST HARTFORD,2014,107307000.0,63834000.0,8165.149999999998
EAST HAVEN,2014,50428317.0,26530783.0,3476.63
EAST LYME,2014,48126767.0,14329374.0,2690.14
EAST WINDSOR,2014,23072375.0,8810002.0,1305.46
EASTFORD,2014,3854354.0,1691351.0,203.74
EASTON,2014,27304586.0,3036785.0,1448.78
ELLINGTON,2014,37658420.0,15675412.0,2765.82
ENFIELD,2014,77039000.0,46613000.0,5597.19
ESSEX,2014,16539771.0,1582749.0,935.02
FAIRFIELD,2014,171991000.0,29508000.0,10303.84
FARMINGTON,2014,63908106.0,13512775.0,4033.41
FRANKLIN,2014,4360997.0,1732750.0,266.51
GLASTONBURY,2014,106599514.0,20916758.0,6581.6
GOSHEN,2014,7250596.0,339750.0,378.22
GRANBY,2014,30638153.0,10814146.0,2023.62
GREENWICH,2014,159830154.0,32376036.0,8660.629999999997
GRISWOLD,2014,28005356.0,14451801.0,1845.23
GROTON,2014,82192134.0,46217827.0,5014.19
GROTON (City of),2014,0.0,692025.0,
GUILFORD,2014,61781211.0,11574815.0,3559.04
HADDAM,2014,21414633.0,2065467.0,1339.07
HAMDEN,2014,91700269.0,43373808.0,6707.09
HAMPTON,2014,4126273.0,1929150.0,190.8
HARTFORD,2014,321535000.0,286236000.0,21784.34
HARTLAND,2014,5134598.0,2122498.0,286.57
HARWINTON,2014,12006633.0,3141286.0,903.1400000000001
HEBRON,2014,27866472.0,8990878.0,1895.8
KENT,2014,7016016.0,1205585.0,315.15
KILLINGLY,2014,43637467.0,22203161.0,2420.81
KILLINGWORTH,2014,15777424.0,2730733.0,962.18
LEBANON,2014,19604569.0,8160496.0,1136.03
LEDYARD,2014,33978236.0,19454185.0,2508.66
LISBON,2014,10157341.0,5004354.0,619.27
LITCHFIELD,2014,18861000.0,3729000.0,1004.3
LYME,2014,6483107.0,947243.0,298.36
MADISON,2014,55604951.0,9664222.0,3291.21
MANCHESTER,2014,116985000.0,48744000.0,7283.55
MANSFIELD,2014,33381585.0,20829546.0,1868.22
MARLBOROUGH,2014,15434472.0,4287160.0,1172.64
MERIDEN,2014,113672829.0,74901851.0,9001.540000000003
MIDDLEBURY,2014,19694996.0,1444580.0,1280.27
MIDDLEFIELD,2014,11969987.0,2558866.0,668.15
MIDDLETOWN,2014,82259000.0,36163000.0,5129.58
MILFORD,2014,123068000.0,27759000.0,6558.49
MONROE,2014,58266029.0,14609179.0,3425.24
MONTVILLE,2014,41200103.0,22109764.0,2496.14
MORRIS,2014,5957858.0,709962.0,326.4
NAUGATUCK,2014,66204553.0,39250092.0,4593.28
NEW BRITAIN,2014,141020000.0,107833000.0,11002.51
NEW CANAAN,2014,86457443.0,14458604.0,4228.01
NEW FAIRFIELD,2014,35664277.0,9952002.0,2642.89
NEW HARTFORD,2014,17925220.0,5105988.0,1104.33
NEW HAVEN,2014,210739315.0,241889965.0,18738.35
NEW LONDON,2014,45031924.0,37911660.0,3532.73
NEW MILFORD,2014,66335339.0,24262031.0,4425.4
NEWINGTON,2014,74223000.0,26354000.0,4382.7
NEWTOWN,2014,79695025.0,16438269.0,5019.93
NORFOLK,2014,4516476.0,1014179.0,218.09
NORTH BRANFORD,2014,33134078.0,12177678.0,2115.54
NORTH CANAAN,2014,8765855.0,2752469.0,433.3
NORTH HAVEN,2014,53235992.0,10399054.0,3449.01
NORTH STONINGTON,2014,14097174.0,6418043.0,785.69
NORWALK,2014,184591078.0,39957341.0,11290.18
NORWICH,2014,77381000.0,44891000.0,5380.28
OLD LYME,2014,24314383.0,1293677.0,1141.17
OLD SAYBROOK,2014,26165008.0,4106868.0,1417.35
ORANGE,2014,41961871.0,4956456.0,2373.02
OXFORD,2014,30419090.0,8850880.0,2101.89
PLAINFIELD,2014,37742762.0,22397613.0,2349.97
PLAINVILLE,2014,37928248.0,16527208.0,2367.88
PLYMOUTH,2014,26530771.0,13704348.0,1748.25
POMFRET,2014,10876672.0,4658385.0,633.26
PORTLAND,2014,20983986.0,6797856.0,1435.54
PRESTON,2014,12065450.0,6093850.0,617.14
PROSPECT,2014,21486385.0,5891822.0,1431.2
PUTNAM,2014,19139288.0,11342659.0,1226.36
REDDING,2014,36823250.0,3801388.0,1608.61
RIDGEFIELD,2014,92761909.0,15098029.0,5259.8
ROCKY HILL,2014,35566626.0,10206932.0,2588.76
ROXBURY,2014,6790721.0,268555.0,247.1
SALEM,2014,11258315.0,4567932.0,674.99
SALISBURY,2014,8414292.0,996819.0,347.2200000000001
SCOTLAND,2014,4498536.0,1995387.0,225.38
SEYMOUR,2014,35087291.0,15102416.0,2431.97
SHARON,2014,6377957.0,611714.0,238.7
SHELTON,2014,74300492.0,15826286.0,5150.45
SHERMAN,2014,9540965.0,1382841.0,563.72
SIMSBURY,2014,73703266.0,14265662.0,4445.53
SOMERS,2014,23416325.0,12786529.0,1518.63
SOUTH WINDSOR,2014,76012600.0,22758513.0,4463.44
SOUTHBURY,2014,42098268.0,3431029.0,2755.56
SOUTHINGTON,2014,95632000.0,33581000.0,6751.35
SPRAGUE,2014,6657148.0,4106057.0,445.21
STAFFORD,2014,29246051.0,14681202.0,1652.12
STAMFORD,2014,276434644.0,54069259.0,15623.6
STERLING,2014,8540868.0,4291324.0,632.7000000000002
STONINGTON,2014,37748407.0,6672590.0,2387.67
STRATFORD,2014,108317705.0,40821397.0,7474.67
SUFFIELD,2014,35732506.0,17337295.0,2314.15
THOMASTON,2014,15838445.0,8298939.0,1096.62
THOMPSON,2014,18544267.0,10141990.0,1108.0
TOLLAND,2014,41193428.0,17105210.0,2873.68
TORRINGTON,2014,76389179.0,36531569.0,4460.38
TRUMBULL,2014,109704266.0,18329424.0,6667.87
UNION,2014,1958719.0,608064.0,110.0
VERNON,2014,56788058.0,25613730.0,3658.55
VOLUNTOWN,2014,6927162.0,3492893.0,401.11
WALLINGFORD,2014,103194000.0,39188000.0,6121.14
WARREN,2014,3128812.0,166064.0,166.42
WASHINGTON,2014,9402789.0,364425.0,345.54
WATERBURY,2014,180634000.0,160392000.0,17970.4
WATERFORD,2014,50512081.0,8945437.0,2974.65
WATERTOWN,2014,43236872.0,18760371.0,2940.43
WEST HARTFORD,2014,160266000.0,43115000.0,10296.6
WEST HAVEN,2014,95107522.0,65232537.0,7194.95
WESTBROOK,2014,17868817.0,3070160.0,851.5
WESTON,2014,51229491.0,6500404.0,2405.33
WESTPORT,2014,121252479.0,4098193.0,5745.72
WETHERSFIELD,2014,60950236.0,17339290.0,3921.26
WILLINGTON,2014,12886316.0,5137701.0,709.91
WILTON,2014,85352764.0,13140788.0,4312.67
WINCHESTER,2014,21815738.0,11021018.0,1262.85
WINDHAM,2014,49414612.0,37271487.0,3260.8
WINDSOR,2014,70387913.0,22298413.0,3936.24
WINDSOR LOCKS,2014,32609424.0,15923535.0,1783.42
WOLCOTT,2014,37034923.0,20711146.0,2720.2
WOODBRIDGE,2014,27642754.0,2753321.0,1483.64
WOODBURY,2014,22010784.0,1412375.0,1240.52
WOODSTOCK,2014,17459851.0,7272547.0,1319.62
PORTLAND,2016,21778087.0,6731383.0,1400.51
PRESTON,2016,12070980.0,5818194.0,648.09
PROSPECT,2016,22604656.0,5725934.0,1391.07
PUTNAM,2016,19502945.0,11336152.0,1165.89
REDDING,2016,36254652.0,3786491.0,1488.05
RIDGEFIELD,2016,96082052.0,13768527.0,5014.77
ROCKY HILL,2016,41398116.0,10581229.0,2762.32
ROXBURY,2016,7119534.0,188982.0,214.92
SALEM,2016,11748904.0,4577988.0,630.4500000000002
SALISBURY,2016,8702313.0,1473804.0,341.87
SCOTLAND,2016,4673197.0,1828593.0,209.09
SEYMOUR,2016,36363723.0,15037154.0,2323.49
SHARON,2016,6969515.0,563923.0,230.4
SHELTON,2016,76887536.0,15574065.0,5178.7
SHERMAN,2016,9589213.0,1216580.0,502.18
SIMSBURY,2016,74054959.0,13884108.0,4253.47
SOMERS,2016,24017924.0,12199915.0,1441.14
SOUTH WINDSOR,2016,76768518.0,21589783.0,4320.88
SOUTHBURY,2016,44646554.0,3804091.0,2582.26
SOUTHINGTON,2016,99479000.0,33321000.0,6648.04
SPRAGUE,2016,6849721.0,3912985.0,461.89
OLD SAYBROOK,2016,27971556.0,4562670.0,1351.24
ORANGE,2016,44175681.0,5118888.0,2303.5
OXFORD,2016,31084769.0,8541198.0,2037.13
PLAINFIELD,2016,39109612.0,22220524.0,2293.81
PLAINVILLE,2016,38395769.0,16214440.0,2415.16
PLYMOUTH,2016,25806526.0,13674264.0,1678.37
POMFRET,2016,10594981.0,4165929.0,602.47
STAFFORD,2016,29837976.0,14705231.0,1596.49
STAMFORD,2016,285987017.0,49990949.0,15642.22
STERLING,2016,8504359.0,4256995.0,583.43
STONINGTON,2016,38884087.0,5989782.0,2250.44
STRATFORD,2016,112764984.0,41912560.0,7245.55
SUFFIELD,2016,37292260.0,16623110.0,2261.12
THOMASTON,2016,15809352.0,8198506.0,1013.79
THOMPSON,2016,19162844.0,9943392.0,1043.0
TOLLAND,2016,43158871.0,16861099.0,2710.44
TORRINGTON,2016,78294333.0,36409678.0,4465.63
TRUMBULL,2016,113968828.0,19724597.0,6615.64
UNION,2016,2137583.0,589749.0,113.0
VERNON,2016,56591613.0,25120365.0,3512.44
VOLUNTOWN,2016,7215736.0,3939000.0,388.41
WALLINGFORD,2016,106678000.0,38240000.0,6135.01
WARREN,2016,3260832.0,110900.0,163.02
WASHINGTON,2016,9716505.0,264860.0,325.9700000000001
WATERBURY,2016,178411000.0,156610000.0,18382.83
WATERFORD,2016,50785687.0,8196982.0,2901.53
WATERTOWN,2016,45068233.0,19352704.0,2830.26
WEST HARTFORD,2016,167362000.0,44086000.0,10132.47
WEST HAVEN,2016,106292923.0,74083784.0,7017.43
WESTBROOK,2016,19167229.0,3085411.0,782.98
WESTON,2016,55344610.0,6964897.0,2383.27
WESTPORT,2016,126750713.0,3565024.0,5717.08
WETHERSFIELD,2016,64994570.0,17549567.0,3971.05
WILLINGTON,2016,12973852.0,5047739.0,672.93
WILTON,2016,89568730.0,11964934.0,4155.3
WINCHESTER,2016,22235653.0,10841687.0,1185.51
WINDHAM,2016,50733767.0,36765536.0,3207.1
WINDSOR,2016,72839199.0,21906514.0,3936.72
WINDSOR LOCKS,2016,33117510.0,14887378.0,1703.28
WOLCOTT,2016,37563529.0,20092505.0,2546.62
WOODBRIDGE,2016,29222217.0,2769051.0,1487.72
WOODBURY,2016,22479871.0,1681290.0,1148.54
WOODSTOCK,2016,17577537.0,7059787.0,1264.53
ANDOVER,2016,8780455.0,2961909.0,502.26
ANSONIA,2016,38507977.0,29372130.0,2524.46
ASHFORD,2016,11825590.0,4985298.0,562.82
AVON,2016,59484885.0,9949386.0,3292.45
BARKHAMSTED,2016,9502969.0,2190046.0,564.73
BEACON FALLS,2016,14820178.0,4586087.0,899.82
BERLIN,2016,49476881.0,13312658.0,2938.43
BETHANY,2016,16698230.0,3424720.0,840.69
BETHEL,2016,48105825.0,13962715.0,2930.31
BETHLEHEM,2016,7187029.0,1609445.0,352.7
BLOOMFIELD,2016,43740001.0,11091620.0,2238.29
BOLTON,2016,14696498.0,4897507.0,759.1799999999998
BOZRAH,2016,5925910.0,2217063.0,307.7
BRANFORD,2016,59226125.0,8854178.0,3121.52
BRIDGEPORT,2016,273774169.0,234246831.0,20945.51
BRIDGEWATER,2016,4368358.0,222017.0,136.23
BRISTOL,2016,105974983.0,65965354.0,8392.78
BROOKFIELD,2016,44101873.0,6560717.0,2731.36
BROOKLYN,2016,17955158.0,8359463.0,1225.4
BURLINGTON,2016,24619045.0,6239951.0,1624.31
CANAAN,2016,3111571.0,852229.0,111.45
CANTERBURY,2016,12129756.0,6097579.0,648.58
CANTON,2016,27532880.0,7133342.0,1638.21
CHAPLIN,2016,6158721.0,2704394.0,287.63
CHESHIRE,2016,75896046.0,25313541.0,4401.39
CHESTER,2016,8819133.0,1394270.0,443.2
CLINTON,2016,35148514.0,11393179.0,1862.89
COLCHESTER,2016,44296560.0,19575213.0,2705.29
COLEBROOK,2016,3821541.0,929084.0,195.34
COLUMBIA,2016,13317717.0,4737038.0,697.64
CORNWALL,2016,4320167.0,676544.0,128.41
COVENTRY,2016,30014124.0,12724221.0,1736.74
CROMWELL,2016,31204449.0,7919803.0,2104.38
DANBURY,2016,144825555.0,47213313.0,10870.82
DARIEN,2016,102402057.0,14386285.0,4859.94
DEEP RIVER,2016,11812374.0,2987550.0,624.4
DERBY,2016,23611655.0,15541595.0,1544.6
DURHAM,2016,23363540.0,4549804.0,1151.97
EAST GRANBY,2016,15333060.0,2989198.0,906.8
EAST HADDAM,2016,21557488.0,6679889.0,1106.85
EAST HAMPTON,2016,31881405.0,11433052.0,1984.02
EAST HARTFORD,2016,106475000.0,66149000.0,8092.09
EAST HAVEN,2016,52743757.0,26073319.0,3414.38
EAST LYME,2016,50487799.0,14377198.0,2615.95
EAST WINDSOR,2016,24287205.0,8686073.0,1203.41
EASTFORD,2016,3987911.0,1717920.0,178.5
EASTON,2016,29448104.0,2808762.0,1393.9
ELLINGTON,2016,39371523.0,15048775.0,2732.71
ENFIELD,2016,75996000.0,45301000.0,5552.78
ESSEX,2016,16305340.0,1341581.0,813.4199999999998
FAIRFIELD,2016,180029000.0,26820000.0,10125.97
FARMINGTON,2016,67188409.0,13153469.0,4048.47
FRANKLIN,2016,4455436.0,1656383.0,255.14
GLASTONBURY,2016,110736179.0,19628137.0,6212.51
GOSHEN,2016,7108614.0,299172.0,355.29
GRANBY,2016,31216353.0,10183360.0,1920.62
GREENWICH,2016,167235645.0,29010055.0,8681.7
GRISWOLD,2016,28599440.0,14602820.0,1787.02
GROTON,2016,84010289.0,43716941.0,4903.74
GROTON (City of),2016,0.0,221886.0,
GUILFORD,2016,64614449.0,10848990.0,3450.22
HADDAM,2016,23465940.0,2134441.0,1261.16
HAMDEN,2016,94446338.0,44146760.0,6434.02
HAMPTON,2016,4090389.0,1868853.0,174.78
HARTFORD,2016,323155000.0,282708000.0,21523.95
HARTLAND,2016,5502205.0,2157298.0,275.35
HARWINTON,2016,12727809.0,3075342.0,839.61
HEBRON,2016,28289109.0,8840024.0,1663.57
KENT,2016,7278670.0,943886.0,291.88
KILLINGLY,2016,44815164.0,22398430.0,2412.35
KILLINGWORTH,2016,16417262.0,2670217.0,903.41
LEBANON,2016,20035732.0,8173948.0,1027.06
LEDYARD,2016,34275724.0,19668223.0,2365.84
LISBON,2016,10575891.0,4942691.0,569.62
LITCHFIELD,2016,20120031.0,3694739.0,977.0
LYME,2016,6559697.0,525392.0,291.32
MADISON,2016,57049279.0,9285308.0,3029.35
MANCHESTER,2016,122400000.0,47039000.0,7279.66
MANSFIELD,2016,34497711.0,20083481.0,1862.7
MARLBOROUGH,2016,16547998.0,4171830.0,1105.79
MERIDEN,2016,113183854.0,76758645.0,8810.5
MIDDLEBURY,2016,20616454.0,1183088.0,1221.83
MIDDLEFIELD,2016,12240757.0,2511862.0,619.38
MIDDLETOWN,2016,85369000.0,38702000.0,5016.6
MILFORD,2016,124576000.0,25086000.0,6231.64
MONROE,2016,59684089.0,13437840.0,3249.48
MONTVILLE,2016,42589128.0,22183160.0,2389.18
MORRIS,2016,6478187.0,740207.0,310.61
NAUGATUCK,2016,66980264.0,37437473.0,4495.58
NEW BRITAIN,2016,139867000.0,106451000.0,11355.38
NEW CANAAN,2016,92082006.0,12617362.0,4262.56
NEW FAIRFIELD,2016,36936252.0,9601063.0,2425.67
NEW HARTFORD,2016,18606770.0,5313625.0,1030.53
NEW HAVEN,2016,214734762.0,245394710.0,19066.83
NEW LONDON,2016,46918298.0,36544314.0,3605.2
NEW MILFORD,2016,70948347.0,24998442.0,4153.42
NEWINGTON,2016,76094000.0,26151000.0,4238.39
NEWTOWN,2016,79390666.0,16346850.0,4677.36
NORFOLK,2016,4469222.0,1069313.0,205.41
NORTH BRANFORD,2016,33357496.0,11964082.0,1958.51
NORTH CANAAN,2016,9262495.0,3222424.0,389.6
NORTH HAVEN,2016,55280150.0,11075271.0,3245.53
NORTH STONINGTON,2016,14169602.0,5698980.0,751.9199999999998
NORWALK,2016,195581632.0,42252345.0,11539.75
NORWICH,2016,80621000.0,45537000.0,5267.78
OLD LYME,2016,25014080.0,1641583.0,1081.72
ANDOVER,2007,7507964.0,2438728.0,645.4
ANSONIA,2007,29660930.0,24511137.0,2831.14
ASHFORD,2007,9971001.0,4629417.0,759.63
AVON,2007,38966040.0,4265347.0,3511.67
BARKHAMSTED,2007,7767269.0,1718189.0,666.72
BEACON FALLS,2007,11089390.0,4072234.0,1035.83
BERLIN,2007,37095815.0,9291106.0,3322.87
BETHANY,2007,13332507.0,2146915.0,1078.67
BETHEL,2007,36050621.0,10468243.0,3231.5
BETHLEHEM,2007,6841120.0,1441614.0,566.8200000000002
BLOOMFIELD,2007,36494139.0,9118469.0,2700.61
BOLTON,2007,11395676.0,4053413.0,921.26
BOZRAH,2007,4439958.0,2273793.0,391.13
BRANFORD,2007,45013856.0,6989557.0,3650.43
BRIDGEPORT,2007,211764417.0,203566550.0,22224.65
BRIDGEWATER,2007,4519993.0,184356.0,256.79
BRISTOL,2007,87131000.0,53364000.0,9121.540000000003
BROOKFIELD,2007,34316860.0,4221621.0,3066.44
BROOKLYN,2007,14303377.0,7697320.0,1373.55
BURLINGTON,2007,19290326.0,3902055.0,1858.05
CANAAN,2007,2964982.0,662654.0,150.95
CANTERBURY,2007,10486071.0,6042062.0,825.0
CANTON,2007,20582466.0,4368195.0,1734.22
CHAPLIN,2007,5366747.0,2627308.0,350.37
CHESHIRE,2007,57588979.0,19550029.0,5141.24
CHESTER,2007,7384983.0,1101272.0,575.18
CLINTON,2007,27684255.0,9340640.0,2130.67
COLCHESTER,2007,33976567.0,16604214.0,3266.66
COLEBROOK,2007,3405853.0,762763.0,256.54
COLUMBIA,2007,11165125.0,3516645.0,917.1
CORNWALL,2007,3770035.0,542507.0,201.6
COVENTRY,2007,22712102.0,9893591.0,2115.82
CROMWELL,2007,24063006.0,5367574.0,1996.86
DANBURY,2007,107317345.0,36546992.0,9884.65
DARIEN,2007,64441577.0,8088165.0,4608.99
DEEP RIVER,2007,9087372.0,1995851.0,694.14
DERBY,2007,17635611.0,11443333.0,1560.34
DURHAM,2007,18577710.0,3944688.0,1453.18
EAST GRANBY,2007,11079224.0,2281403.0,938.26
EAST HADDAM,2007,17082092.0,5754603.0,1439.29
EAST HAMPTON,2007,23441786.0,9993098.0,2112.58
EAST HARTFORD,2007,84427000.0,48844000.0,8356.85
EAST HAVEN,2007,42210468.0,23552235.0,3932.63
EAST LYME,2007,38111914.0,10439767.0,2992.91
EAST WINDSOR,2007,17052072.0,6984588.0,1613.36
EASTFORD,2007,3445577.0,1436166.0,269.87
EASTON,2007,21625026.0,1807967.0,1567.88
ELLINGTON,2007,27133354.0,11333020.0,2562.39
ENFIELD,2007,72357000.0,36650000.0,6584.14
ESSEX,2007,12310835.0,1666801.0,946.21
FAIRFIELD,2007,131280000.0,13788000.0,9495.94
FARMINGTON,2007,49756734.0,9524768.0,4231.05
FRANKLIN,2007,4000129.0,1526527.0,312.35
GLASTONBURY,2007,74031222.0,7469242.0,6930.83
GOSHEN,2007,6029668.0,329603.0,425.29
GRANBY,2007,25073445.0,7976867.0,2255.01
GREENWICH,2007,123286129.0,31223582.0,8950.959999999997
GRISWOLD,2007,22792880.0,12973156.0,1978.59
GROTON,2007,72450322.0,43580461.0,5391.55
GROTON (City of),2007,0.0,681333.0,
GUILFORD,2007,46723393.0,7890489.0,3796.5
HADDAM,2007,17273280.0,1492794.0,1376.07
HAMDEN,2007,75918099.0,34857364.0,7079.27
HAMPTON,2007,3869624.0,1815484.0,252.54
HARTFORD,2007,279086000.0,250108000.0,22408.12
HARTLAND,2007,4426362.0,1888407.0,352.79
HARWINTON,2007,9731613.0,2632327.0,950.75
HEBRON,2007,21795507.0,6776104.0,2072.12
KENT,2007,5915841.0,701778.0,370.3
KILLINGLY,2007,34059233.0,19913330.0,2642.5
KILLINGWORTH,2007,14853727.0,2545854.0,1150.73
LEBANON,2007,15806516.0,6780267.0,1357.17
LEDYARD,2007,27661387.0,14635741.0,2789.14
LISBON,2007,9138497.0,4298396.0,833.61
LITCHFIELD,2007,15836000.0,2448000.0,1286.78
LYME,2007,5283567.0,291839.0,309.89
MADISON,2007,41242537.0,4817458.0,3947.2
MANCHESTER,2007,94437000.0,38042000.0,7609.14
MANSFIELD,2007,28212264.0,17608330.0,2000.71
MARLBOROUGH,2007,13785208.0,3445362.0,1170.07
MERIDEN,2007,99267133.0,62904894.0,9623.51
MIDDLEBURY,2007,14640597.0,656010.0,1314.3
MIDDLEFIELD,2007,9544770.0,2189476.0,748.41
MIDDLETOWN,2007,66261000.0,32495000.0,5244.02
MILFORD,2007,95431000.0,21200000.0,7534.15
MONROE,2007,47077818.0,10069616.0,4191.71
MONTVILLE,2007,35226227.0,18635799.0,3011.23
MORRIS,2007,5686077.0,713584.0,382.15
NAUGATUCK,2007,55174664.0,33473809.0,5259.09
NEW BRITAIN,2007,120623000.0,98569000.0,11230.13
NEW CANAAN,2007,65091068.0,5597597.0,4153.73
NEW FAIRFIELD,2007,28103170.0,7408868.0,3025.18
NEW HARTFORD,2007,14007269.0,3757718.0,1156.29
NEW HAVEN,2007,179948440.0,213875363.0,18928.27
NEW LONDON,2007,40042646.0,36743503.0,3453.33
NEW MILFORD,2007,56479279.0,18839620.0,4944.54
NEWINGTON,2007,53590000.0,15453000.0,4577.98
NEWTOWN,2007,62710766.0,10233003.0,5784.45
NORFOLK,2007,4098774.0,855547.0,275.64
NORTH BRANFORD,2007,26964963.0,9533827.0,2544.62
NORTH CANAAN,2007,6878547.0,2887860.0,474.6
NORTH HAVEN,2007,41162636.0,6534654.0,3984.65
NORTH STONINGTON,2007,11367059.0,5238396.0,820.69
NORWALK,2007,145969257.0,28182974.0,10822.43
NORWICH,2007,62507000.0,38859000.0,5609.38
OLD LYME,2007,21001614.0,752590.0,1248.01
OLD SAYBROOK,2007,18625046.0,2222643.0,1583.5
ORANGE,2007,33059930.0,3071146.0,2551.31
OXFORD,2007,22803753.0,6293732.0,2125.57
PLAINFIELD,2007,32023371.0,19581678.0,2635.94
PLAINVILLE,2007,31664818.0,13716585.0,2633.3
PLYMOUTH,2007,21655446.0,11224760.0,2040.69
POMFRET,2007,8607344.0,4027878.0,782.1
PORTLAND,2007,17247657.0,5151017.0,1470.66
PRESTON,2007,10401301.0,5270229.0,779.03
PROSPECT,2007,17789838.0,4796885.0,1672.57
PUTNAM,2007,15621857.0,9152681.0,1326.75
REDDING,2007,28727401.0,1970997.0,1790.03
RIDGEFIELD,2007,71669217.0,6344113.0,5606.17
ROCKY HILL,2007,26080002.0,6229295.0,2585.4
ROXBURY,2007,5624865.0,352451.0,317.35
SALEM,2007,9725709.0,3784890.0,819.09
SALISBURY,2007,7295626.0,891190.0,436.96
SCOTLAND,2007,4178934.0,1852761.0,277.99
SEYMOUR,2007,29210085.0,14266559.0,2568.82
SHARON,2007,5398079.0,377628.0,333.4
SHELTON,2007,63138300.0,11460555.0,5775.33
SHERMAN,2007,8034774.0,1146312.0,660.67
SIMSBURY,2007,59059976.0,7578276.0,4991.21
SOMERS,2007,18362447.0,11112426.0,1715.85
SOUTH WINDSOR,2007,57721839.0,15098435.0,5187.91
SOUTHBURY,2007,38623503.0,2557896.0,3302.05
SOUTHINGTON,2007,74210000.0,24926000.0,6870.01
SPRAGUE,2007,6050932.0,3434683.0,461.99
STAFFORD,2007,22569847.0,12293570.0,1959.54
STAMFORD,2007,216863390.0,35462340.0,15088.43
STERLING,2007,6743121.0,3759447.0,660.16
STONINGTON,2007,30046705.0,4904887.0,2616.12
STRATFORD,2007,84310065.0,30242213.0,7618.98
SUFFIELD,2007,27630468.0,13029884.0,2495.92
THOMASTON,2007,13639466.0,6547287.0,1371.13
THOMPSON,2007,15390682.0,8909106.0,1500.16
TOLLAND,2007,32611898.0,12217566.0,3212.76
TORRINGTON,2007,59365416.0,33713117.0,4996.87
TRUMBULL,2007,79481884.0,10681625.0,6840.29
UNION,2007,1355749.0,468976.0,112.2
VERNON,2007,46567372.0,22279357.0,3801.2
VOLUNTOWN,2007,5886752.0,3374747.0,459.98
WALLINGFORD,2007,82499000.0,29873000.0,7069.03
WARREN,2007,2905177.0,151519.0,195.07
WASHINGTON,2007,8120135.0,251444.0,475.08
WATERBURY,2007,153285000.0,141738000.0,17819.04
WATERFORD,2007,39575955.0,5097110.0,3319.33
WATERTOWN,2007,34388243.0,15054605.0,3502.72
WEST HARTFORD,2007,120280000.0,24177000.0,10129.47
WEST HAVEN,2007,79758552.0,49025893.0,7585.17
WESTBROOK,2007,12246682.0,2116285.0,1003.0
WESTON,2007,42079139.0,3626755.0,2623.78
WESTPORT,2007,86893706.0,2820268.0,5586.3
WETHERSFIELD,2007,45250664.0,10009012.0,3944.06
WILLINGTON,2007,11052362.0,4039010.0,855.5
WILTON,2007,63652774.0,7669044.0,4385.66
WINCHESTER,2007,20122893.0,10123934.0,1573.07
WINDHAM,2007,40765620.0,32039311.0,3594.96
WINDSOR,2007,57431966.0,17014499.0,4589.58
WINDSOR LOCKS,2007,25875202.0,12669520.0,2037.4
WOLCOTT,2007,31757375.0,16587400.0,3267.93
WOODBRIDGE,2007,23607817.0,1670947.0,1670.74
WOODBURY,2007,18062439.0,1127769.0,1525.88
WOODSTOCK,2007,14730956.0,6355528.0,1432.13
THOMASTON,2008,17018547.0,10159724.0,1364.64
THOMPSON,2008,20878685.0,13824927.0,1474.19
TOLLAND,2008,44228236.0,24366793.0,3207.67
TORRINGTON,2008,79589776.0,52146004.0,4923.88
TRUMBULL,2008,84817231.0,12849439.0,6857.5
UNION,2008,1458742.0,486071.0,109.0
VERNON,2008,61340447.0,37347200.0,3753.32
VOLUNTOWN,2008,7189140.0,4418273.0,436.19
WALLINGFORD,2008,112045000.0,58473000.0,6957.6
WARREN,2008,2912116.0,160285.0,199.04
WASHINGTON,2008,8476813.0,296960.0,467.74
WATERBURY,2008,218774000.0,206828000.0,17776.39
WATERFORD,2008,53331493.0,17984294.0,3317.09
WATERTOWN,2008,46938079.0,26886008.0,3399.5
WEST HARTFORD,2008,163032000.0,66234000.0,9999.26
WEST HAVEN,2008,83519298.0,53166570.0,7345.54
WESTBROOK,2008,17263655.0,6444977.0,994.96
WESTON,2008,44575275.0,4127906.0,2587.5
WESTPORT,2008,94663527.0,3725314.0,5689.14
WETHERSFIELD,2008,61482749.0,26025271.0,3921.22
WILLINGTON,2008,13651672.0,6845694.0,852.68
WILTON,2008,69063730.0,8967861.0,4385.26
WINCHESTER,2008,25179170.0,14352115.0,1520.4
WINDHAM,2008,56086495.0,46247939.0,3566.92
WINDSOR,2008,61406479.0,19912200.0,4560.17
WINDSOR LOCKS,2008,34638721.0,21681030.0,1963.86
WOLCOTT,2008,42421162.0,27835970.0,3242.81
WOODBRIDGE,2008,13105467.0,1976832.0,1620.13
WOODBURY,2008,19155840.0,1303570.0,1483.63
WOODSTOCK,2008,15595390.0,6926398.0,1420.98
EAST HARTFORD,2008,114773000.0,79733000.0,8062.01
EAST HAVEN,2008,52792124.0,33042178.0,3888.36
EAST LYME,2008,40271673.0,11736954.0,3026.43
EAST WINDSOR,2008,23401901.0,12388137.0,1560.67
EASTFORD,2008,3519454.0,1500622.0,268.55
EASTON,2008,27632800.0,6195139.0,1602.42
ELLINGTON,2008,37596600.0,21870263.0,2628.11
ENFIELD,2008,97560000.0,62303000.0,6437.02
ESSEX,2008,14444605.0,2684878.0,960.54
FAIRFIELD,2008,169304000.0,46542000.0,9768.72
FARMINGTON,2008,67005030.0,25838504.0,4178.89
FRANKLIN,2008,5059150.0,2498936.0,307.45
GLASTONBURY,2008,108065783.0,38838059.0,7023.72
GOSHEN,2008,6317579.0,443038.0,437.06
GRANBY,2008,34128755.0,16102098.0,2265.61
GREENWICH,2008,172854916.0,79654147.0,8945.129999999997
GRISWOLD,2008,28912467.0,18817209.0,1928.54
GROTON,2008,95600470.0,66139757.0,5323.84
GROTON (City of),2008,0.0,671035.0,
GUILFORD,2008,62540034.0,21744756.0,3845.73
HADDAM,2008,18488983.0,2311486.0,1399.61
HAMDEN,2008,80448243.0,39629141.0,7100.29
HAMPTON,2008,3866292.0,1848778.0,245.53
HARTFORD,2008,374467000.0,341042000.0,22342.55
HARTLAND,2008,5286532.0,2643244.0,339.07
HARWINTON,2008,10332812.0,3127565.0,949.38
HEBRON,2008,23537458.0,7967184.0,2088.89
KENT,2008,7088353.0,1721640.0,353.43
KILLINGLY,2008,45755940.0,30624872.0,2641.21
KILLINGWORTH,2008,15427893.0,2775753.0,1168.14
LEBANON,2008,21770958.0,12426602.0,1346.52
LEDYARD,2008,36681537.0,23634182.0,2757.43
LISBON,2008,9349387.0,4572728.0,814.81
LITCHFIELD,2008,21225000.0,7408000.0,1247.8
LYME,2008,5331077.0,611423.0,318.98
MADISON,2008,56099065.0,18061642.0,3868.59
MANCHESTER,2008,123770000.0,67734000.0,7411.81
MANSFIELD,2008,34026981.0,23323275.0,1966.25
MARLBOROUGH,2008,16356932.0,6119166.0,1186.4
MERIDEN,2008,133749494.0,96756081.0,9621.43
ANDOVER,2008,8829049.0,3810247.0,642.14
ANSONIA,2008,38418010.0,32920804.0,2867.43
ASHFORD,2008,11716666.0,6761186.0,710.79
AVON,2008,54645090.0,18352155.0,3596.56
BARKHAMSTED,2008,8995197.0,2988431.0,656.94
BEACON FALLS,2008,11687971.0,4381003.0,1069.05
BERLIN,2008,50558499.0,22335205.0,3313.32
BETHANY,2008,14630594.0,2873616.0,1087.84
BETHEL,2008,46027926.0,19369857.0,3158.07
BETHLEHEM,2008,7118979.0,1448822.0,531.19
BLOOMFIELD,2008,45243647.0,16966207.0,2628.6
BOLTON,2008,15385286.0,7724870.0,868.56
BOZRAH,2008,4998002.0,2072796.0,391.58
BRANFORD,2008,60571587.0,21920852.0,3536.5
BRIDGEPORT,2008,218222813.0,209554648.0,21801.84
BRIDGEWATER,2008,4695784.0,199195.0,250.42
BRISTOL,2008,121810000.0,90193000.0,9040.16
BROOKFIELD,2008,45501772.0,14915372.0,2991.2
BROOKLYN,2008,15351712.0,8395352.0,1349.13
BURLINGTON,2008,20217507.0,4710910.0,1874.65
CANAAN,2008,3296366.0,1116548.0,144.31
CANTERBURY,2008,12877890.0,8136662.0,829.91
CANTON,2008,27715327.0,10842779.0,1731.04
CHAPLIN,2008,5602595.0,2658993.0,342.26
CHESHIRE,2008,59146513.0,21637810.0,5096.8
CHESTER,2008,7887865.0,1270405.0,588.24
CLINTON,2008,37475160.0,18180031.0,2124.8
COLCHESTER,2008,35822916.0,18442383.0,3264.52
COLEBROOK,2008,4056429.0,1292929.0,263.39
COLUMBIA,2008,14135143.0,6621012.0,855.8
CORNWALL,2008,4411874.0,1217468.0,201.31
COVENTRY,2008,31080910.0,18003325.0,2074.67
CROMWELL,2008,32372132.0,13374918.0,1983.49
DANBURY,2008,114914158.0,42719455.0,9964.78
DARIEN,2008,89629028.0,29590967.0,4665.16
DEEP RIVER,2008,10083786.0,2853312.0,689.53
DERBY,2008,23663301.0,17123121.0,1553.87
DURHAM,2008,19506284.0,4311970.0,1429.31
EAST GRANBY,2008,11887509.0,2764573.0,923.89
EAST HADDAM,2008,23363965.0,11649505.0,1463.2
EAST HAMPTON,2008,32650534.0,18124172.0,2085.2
MIDDLEBURY,2008,15904783.0,902091.0,1334.98
MIDDLEFIELD,2008,10062275.0,2318681.0,749.25
MIDDLETOWN,2008,89694000.0,55133000.0,5199.22
MILFORD,2008,128653000.0,49611000.0,7371.78
MONROE,2008,64456492.0,25538538.0,4183.43
MONTVILLE,2008,36705134.0,21898983.0,2931.39
MORRIS,2008,5746376.0,716550.0,385.7
NAUGATUCK,2008,73739126.0,50526650.0,5132.03
NEW BRITAIN,2008,160456000.0,138925000.0,10984.91
NEW CANAAN,2008,67946645.0,6897458.0,4110.28
NEW FAIRFIELD,2008,29784853.0,7997963.0,3006.6
NEW HARTFORD,2008,17203654.0,7275891.0,1141.81
NEW HAVEN,2008,256210171.0,289221907.0,18546.95
NEW LONDON,2008,52721171.0,48716788.0,3380.86
NEW MILFORD,2008,75142150.0,35086420.0,4918.78
NEWINGTON,2008,73635000.0,35474000.0,4553.21
NEWTOWN,2008,79232308.0,24452450.0,5747.07
NORFOLK,2008,4548555.0,1641612.0,265.87
NORTH BRANFORD,2008,35671506.0,18384827.0,2530.56
NORTH CANAAN,2008,8227379.0,4106173.0,474.25
NORTH HAVEN,2008,43745733.0,8098936.0,3902.1
NORTH STONINGTON,2008,11524609.0,5604145.0,822.91
NORWALK,2008,153675894.0,28626555.0,10608.33
NORWICH,2008,79020000.0,53803000.0,5590.52
OLD LYME,2008,21593555.0,998215.0,1241.35
OLD SAYBROOK,2008,24270424.0,6744506.0,1626.56
ORANGE,2008,39717632.0,7983622.0,2537.52
OXFORD,2008,30674741.0,14719709.0,2167.12
PLAINFIELD,2008,33802453.0,21027867.0,2587.23
PLAINVILLE,2008,42839809.0,23798859.0,2605.73
PLYMOUTH,2008,26958853.0,16520480.0,2026.65
POMFRET,2008,9293307.0,4281438.0,778.65
PORTLAND,2008,22345049.0,10372795.0,1451.12
PRESTON,2008,10547934.0,5558142.0,758.08
PROSPECT,2008,18877933.0,5412406.0,1644.0
PUTNAM,2008,20967049.0,14240612.0,1298.97
REDDING,2008,35725618.0,7845406.0,1808.89
RIDGEFIELD,2008,98454741.0,29887903.0,5573.48
ROCKY HILL,2008,36640268.0,16123098.0,2626.19
ROXBURY,2008,5647247.0,381443.0,314.0
SALEM,2008,11578692.0,5340959.0,806.36
SALISBURY,2008,8631213.0,1916888.0,417.62
SCOTLAND,2008,3973587.0,1809391.0,265.4
SEYMOUR,2008,38297938.0,22355393.0,2554.42
SHARON,2008,6858345.0,1357339.0,327.1600000000001
SHELTON,2008,85504187.0,31862190.0,5713.38
SHERMAN,2008,10040900.0,2909293.0,642.11
SIMSBURY,2008,80434620.0,27641652.0,4967.39
SOMERS,2008,25585754.0,18718264.0,1706.39
SOUTH WINDSOR,2008,78231913.0,35885450.0,5082.85
SOUTHBURY,2008,39731441.0,3214043.0,3274.07
SOUTHINGTON,2008,99810000.0,51196000.0,6882.4
SPRAGUE,2008,6171437.0,3714220.0,464.09
STAFFORD,2008,31275097.0,20304809.0,1926.19
STAMFORD,2008,221558188.0,38740568.0,15028.56
STERLING,2008,7590089.0,3945599.0,675.39
STONINGTON,2008,31572075.0,5385503.0,2578.24
STRATFORD,2008,115569201.0,62597178.0,7654.22
SUFFIELD,2008,38869775.0,23450012.0,2497.0
MERIDEN,2009,106175816.0,69491660.0,9484.31
MIDDLEBURY,2009,16817011.0,888114.0,1365.56
MIDDLEFIELD,2009,10666570.0,2460323.0,736.04
MIDDLETOWN,2009,73443000.0,37046000.0,5274.58
MILFORD,2009,106963000.0,24521000.0,7303.9
MONROE,2009,51546173.0,11609447.0,4082.5
MONTVILLE,2009,35456530.0,18820066.0,2842.42
MORRIS,2009,5706911.0,753725.0,367.97
NAUGATUCK,2009,62215605.0,37181315.0,5049.97
NEW BRITAIN,2009,129357000.0,106705000.0,10814.58
NEW CANAAN,2009,73881559.0,7323442.0,4106.2
NEW FAIRFIELD,2009,30966360.0,8424278.0,3025.2
NEW HARTFORD,2009,15697795.0,5069887.0,1157.25
NEW HAVEN,2009,192024547.0,226037552.0,18074.31
NEW LONDON,2009,42649594.0,38619961.0,3505.52
NEW MILFORD,2009,61372519.0,21327588.0,4812.11
NEWINGTON,2009,60397000.0,21903000.0,4525.1
NEWTOWN,2009,70846082.0,13238745.0,5626.98
NORFOLK,2009,4071838.0,1015625.0,259.34
NORTH BRANFORD,2009,29728194.0,11618690.0,2499.36
CANTERBURY,2009,11115591.0,6521505.0,824.7
CANTON,2009,23364439.0,5757548.0,1783.9
CHAPLIN,2009,5908056.0,2773117.0,314.11
CHESHIRE,2009,63051443.0,22600186.0,4997.44
CHESTER,2009,8432858.0,1409258.0,584.5700000000002
CLINTON,2009,30748842.0,9965372.0,2129.43
COLCHESTER,2009,36921607.0,18522145.0,3209.93
COLEBROOK,2009,3831032.0,884172.0,255.79
COLUMBIA,2009,11894985.0,4528289.0,847.13
CORNWALL,2009,4016396.0,610758.0,186.05
COVENTRY,2009,25815014.0,12365688.0,2024.59
CROMWELL,2009,26760282.0,6776783.0,2009.77
DANBURY,2009,121411300.0,43575163.0,10132.82
DARIEN,2009,74728039.0,10883824.0,4714.62
DEEP RIVER,2009,9898159.0,2524631.0,661.47
DERBY,2009,19873813.0,12310056.0,1568.98
DURHAM,2009,20377712.0,4497451.0,1428.27
EAST GRANBY,2009,12449844.0,2779190.0,906.36
EAST HADDAM,2009,19669609.0,6772352.0,1458.22
EAST HAMPTON,2009,27066537.0,11503080.0,2066.07
EAST HARTFORD,2009,92242000.0,57601000.0,7917.59
EAST HAVEN,2009,47501312.0,26567280.0,3810.03
EAST LYME,2009,42299028.0,12748779.0,2934.53
EAST WINDSOR,2009,20760869.0,8607535.0,1525.81
EASTFORD,2009,3829616.0,1558486.0,266.69
EASTON,2009,24900625.0,2126327.0,1590.04
ELLINGTON,2009,30967610.0,13582654.0,2661.79
ENFIELD,2009,73847000.0,37644000.0,6398.82
ESSEX,2009,13831806.0,1564130.0,975.22
FAIRFIELD,2009,151011000.0,20508000.0,9956.92
FARMINGTON,2009,52626772.0,11010560.0,4167.67
FRANKLIN,2009,4253663.0,1710963.0,302.07
GLASTONBURY,2009,83715229.0,9546377.0,7020.83
GOSHEN,2009,6724961.0,353293.0,430.5
GRANBY,2009,27848851.0,9715349.0,2204.76
ANDOVER,2009,8056856.0,2720551.0,641.76
ANSONIA,2009,31520992.0,26302924.0,2854.78
ASHFORD,2009,10816718.0,5027254.0,695.89
AVON,2009,44212809.0,5662776.0,3573.81
BARKHAMSTED,2009,8371378.0,2144721.0,676.46
BEACON FALLS,2009,12655947.0,4475600.0,1025.07
BERLIN,2009,41651157.0,11668616.0,3266.73
BETHANY,2009,15045677.0,3183514.0,1074.55
BETHEL,2009,39762463.0,12650886.0,3102.17
BETHLEHEM,2009,6984949.0,1601535.0,498.65
BLOOMFIELD,2009,40453351.0,11248024.0,2556.5
BOLTON,2009,12675559.0,4585666.0,843.82
BOZRAH,2009,5320790.0,2255572.0,391.67
BRANFORD,2009,49602424.0,8247139.0,3536.87
BRIDGEPORT,2009,222867074.0,214369477.0,21288.93
BRIDGEWATER,2009,4818496.0,203694.0,232.37
BRISTOL,2009,96364000.0,62075000.0,8913.78
BROOKFIELD,2009,37278699.0,5740069.0,3029.69
BROOKLYN,2009,16034423.0,8623293.0,1314.52
BURLINGTON,2009,21208198.0,4726874.0,1870.49
CANAAN,2009,2718795.0,595087.0,130.5
GREENWICH,2009,135519709.0,36461092.0,8760.93
GRISWOLD,2009,26080659.0,14974557.0,1941.73
GROTON,2009,76365187.0,46927346.0,5292.91
GROTON (City of),2009,0.0,615140.0,
GUILFORD,2009,52451290.0,9129571.0,3789.26
HADDAM,2009,20293804.0,2041317.0,1374.84
HAMDEN,2009,83496925.0,47658189.0,6966.15
HAMPTON,2009,4019509.0,1968117.0,230.54
HARTFORD,2009,305432000.0,270021000.0,21726.31
HARTLAND,2009,4724540.0,2013940.0,337.29
HARWINTON,2009,10823478.0,4572559.0,958.02
HEBRON,2009,24770356.0,8233521.0,2096.54
KENT,2009,6340748.0,720682.0,372.3
KILLINGLY,2009,38249181.0,21911565.0,2672.49
KILLINGWORTH,2009,15345795.0,2642777.0,1173.9
LEBANON,2009,17676468.0,7751081.0,1347.37
LEDYARD,2009,31244141.0,17833535.0,2652.29
LISBON,2009,9828316.0,4814481.0,783.81
LITCHFIELD,2009,16978000.0,2973000.0,1234.79
LYME,2009,5440338.0,420911.0,297.61
MADISON,2009,48244440.0,7376662.0,3812.99
MANCHESTER,2009,103412000.0,44135000.0,7479.64
MANSFIELD,2009,31969128.0,20426635.0,1961.67
MARLBOROUGH,2009,14729305.0,4008739.0,1232.63
NORTH CANAAN,2009,7734833.0,3128668.0,463.1
NORTH HAVEN,2009,45468390.0,9138538.0,3846.91
NORTH STONINGTON,2009,11613316.0,5753989.0,805.73
NORWALK,2009,160083564.0,30386367.0,10806.39
NORWICH,2009,70164000.0,44021000.0,5578.01
OLD LYME,2009,22326280.0,1033506.0,1205.15
OLD SAYBROOK,2009,21424705.0,2730064.0,1636.98
ORANGE,2009,36937748.0,3608336.0,2520.92
OXFORD,2009,26840609.0,9400486.0,2205.59
PLAINFIELD,2009,31742982.0,21948364.0,2542.9
PLAINVILLE,2009,35081505.0,15508364.0,2528.1
PLYMOUTH,2009,23635456.0,13112367.0,1994.65
POMFRET,2009,9678397.0,4513223.0,781.42
PORTLAND,2009,18701508.0,6091256.0,1463.96
PRESTON,2009,11137380.0,5753500.0,726.13
PROSPECT,2009,19460041.0,5691962.0,1617.74
PUTNAM,2009,16790824.0,10092248.0,1237.6
REDDING,2009,32504810.0,3035369.0,1792.14
RIDGEFIELD,2009,80923133.0,9751380.0,5586.62
ROCKY HILL,2009,29424694.0,7917555.0,2640.24
ROXBURY,2009,6068964.0,371018.0,308.52
SALEM,2009,10628419.0,4180093.0,806.52
SALISBURY,2009,7663926.0,763838.0,427.23
SCOTLAND,2009,4237439.0,1957337.0,270.65
SEYMOUR,2009,30293597.0,12679117.0,2568.8
SHARON,2009,6391573.0,586327.0,300.05
SHELTON,2009,69732133.0,12843959.0,5646.04
SHERMAN,2009,8775336.0,1223168.0,630.24
SIMSBURY,2009,64620969.0,11031153.0,4960.61
SOMERS,2009,20850296.0,13059785.0,1701.95
SOUTH WINDSOR,2009,63808126.0,19806433.0,4964.52
SOUTHBURY,2009,41080048.0,3339621.0,3203.44
SOUTHINGTON,2009,80875000.0,29730000.0,6816.82
SPRAGUE,2009,5851029.0,3574314.0,457.86
STAFFORD,2009,26405030.0,14151733.0,1939.69
STAMFORD,2009,243089067.0,39936682.0,14883.73
STERLING,2009,7989345.0,3963813.0,678.78
STONINGTON,2009,32561493.0,5143191.0,2551.42
STRATFORD,2009,95522351.0,35293644.0,7590.46
SUFFIELD,2009,31384169.0,15378576.0,2447.58
THOMASTON,2009,14780948.0,7609875.0,1328.08
THOMPSON,2009,17100896.0,10134481.0,1392.47
TOLLAND,2009,36943631.0,15758147.0,3230.15
TORRINGTON,2009,67510194.0,36659914.0,4807.71
TRUMBULL,2009,83200356.0,12711795.0,6810.6
UNION,2009,1525478.0,507876.0,110.0
VERNON,2009,49284455.0,24670932.0,3637.8
VOLUNTOWN,2009,6363783.0,3567109.0,434.37
WALLINGFORD,2009,89881000.0,34782000.0,6945.34
WARREN,2009,2946495.0,168100.0,174.9
WASHINGTON,2009,8964622.0,306665.0,456.49
WATERBURY,2009,169099000.0,155571000.0,17735.58
WATERFORD,2009,42948054.0,7045093.0,3256.43
WATERTOWN,2009,38620195.0,17032238.0,3334.48
WEST HARTFORD,2009,132304000.0,31677000.0,10111.39
WEST HAVEN,2009,78628886.0,49935087.0,7335.32
WESTBROOK,2009,14224397.0,2729125.0,979.08
WESTON,2009,46690495.0,4354755.0,2581.69
WESTPORT,2009,96336567.0,4257651.0,5787.03
WETHERSFIELD,2009,51564577.0,14000914.0,3965.97
WILLINGTON,2009,11500140.0,4737617.0,821.61
WILTON,2009,73939700.0,9476225.0,4395.96
WINCHESTER,2009,21968931.0,11318243.0,1463.51
WINDHAM,2009,44548083.0,35628223.0,3390.55
WINDSOR,2009,63321537.0,21033244.0,4461.22
WINDSOR LOCKS,2009,28780888.0,14907575.0,1972.51
WOLCOTT,2009,34412326.0,19137742.0,3099.48
WOODBRIDGE,2009,25361808.0,2017833.0,1574.78
WOODBURY,2009,19489236.0,1336615.0,1445.44
WOODSTOCK,2009,16072398.0,7457258.0,1411.77
ANDOVER,2010,7844581.0,2378006.0,631.35
ANSONIA,2010,32282747.0,26465983.0,2867.97
ASHFORD,2010,10885166.0,5101308.0,696.74
AVON,2010,45144616.0,5477312.0,3616.52
BARKHAMSTED,2010,8464826.0,2045723.0,671.83
BEACON FALLS,2010,12534084.0,4378865.0,1038.9
BERLIN,2010,42342339.0,11239269.0,3219.34
BETHANY,2010,15467143.0,3281826.0,1039.59
BETHEL,2010,38917838.0,11350228.0,3061.31
BETHLEHEM,2010,6808906.0,1303034.0,495.04
BLOOMFIELD,2010,40445920.0,10277496.0,2529.41
BOLTON,2010,12866459.0,4500629.0,839.24
BOZRAH,2010,5370163.0,1990901.0,387.81
BRANFORD,2010,50550551.0,7974118.0,3581.27
BRIDGEPORT,2010,205130582.0,185155817.0,21022.7
BRIDGEWATER,2010,4678658.0,156725.0,232.07
BRISTOL,2010,95615000.0,60286000.0,8783.64
BROOKFIELD,2010,36461447.0,4975659.0,2988.01
BROOKLYN,2010,16296384.0,8629250.0,1312.93
BURLINGTON,2010,21646385.0,4683862.0,1874.2
CANAAN,2010,2787951.0,584938.0,136.1
CANTERBURY,2010,11317718.0,6034454.0,770.26
CANTON,2010,23152901.0,5376525.0,1793.32
CHAPLIN,2010,5945322.0,2722137.0,290.45
CHESHIRE,2010,63459814.0,20817817.0,4943.37
CHESTER,2010,8781327.0,1304347.0,574.04
CLINTON,2010,31113649.0,10091741.0,2069.22
COLCHESTER,2010,35813628.0,16597510.0,3237.3
COLEBROOK,2010,3754811.0,833648.0,255.02
COLUMBIA,2010,11517470.0,4203162.0,785.83
CORNWALL,2010,4082378.0,667164.0,182.19
COVENTRY,2010,25029076.0,10890396.0,1987.86
CROMWELL,2010,26596305.0,6033567.0,2050.33
DANBURY,2010,117631730.0,40879804.0,10255.04
DARIEN,2010,76971943.0,10282461.0,4794.63
DEEP RIVER,2010,9469760.0,2191144.0,654.64
DERBY,2010,20036381.0,12218692.0,1580.69
DURHAM,2010,20032348.0,3892833.0,1371.68
EAST GRANBY,2010,12761001.0,2402943.0,939.07
EAST HADDAM,2010,19179294.0,6102332.0,1424.0
EAST HAMPTON,2010,27509315.0,11353306.0,2040.47
EAST HARTFORD,2010,84284000.0,51585000.0,8009.39
EAST HAVEN,2010,44137267.0,22884200.0,3803.24
EAST LYME,2010,41427641.0,11178281.0,2878.61
EAST WINDSOR,2010,19351289.0,7305528.0,1475.86
EASTFORD,2010,3745816.0,1630796.0,236.52
EASTON,2010,25004081.0,2035401.0,1555.96
ELLINGTON,2010,31017970.0,13520745.0,2669.99
ENFIELD,2010,65002000.0,36824000.0,6215.03
ESSEX,2010,14400640.0,1320694.0,986.29
FAIRFIELD,2010,151473000.0,20383000.0,10114.33
FARMINGTON,2010,53821985.0,10452519.0,4143.27
FRANKLIN,2010,4307144.0,1564807.0,302.88
GLASTONBURY,2010,92864175.0,15767332.0,6999.18
GOSHEN,2010,6833904.0,343444.0,432.76
GRANBY,2010,28313332.0,9158803.0,2258.61
GREENWICH,2010,135277746.0,20301905.0,8712.219999999998
GRISWOLD,2010,26063194.0,14511708.0,1897.24
GROTON,2010,79363536.0,42969276.0,5221.76
GROTON (City of),2010,0.0,525581.0,
GUILFORD,2010,52600881.0,8425393.0,3733.58
HADDAM,2010,19468254.0,1762566.0,1362.02
HAMDEN,2010,83759620.0,40619842.0,6883.82
HAMPTON,2010,4124942.0,1738203.0,223.43
HARTFORD,2010,305210000.0,267840000.0,21318.38
HARTLAND,2010,4486859.0,1779049.0,317.05
HARWINTON,2010,10978122.0,3737842.0,935.8
HEBRON,2010,25224497.0,8098555.0,2118.04
KENT,2010,6412867.0,705760.0,354.95
KILLINGLY,2010,39087800.0,21503559.0,2588.06
KILLINGWORTH,2010,16001735.0,2304491.0,1149.02
LEBANON,2010,18184933.0,7730824.0,1304.0
LEDYARD,2010,31074028.0,17198885.0,2597.06
LISBON,2010,9423614.0,4140849.0,757.87
LITCHFIELD,2010,16656000.0,2703000.0,1233.19
LYME,2010,5524057.0,328690.0,315.07
MADISON,2010,49706628.0,6933498.0,3747.15
MANCHESTER,2010,101255000.0,40373000.0,7470.54
MANSFIELD,2010,30342499.0,18543734.0,1954.34
MARLBOROUGH,2010,14609129.0,3911325.0,1219.21
MERIDEN,2010,99309776.0,61269332.0,9245.94
MIDDLEBURY,2010,17508656.0,912785.0,1370.86
MIDDLEFIELD,2010,10358074.0,2135948.0,738.16
MIDDLETOWN,2010,72244000.0,32211000.0,5340.37
MILFORD,2010,106657000.0,22212000.0,7166.76
MONROE,2010,53939216.0,11597967.0,3957.69
MONTVILLE,2010,38609352.0,20243386.0,2765.67
MORRIS,2010,5809619.0,722417.0,359.15
NAUGATUCK,2010,56650313.0,32171552.0,5104.73
NEW BRITAIN,2010,120254000.0,94014000.0,10873.74
NEW CANAAN,2010,74379919.0,7219666.0,4094.29
NEW FAIRFIELD,2010,31846816.0,8513528.0,2984.6
NEW HARTFORD,2010,15906763.0,4526486.0,1139.44
NEW HAVEN,2010,194071482.0,228896975.0,17704.41
NEW LONDON,2010,39208343.0,34147546.0,3467.5
NEW MILFORD,2010,60425864.0,19563915.0,4775.94
NEWINGTON,2010,63212000.0,22932000.0,4503.98
NEWTOWN,2010,69998613.0,11984235.0,5534.24
OLD LYME,2011,22632353.0,1149521.0,1221.31
OLD SAYBROOK,2011,22975131.0,2804695.0,1568.88
ORANGE,2011,37879596.0,3244842.0,2509.0
OXFORD,2011,27216870.0,7659463.0,2245.49
PLAINFIELD,2011,34521797.0,22133687.0,2506.63
PLAINVILLE,2011,35631512.0,15124016.0,2500.37
PLYMOUTH,2011,24167940.0,13200523.0,1907.89
POMFRET,2011,10042111.0,4336298.0,744.72
PORTLAND,2011,19306090.0,6067731.0,1444.33
PRESTON,2011,10843392.0,5164392.0,661.8
PROSPECT,2011,19839615.0,5929171.0,1548.43
PUTNAM,2011,17752764.0,10594761.0,1282.26
REDDING,2011,33466941.0,3091256.0,1726.95
RIDGEFIELD,2011,83395812.0,9759437.0,5456.92
ROCKY HILL,2011,30865280.0,7432129.0,2626.06
ROXBURY,2011,6219646.0,196556.0,294.26
SALEM,2011,10454834.0,3699162.0,739.26
SALISBURY,2011,7917159.0,836053.0,394.9
SCOTLAND,2011,4106792.0,1680347.0,236.2
SEYMOUR,2011,30179163.0,11798457.0,2503.82
SHARON,2011,6438520.0,524413.0,286.55
SHELTON,2011,67380683.0,11947574.0,5395.51
SHERMAN,2011,8774192.0,1050057.0,591.84
SIMSBURY,2011,66795182.0,11352961.0,4818.77
SOMERS,2011,20829709.0,11007761.0,1620.2
SOUTH WINDSOR,2011,66904426.0,19887065.0,4683.47
SOUTHBURY,2011,41616763.0,2882833.0,3082.55
SOUTHINGTON,2011,86524000.0,29520000.0,6842.07
SPRAGUE,2011,6132335.0,3410735.0,453.2
STAFFORD,2011,25026777.0,12502647.0,1894.24
STAMFORD,2011,241144181.0,40296862.0,15123.27
STERLING,2011,8033070.0,3829785.0,639.92
STONINGTON,2011,33491085.0,4841276.0,2543.33
STRATFORD,2011,96787391.0,32147909.0,7502.23
SUFFIELD,2011,32423783.0,14822657.0,2407.78
THOMASTON,2011,14167881.0,6794247.0,1250.79
THOMPSON,2011,17008571.0,9679812.0,1279.27
TOLLAND,2011,37744919.0,13912509.0,3116.18
TORRINGTON,2011,68685012.0,35311896.0,4664.57
TRUMBULL,2011,95962843.0,12825808.0,6853.81
UNION,2011,1660942.0,509738.0,109.0
VERNON,2011,52089429.0,24575878.0,3768.89
VOLUNTOWN,2011,6088931.0,2945209.0,429.92
WALLINGFORD,2011,90009000.0,30412000.0,6587.87
WARREN,2011,2842144.0,139118.0,176.28
WASHINGTON,2011,9145846.0,340209.0,415.72
WATERBURY,2011,168429000.0,153659000.0,17593.61
WATERFORD,2011,45477649.0,6481851.0,3165.79
WATERTOWN,2011,36930006.0,15509642.0,3183.33
WEST HARTFORD,2011,139573000.0,32117000.0,10446.45
WEST HAVEN,2011,86890030.0,57689619.0,7554.4
WESTBROOK,2011,15326905.0,2550019.0,965.39
WESTON,2011,48587207.0,4602203.0,2530.77
WESTPORT,2011,108169179.0,4500989.0,5738.91
NORFOLK,2010,4117544.0,836224.0,252.58
NORTH BRANFORD,2010,30387476.0,10535580.0,2432.91
NORTH CANAAN,2010,7902846.0,3087488.0,455.4
NORTH HAVEN,2010,45524362.0,8802832.0,3736.64
NORTH STONINGTON,2010,11909344.0,5581009.0,815.53
NORWALK,2010,161411159.0,29162693.0,10941.9
NORWICH,2010,66152000.0,37742000.0,5451.35
OLD LYME,2010,22467474.0,835405.0,1210.39
OLD SAYBROOK,2010,22057089.0,2689870.0,1600.8
ORANGE,2010,37809305.0,3132553.0,2516.46
OXFORD,2010,26207478.0,7927245.0,2238.54
PLAINFIELD,2010,35255529.0,20974487.0,2572.9
PLAINVILLE,2010,35029994.0,15180918.0,2552.01
PLYMOUTH,2010,24102428.0,13272340.0,1943.43
POMFRET,2010,9835342.0,4381438.0,771.55
PORTLAND,2010,18604782.0,6118870.0,1471.33
PRESTON,2010,10865208.0,5132122.0,660.77
PROSPECT,2010,19824076.0,5614624.0,1573.36
PUTNAM,2010,16450589.0,9510876.0,1240.37
REDDING,2010,32678942.0,2805735.0,1752.41
RIDGEFIELD,2010,82939471.0,9482874.0,5477.44
ROCKY HILL,2010,30266724.0,7203662.0,2673.53
ROXBURY,2010,6082441.0,156248.0,292.55
SALEM,2010,9988643.0,3918843.0,765.91
SALISBURY,2010,7823633.0,732634.0,405.01
SCOTLAND,2010,3850301.0,1684470.0,247.88
SEYMOUR,2010,28397600.0,10663686.0,2522.65
SHARON,2010,6469252.0,475829.0,293.35
SHELTON,2010,68185134.0,12807618.0,5548.08
SHERMAN,2010,8649866.0,1121395.0,631.67
SIMSBURY,2010,65728909.0,11542687.0,4926.32
SOMERS,2010,19932606.0,10820107.0,1634.39
SOUTH WINDSOR,2010,65415184.0,19905819.0,4792.31
SOUTHBURY,2010,40624032.0,2959153.0,3207.65
SOUTHINGTON,2010,83561000.0,29406000.0,6826.46
SPRAGUE,2010,5812415.0,3549818.0,444.22
STAFFORD,2010,24727419.0,12300548.0,1877.73
STAMFORD,2010,244611342.0,36958336.0,14966.3
STERLING,2010,8144070.0,3918983.0,667.0
STONINGTON,2010,33500347.0,4781731.0,2565.73
STRATFORD,2010,93610201.0,32138236.0,7542.96
SUFFIELD,2010,31917228.0,13067296.0,2440.64
THOMASTON,2010,13933975.0,6811715.0,1286.29
THOMPSON,2010,17195096.0,9771433.0,1342.79
TOLLAND,2010,35747088.0,13731950.0,3244.6
TORRINGTON,2010,67508518.0,35269134.0,4784.74
TRUMBULL,2010,92778603.0,12774601.0,6856.73
UNION,2010,1569906.0,501564.0,111.19
VERNON,2010,49302826.0,23875558.0,3738.02
VOLUNTOWN,2010,5976499.0,3025042.0,413.64
WALLINGFORD,2010,89377000.0,31491000.0,6737.62
WARREN,2010,2706523.0,130698.0,176.01
WASHINGTON,2010,9135602.0,295753.0,426.67
WATERBURY,2010,169827000.0,155303000.0,17623.54
WATERFORD,2010,44312500.0,6471154.0,3241.03
WATERTOWN,2010,38016801.0,17406285.0,3262.8
WEST HARTFORD,2010,131068000.0,28491000.0,10315.31
WEST HAVEN,2010,88027025.0,56437139.0,7419.41
WESTBROOK,2010,14639635.0,2684738.0,990.06
WESTON,2010,46822322.0,4228009.0,2558.96
WESTPORT,2010,102371249.0,3432537.0,5704.45
WETHERSFIELD,2010,54093101.0,14093177.0,3945.63
WILLINGTON,2010,11643506.0,4164989.0,824.09
WILTON,2010,75499566.0,8650886.0,4360.57
WINCHESTER,2010,20374906.0,9853477.0,1417.66
WINDHAM,2010,41047613.0,31010000.0,3389.59
WINDSOR,2010,63097716.0,19483098.0,4271.85
WINDSOR LOCKS,2010,29433589.0,14162353.0,1916.58
WOLCOTT,2010,32891047.0,16944344.0,3027.17
WOODBRIDGE,2010,25751808.0,1859771.0,1537.87
WOODBURY,2010,19655602.0,1106175.0,1413.73
WOODSTOCK,2010,16248453.0,7356429.0,1385.9
COLEBROOK,2011,3801654.0,987607.0,253.2
COLUMBIA,2011,11232034.0,3600505.0,766.3
CORNWALL,2011,4042208.0,530071.0,169.3
COVENTRY,2011,25860037.0,10795520.0,1927.34
CROMWELL,2011,26568344.0,6066793.0,2019.6
DANBURY,2011,121036352.0,41012958.0,10482.72
DARIEN,2011,80795051.0,11556311.0,4848.08
DEEP RIVER,2011,9820587.0,2492650.0,653.4
DERBY,2011,20527006.0,11958531.0,1590.32
DURHAM,2011,20209379.0,3885041.0,1350.69
EAST GRANBY,2011,12993868.0,2619515.0,923.78
EAST HADDAM,2011,19343860.0,6087634.0,1371.28
EAST HAMPTON,2011,28545580.0,11369957.0,2004.01
EAST HARTFORD,2011,89434000.0,51565000.0,8027.42
EAST HAVEN,2011,43749500.0,22486788.0,3774.85
EAST LYME,2011,43090693.0,11012922.0,2878.75
EAST WINDSOR,2011,20522588.0,7273015.0,1396.21
EASTFORD,2011,3819029.0,1557126.0,245.93
EASTON,2011,25665283.0,2233793.0,1553.24
ELLINGTON,2011,32365108.0,13593091.0,2732.43
ENFIELD,2011,70698000.0,40876000.0,6051.6
WOODBURY,2011,19655602.0,1157274.0,1385.71
WOODSTOCK,2011,16265285.0,7088491.0,1383.76
ANDOVER,2011,8009858.0,2431822.0,636.48
ANSONIA,2011,31895845.0,27166329.0,2795.42
ASHFORD,2011,11069550.0,4903431.0,701.78
AVON,2011,46977726.0,5710137.0,3585.43
BARKHAMSTED,2011,8512747.0,2040073.0,660.1
BEACON FALLS,2011,12593791.0,3766748.0,1021.25
BERLIN,2011,42974081.0,11406083.0,3166.44
BETHANY,2011,15340874.0,3064837.0,1014.45
BETHEL,2011,39878864.0,11415189.0,2953.22
BETHLEHEM,2011,6740813.0,1338174.0,486.38
BLOOMFIELD,2011,40609912.0,9952846.0,2407.11
BOLTON,2011,13011924.0,4471055.0,829.15
BOZRAH,2011,5546367.0,2099995.0,356.91
BRANFORD,2011,52066037.0,8014335.0,3488.31
BRIDGEPORT,2011,229559379.0,207535677.0,20949.07
BRIDGEWATER,2011,4931622.0,188704.0,223.94
BRISTOL,2011,96785000.0,60526000.0,8760.049999999997
BROOKFIELD,2011,38063564.0,5030421.0,2939.81
BROOKLYN,2011,16379323.0,9114146.0,1285.65
BURLINGTON,2011,22244019.0,4924138.0,1852.22
CANAAN,2011,2853093.0,603521.0,139.99
CANTERBURY,2011,11230443.0,6051232.0,712.94
CANTON,2011,24063033.0,5531930.0,1811.36
CHAPLIN,2011,5774865.0,2661287.0,288.58
CHESHIRE,2011,65036092.0,21973811.0,4792.48
CHESTER,2011,9022134.0,1205690.0,556.14
CLINTON,2011,32137637.0,10133578.0,2083.21
COLCHESTER,2011,36998747.0,16821153.0,3135.15
ESSEX,2011,14686263.0,1203424.0,992.68
FAIRFIELD,2011,152992000.0,20841000.0,10211.77
FARMINGTON,2011,55572545.0,10574352.0,4127.78
FRANKLIN,2011,4190396.0,1568330.0,306.1600000000001
GLASTONBURY,2011,95347354.0,16292391.0,6976.34
GOSHEN,2011,7000608.0,367060.0,423.71
GRANBY,2011,28128240.0,9057889.0,2205.55
GREENWICH,2011,142077135.0,22432009.0,8720.48
GRISWOLD,2011,26324931.0,13450251.0,1869.25
GROTON,2011,78536129.0,42525983.0,5175.28
GROTON (City of),2011,0.0,164638.0,
GUILFORD,2011,54070201.0,8337831.0,3706.17
HADDAM,2011,19463675.0,2002255.0,1351.76
HAMDEN,2011,85075902.0,44696470.0,6941.44
HAMPTON,2011,4105540.0,1761370.0,205.49
HARTFORD,2011,304370000.0,272915000.0,20984.82
HARTLAND,2011,4371558.0,1677101.0,319.04
HARWINTON,2011,11020375.0,2949577.0,918.19
HEBRON,2011,26052515.0,8184027.0,2122.78
KENT,2011,6345040.0,868557.0,356.95
KILLINGLY,2011,36148345.0,18514143.0,2591.3
KILLINGWORTH,2011,16134904.0,2353509.0,1142.24
LEBANON,2011,18947268.0,7575467.0,1258.0
LEDYARD,2011,30952093.0,17568699.0,2538.26
LISBON,2011,9285039.0,4200991.0,713.7
LITCHFIELD,2011,17177000.0,2846000.0,1203.87
LYME,2011,5895593.0,358166.0,309.25
MADISON,2011,51565751.0,6871183.0,3681.08
MANCHESTER,2011,102847000.0,39487000.0,7502.96
MANSFIELD,2011,30739549.0,17875797.0,1975.67
MARLBOROUGH,2011,14575527.0,3973599.0,1229.45
MERIDEN,2011,101978309.0,62681718.0,9203.28
MIDDLEBURY,2011,17927638.0,951269.0,1375.29
MIDDLEFIELD,2011,10837057.0,2103521.0,707.44
MIDDLETOWN,2011,73414000.0,31675000.0,5385.36
MILFORD,2011,109306000.0,22384000.0,7024.29
MONROE,2011,55364249.0,11739302.0,3799.82
MONTVILLE,2011,39300580.0,20724108.0,2756.17
MORRIS,2011,5762292.0,732109.0,352.17
NAUGATUCK,2011,55962948.0,31580238.0,4854.68
NEW BRITAIN,2011,118812000.0,92313000.0,10871.04
NEW CANAAN,2011,77196076.0,7694430.0,4175.21
NEW FAIRFIELD,2011,32264595.0,8392917.0,2869.0
NEW HARTFORD,2011,16105201.0,5898852.0,1129.6
NEW HAVEN,2011,193103792.0,227634807.0,17720.41
NEW LONDON,2011,39588608.0,35205329.0,3555.19
NEW MILFORD,2011,63361649.0,21043666.0,4649.16
NEWINGTON,2011,64499000.0,22272000.0,4500.94
NEWTOWN,2011,72045166.0,12282389.0,5567.79
NORFOLK,2011,4414170.0,911307.0,246.98
NORTH BRANFORD,2011,30843547.0,10622684.0,2360.13
NORTH CANAAN,2011,8183328.0,2729132.0,444.05
NORTH HAVEN,2011,47701735.0,8729212.0,3635.3
NORTH STONINGTON,2011,11853078.0,5723802.0,813.32
NORWALK,2011,164604885.0,30083768.0,11158.74
NORWICH,2011,67160000.0,38103000.0,5396.19
WETHERSFIELD,2011,54344069.0,14296441.0,3930.27
WILLINGTON,2011,12108577.0,4652039.0,799.23
WILTON,2011,74243675.0,8951916.0,4331.64
WINCHESTER,2011,20951073.0,10019954.0,1372.1
WINDHAM,2011,41599963.0,30986301.0,3339.75
WINDSOR,2011,64675805.0,19819257.0,4153.88
WINDSOR LOCKS,2011,29185597.0,14469734.0,1889.86
WOLCOTT,2011,32768203.0,17156857.0,2979.94
WOODBRIDGE,2011,25758313.0,1953014.0,1511.22
