City,report_year,FTE Count,has_nulls,Education spending,Inter_Gov_Rev,Enrollment
ANDOVER,2007,60.9,True,7507964.0,2438728.0,645.4
ANDOVER,2008,57.99999999999999,True,8829049.0,3810247.0,642.14
ANDOVER,2009,59.39999999999999,True,8056856.0,2720551.0,641.76
ANDOVER,2010,59.99999999999999,True,7844581.0,2378006.0,631.35
ANDOVER,2011,59.7,True,8009858.0,2431822.0,636.48
ANDOVER,2012,57.6,True,8408601.0,2835725.0,608.16
ANDOVER,2013,56.6,True,8562868.0,2930349.0,588.63
ANDOVER,2014,56.6,True,8800679.0,2979697.0,569.02
ANDOVER,2015,52.1,True,8576809.0,3019532.0,535.65
ANDOVER,2016,54.3,True,8780455.0,2961909.0,502.26
ANSONIA,2007,489.8,False,29660930.0,24511137.0,2831.14
ANSONIA,2008,391.9,False,38418010.0,32920804.0,2867.43
ANSONIA,2009,404.5,False,31520992.0,26302924.0,2854.78
ANSONIA,2010,373.2,False,32282747.0,26465983.0,2867.97
ANSONIA,2011,399.6,False,31895845.0,27166329.0,2795.42
ANSONIA,2012,389.6,False,33764768.0,26864426.0,2710.56
ANSONIA,2013,376.7,False,34124712.0,29957368.0,2628.64
ANSONIA,2014,391.7,False,35784832.0,28229568.0,2528.6
ANSONIA,2015,347.2,False,37029834.0,27853347.0,2585.1
ANSONIA,2016,353.5,False,38507977.0,29372130.0,2524.46
ASHFORD,2007,93.9,True,9971001.0,4629417.0,759.63
ASHFORD,2008,95.8,True,11716666.0,6761186.0,710.79
ASHFORD,2009,97.0,True,10816718.0,5027254.0,695.89
ASHFORD,2010,97.4,True,10885166.0,5101308.0,696.74
ASHFORD,2011,96.2,True,11069550.0,4903431.0,701.78
ASHFORD,2012,96.79999999999998,True,11084777.0,5120557.0,702.71
ASHFORD,2013,92.4,True,11250309.0,4953913.0,642.8
ASHFORD,2014,91.5,True,11758559.0,5109447.0,615.78
ASHFORD,2015,95.8,True,11771983.0,5028901.0,597.72
ASHFORD,2016,96.9,True,11825590.0,4985298.0,562.82
AVON,2007,458.6,False,38966040.0,4265347.0,3511.67
AVON,2008,465.6,False,54645090.0,18352155.0,3596.56
AVON,2009,506.8,False,44212809.0,5662776.0,3573.81
AVON,2010,498.80000000000007,False,45144616.0,5477312.0,3616.52
AVON,2011,516.0,False,46977726.0,5710137.0,3585.43
AVON,2012,533.0,False,51292289.0,10519982.0,3538.0
AVON,2013,527.3000000000002,False,53396764.0,8450231.0,3472.15
AVON,2014,507.9,False,56632683.0,10344758.0,3420.67
AVON,2015,510.50000000000006,False,58148061.0,9442455.0,3325.72
AVON,2016,509.3,False,59484885.0,9949386.0,3292.45
BARKHAMSTED,2007,55.7,False,7767269.0,1718189.0,666.72
BARKHAMSTED,2008,56.10000000000001,True,8995197.0,2988431.0,656.94
BARKHAMSTED,2009,56.0,False,8371378.0,2144721.0,676.46
BARKHAMSTED,2010,54.29999999999999,False,8464826.0,2045723.0,671.83
BARKHAMSTED,2011,58.0,False,8512747.0,2040073.0,660.1
BARKHAMSTED,2012,55.0,False,8597998.0,2118537.0,650.16
BARKHAMSTED,2013,53.6,False,8852107.0,2215545.0,648.78
BARKHAMSTED,2014,53.8,False,9363120.0,2207868.0,602.4500000000003
BARKHAMSTED,2015,55.7,True,9432399.0,2206661.0,584.68
BARKHAMSTED,2016,58.5,True,9502969.0,2190046.0,564.73
BERLIN,2007,482.00000000000006,False,37095815.0,9291106.0,3322.87
BERLIN,2008,472.9,False,50558499.0,22335205.0,3313.32
BERLIN,2009,485.2,False,41651157.0,11668616.0,3266.73
BERLIN,2010,484.6,False,42342339.0,11239269.0,3219.34
BERLIN,2011,469.4,False,42974081.0,11406083.0,3166.44
BERLIN,2012,489.2000000000001,False,45044221.0,13319574.0,3078.92
BERLIN,2013,491.30000000000007,False,46108451.0,12927657.0,3050.82
BERLIN,2014,475.80000000000007,False,48175177.0,13429655.0,3063.18
BERLIN,2015,487.2,False,47885291.0,12386029.0,3024.11
BERLIN,2016,483.8,False,49476881.0,13312658.0,2938.43
BETHANY,2007,97.3,True,13332507.0,2146915.0,1078.67
BETHANY,2008,94.70000000000002,True,14630594.0,2873616.0,1087.84
BETHANY,2009,96.0,True,15045677.0,3183514.0,1074.55
BETHANY,2010,98.7,True,15467143.0,3281826.0,1039.59
BETHANY,2011,92.0,True,15340874.0,3064837.0,1014.45
BETHANY,2012,90.0,True,15411290.0,3233000.0,973.53
BETHANY,2013,92.2,True,15599595.0,3437582.0,943.59
BETHANY,2014,89.89999999999998,True,15923151.0,3467034.0,914.19
BETHANY,2015,79.69999999999997,False,16405008.0,3301310.0,884.97
BETHANY,2016,77.89999999999998,False,16698230.0,3424720.0,840.69
BETHEL,2007,462.69999999999993,False,36050621.0,10468243.0,3231.5
BETHEL,2008,469.7,False,46027926.0,19369857.0,3158.07
BETHEL,2009,475.6,False,39762463.0,12650886.0,3102.17
BETHEL,2010,475.2000000000001,False,38917838.0,11350228.0,3061.31
BETHEL,2011,475.4,False,39878864.0,11415189.0,2953.22
BETHEL,2012,467.7,False,42185635.0,13030608.0,2962.34
BETHEL,2013,465.0,False,44246629.0,13396122.0,2962.07
BETHEL,2014,467.4,False,46384500.0,14565184.0,2946.04
BETHEL,2015,456.6,False,46517348.0,13385789.0,2879.53
BETHEL,2016,459.2000000000001,False,48105825.0,13962715.0,2930.31
BLOOMFIELD,2007,493.8,False,36494139.0,9118469.0,2700.61
BLOOMFIELD,2008,489.4,False,45243647.0,16966207.0,2628.6
BLOOMFIELD,2009,494.3,False,40453351.0,11248024.0,2556.5
BLOOMFIELD,2010,526.0,False,40445920.0,10277496.0,2529.41
BLOOMFIELD,2011,489.3,False,40609912.0,9952846.0,2407.11
BLOOMFIELD,2012,490.00000000000006,False,41407469.0,12018377.0,2374.3
BLOOMFIELD,2013,467.5,False,40980883.0,14348379.0,2260.5
BLOOMFIELD,2014,483.0,False,42708097.0,11640999.0,2186.57
BLOOMFIELD,2015,472.3,False,42712016.0,10539585.0,2244.11
BLOOMFIELD,2016,451.2,False,43740001.0,11091620.0,2238.29
BOLTON,2007,160.7,False,11395676.0,4053413.0,921.26
BOLTON,2008,164.6,False,15385286.0,7724870.0,868.56
BOLTON,2009,164.6,False,12675559.0,4585666.0,843.82
BOLTON,2010,162.4,False,12866459.0,4500629.0,839.24
BOLTON,2011,155.9,False,13011924.0,4471055.0,829.15
BOLTON,2012,160.89999999999995,False,13711064.0,4994535.0,828.2899999999997
BOLTON,2013,165.2,False,14080200.0,4855814.0,815.35
BOLTON,2014,163.39999999999995,False,14500226.0,4830217.0,803.26
BOLTON,2015,165.1,False,14768355.0,4981416.0,778.58
BOLTON,2016,161.39999999999995,False,14696498.0,4897507.0,759.1799999999997
BOZRAH,2007,53.8,True,4439958.0,2273793.0,391.13
BOZRAH,2008,50.8,True,4998002.0,2072796.0,391.58
BOZRAH,2009,44.5,True,5320790.0,2255572.0,391.67
BOZRAH,2010,46.9,True,5370163.0,1990901.0,387.81
BOZRAH,2011,44.2,True,5546367.0,2099995.0,356.91
BOZRAH,2012,42.7,True,5548197.0,2190134.0,349.75
BOZRAH,2013,45.4,True,5670995.0,2082116.0,342.71
BOZRAH,2014,47.7,True,5831304.0,2368562.0,345.04
BOZRAH,2015,45.2,True,5857043.0,2091938.0,313.89
BOZRAH,2016,45.7,True,5925910.0,2217063.0,307.7
BRANFORD,2007,564.4,False,45013856.0,6989557.0,3650.43
BRANFORD,2008,568.3,False,60571587.0,21920852.0,3536.5
BRANFORD,2009,578.8,False,49602424.0,8247139.0,3536.87
BRANFORD,2010,583.0,False,50550551.0,7974118.0,3581.27
BRANFORD,2011,565.8000000000002,False,52066037.0,8014335.0,3488.31
BRANFORD,2012,567.6,False,54721423.0,9720290.0,3393.42
BRANFORD,2013,572.3000000000002,False,56100841.0,9900481.0,3353.78
BRANFORD,2014,670.6,False,57742288.0,10244386.0,3315.73
BRANFORD,2015,700.5999999999998,False,57416360.0,8421875.0,3183.23
BRANFORD,2016,296.7,True,59226125.0,8854178.0,3121.52
BRIDGEPORT,2007,2854.1,False,211764417.0,203566550.0,22224.65
BRIDGEPORT,2008,2910.5,False,218222813.0,209554648.0,21801.84
BRIDGEPORT,2009,2977.8,False,222867074.0,214369477.0,21288.93
BRIDGEPORT,2010,3011.3,False,205130582.0,185155817.0,21022.7
BRIDGEPORT,2011,2980.2000000000007,False,229559379.0,207535677.0,20949.07
BRIDGEPORT,2012,2883.5,False,259297544.0,231508096.0,20870.82
BRIDGEPORT,2013,2811.100000000001,False,261470234.0,234019361.0,20484.53
BRIDGEPORT,2014,2864.0,False,267927607.0,240139304.0,21008.02
BRIDGEPORT,2015,2968.9999999999995,False,264104051.0,232665443.0,21095.81
BRIDGEPORT,2016,3157.9,False,273774169.0,234246831.0,20945.51
BRISTOL,2007,1247.1,False,87131000.0,53364000.0,9121.540000000005
BRISTOL,2008,1258.2,False,121810000.0,90193000.0,9040.16
BRISTOL,2009,1244.5,False,96364000.0,62075000.0,8913.78
BRISTOL,2010,1238.3,False,95615000.0,60286000.0,8783.64
BRISTOL,2011,1218.6,False,96785000.0,60526000.0,8760.049999999997
BRISTOL,2012,1213.8000000000004,False,100448000.0,66772000.0,8636.53
BRISTOL,2013,1195.7,False,98435000.0,64542000.0,8503.36
BRISTOL,2014,1188.8,False,102684000.0,64980000.0,8490.99
BRISTOL,2015,1230.2,False,104561451.0,67491132.0,8452.27
BRISTOL,2016,1228.4,False,105974983.0,65965354.0,8392.78
BROOKFIELD,2007,445.5,False,34316860.0,4221621.0,3066.44
BROOKFIELD,2008,443.6,False,45501772.0,14915372.0,2991.2
BROOKFIELD,2009,435.8,False,37278699.0,5740069.0,3029.69
BROOKFIELD,2010,374.7000000000001,False,36461447.0,4975659.0,2988.01
BROOKFIELD,2011,433.9,False,38063564.0,5030421.0,2939.81
BROOKFIELD,2012,436.0,False,39846302.0,6795024.0,2904.83
BROOKFIELD,2013,434.5,False,41347563.0,6510324.0,2836.39
BROOKFIELD,2014,432.3,False,42881832.0,7044108.0,2826.29
BROOKFIELD,2015,430.4,False,43046911.0,6750156.0,2756.13
BROOKFIELD,2016,428.6,False,44101873.0,6560717.0,2731.36
BROOKLYN,2007,151.1,False,14303377.0,7697320.0,1373.55
BROOKLYN,2008,147.4,False,15351712.0,8395352.0,1349.13
BROOKLYN,2009,157.1,False,16034423.0,8623293.0,1314.52
BROOKLYN,2010,152.50000000000003,False,16296384.0,8629250.0,1312.93
BROOKLYN,2011,142.70000000000005,False,16379323.0,9114146.0,1285.65
BROOKLYN,2012,99.9,False,16973810.0,9690564.0,1264.51
BROOKLYN,2013,125.0,False,17370720.0,9758964.0,1260.76
BROOKLYN,2014,168.0,False,18141251.0,9903495.0,1239.0
BROOKLYN,2015,175.7,False,18539569.0,9729067.0,1205.71
BROOKLYN,2016,76.10000000000002,True,17955158.0,8359463.0,1225.4
CANAAN,2007,59.90000000000001,True,2964982.0,662654.0,150.95
CANAAN,2008,59.7,False,3296366.0,1116548.0,144.31
CANAAN,2009,56.8,True,2718795.0,595087.0,130.5
CANAAN,2010,59.5,False,2787951.0,584938.0,136.1
CANAAN,2011,58.5,False,2853093.0,603521.0,139.99
CANAAN,2012,57.5,False,3215901.0,688386.0,141.0
CANAAN,2013,57.99999999999999,False,3244772.0,687482.0,117.4
CANAAN,2014,59.2,False,3040647.0,802830.0,114.88
CANAAN,2015,56.99999999999999,True,3216778.0,860748.0,111.1
CANAAN,2016,58.1,True,3111571.0,852229.0,111.45
CANTERBURY,2007,116.2,True,10486071.0,6042062.0,825.0
CANTERBURY,2008,108.0,True,12877890.0,8136662.0,829.91
CANTERBURY,2009,106.9,True,11115591.0,6521505.0,824.7
CANTERBURY,2010,104.5,True,11317718.0,6034454.0,770.26
CANTERBURY,2011,109.2,True,11230443.0,6051232.0,712.94
CANTERBURY,2012,106.0,True,11472655.0,6286761.0,720.98
CANTERBURY,2013,107.8,True,12149799.0,6686359.0,703.89
CANTERBURY,2014,106.4,True,12162679.0,6600658.0,659.64
CANTERBURY,2015,85.8,True,12296025.0,6430703.0,655.62
CANTERBURY,2016,111.0,True,12129756.0,6097579.0,648.58
CHAPLIN,2007,47.60000000000001,True,5366747.0,2627308.0,350.37
CHAPLIN,2008,44.3,True,5602595.0,2658993.0,342.26
CHAPLIN,2009,47.0,True,5908056.0,2773117.0,314.11
CHAPLIN,2010,45.7,True,5945322.0,2722137.0,290.45
CHAPLIN,2011,42.6,True,5774865.0,2661287.0,288.58
CHAPLIN,2012,42.6,True,5626443.0,2646028.0,301.79
CHAPLIN,2013,41.1,True,5931939.0,2611637.0,298.57
CHAPLIN,2014,41.1,True,6101752.0,2725419.0,303.73
CHAPLIN,2015,42.5,True,6331588.0,2854128.0,291.74
CHAPLIN,2016,41.2,True,6158721.0,2704394.0,287.63
CHESHIRE,2007,723.5,False,57588979.0,19550029.0,5141.24
CHESHIRE,2008,935.5,False,59146513.0,21637810.0,5096.8
CHESHIRE,2009,737.4000000000002,False,63051443.0,22600186.0,4997.44
CHESHIRE,2010,722.4000000000002,False,63459814.0,20817817.0,4943.37
CHESHIRE,2011,724.0000000000001,False,65036092.0,21973811.0,4792.48
CHESHIRE,2012,722.7,False,67408514.0,23993678.0,4784.84
CHESHIRE,2013,730.9,False,68815590.0,23677909.0,4654.92
CHESHIRE,2014,747.5999999999998,False,71369932.0,24543872.0,4601.12
CHESHIRE,2015,758.0,False,74575158.0,25852837.0,4527.79
CHESHIRE,2016,776.1,False,75896046.0,25313541.0,4401.39
CLINTON,2007,339.9,False,27684255.0,9340640.0,2130.67
CLINTON,2008,338.4000000000001,False,37475160.0,18180031.0,2124.8
CLINTON,2009,347.3,False,30748842.0,9965372.0,2129.43
CLINTON,2010,344.4,False,31113649.0,10091741.0,2069.22
CLINTON,2011,332.3,False,32137637.0,10133578.0,2083.21
CLINTON,2012,341.4000000000001,False,32273832.0,11674036.0,2057.31
CLINTON,2013,344.49999999999994,False,33124324.0,11389907.0,2034.37
CLINTON,2014,343.69999999999993,False,34066239.0,11757984.0,2016.25
CLINTON,2015,346.40000000000015,False,34191891.0,10931383.0,1957.04
CLINTON,2016,337.50000000000006,False,35148514.0,11393179.0,1862.89
COLCHESTER,2007,533.8000000000002,False,33976567.0,16604214.0,3266.66
COLCHESTER,2008,441.4,False,35822916.0,18442383.0,3264.52
COLCHESTER,2009,459.1,False,36921607.0,18522145.0,3209.93
COLCHESTER,2010,484.4,False,35813628.0,16597510.0,3237.3
COLCHESTER,2011,469.40000000000015,False,36998747.0,16821153.0,3135.15
COLCHESTER,2012,468.1,False,40492902.0,19517186.0,3062.92
COLCHESTER,2013,457.2,False,41828767.0,19347462.0,2949.7
COLCHESTER,2014,459.80000000000007,False,43879506.0,19727811.0,2847.2
COLCHESTER,2015,440.9,False,43909369.0,19483781.0,2766.93
COLCHESTER,2016,440.3,False,44296560.0,19575213.0,2705.29
COLEBROOK,2007,27.6,True,3405853.0,762763.0,256.54
COLEBROOK,2008,27.9,True,4056429.0,1292929.0,263.39
COLEBROOK,2009,28.5,True,3831032.0,884172.0,255.79
COLEBROOK,2010,27.1,True,3754811.0,833648.0,255.02
COLEBROOK,2011,24.6,True,3801654.0,987607.0,253.2
COLEBROOK,2012,25.3,True,3978880.0,959753.0,221.84
COLEBROOK,2013,25.6,True,3719089.0,907870.0,220.85
COLEBROOK,2014,27.8,True,3781634.0,979543.0,216.39
COLEBROOK,2015,24.700000000000006,True,3931647.0,1026933.0,199.91
COLEBROOK,2016,24.0,True,3821541.0,929084.0,195.34
COLUMBIA,2007,116.1,False,11165125.0,3516645.0,917.1
COLUMBIA,2008,116.9,False,14135143.0,6621012.0,855.8
COLUMBIA,2009,112.0,False,11894985.0,4528289.0,847.13
COLUMBIA,2010,105.0,False,11517470.0,4203162.0,785.83
COLUMBIA,2011,99.9,False,11232034.0,3600505.0,766.3
COLUMBIA,2012,93.2,False,11931065.0,4299003.0,737.82
COLUMBIA,2013,89.5,False,12036200.0,4064965.0,722.44
COLUMBIA,2014,85.2,False,12716452.0,4564047.0,705.4400000000003
COLUMBIA,2015,86.2,False,12592285.0,5107112.0,701.12
COLUMBIA,2016,85.89999999999998,False,13317717.0,4737038.0,697.64
CORNWALL,2007,30.3,False,3770035.0,542507.0,201.6
CORNWALL,2008,29.2,False,4411874.0,1217468.0,201.31
CORNWALL,2009,28.3,False,4016396.0,610758.0,186.05
CORNWALL,2010,28.2,False,4082378.0,667164.0,182.19
CORNWALL,2011,30.3,True,4042208.0,530071.0,169.3
CORNWALL,2012,30.0,True,4096802.0,1049616.0,159.88
CORNWALL,2013,30.4,True,4283594.0,1005494.0,152.7
CORNWALL,2014,30.1,True,4268248.0,714591.0,144.15
CORNWALL,2015,28.6,True,4227939.0,606972.0,133.1
CORNWALL,2016,29.2,True,4320167.0,676544.0,128.41
COVENTRY,2007,314.5,True,22712102.0,9893591.0,2115.82
COVENTRY,2008,315.1,False,31080910.0,18003325.0,2074.67
COVENTRY,2009,318.6,False,25815014.0,12365688.0,2024.59
COVENTRY,2010,304.69999999999993,False,25029076.0,10890396.0,1987.86
COVENTRY,2011,288.1,False,25860037.0,10795520.0,1927.34
COVENTRY,2012,305.6,False,27995105.0,12694185.0,1889.13
COVENTRY,2013,304.69999999999993,False,28131806.0,12829292.0,1853.0
COVENTRY,2014,304.9,False,29631593.0,13186656.0,1820.3
COVENTRY,2015,315.5,False,29541973.0,12421409.0,1777.4
COVENTRY,2016,328.6,False,30014124.0,12724221.0,1736.74
CROMWELL,2007,288.0,False,24063006.0,5367574.0,1996.86
CROMWELL,2008,288.4,False,32372132.0,13374918.0,1983.49
CROMWELL,2009,313.5,False,26760282.0,6776783.0,2009.77
CROMWELL,2010,334.8,False,26596305.0,6033567.0,2050.33
CROMWELL,2011,320.4,False,26568344.0,6066793.0,2019.6
CROMWELL,2012,336.9,False,28116330.0,7379711.0,2034.61
CROMWELL,2013,336.3,False,28339843.0,7538023.0,2044.45
CROMWELL,2014,333.9000000000001,False,29649940.0,7973832.0,2061.85
CROMWELL,2015,333.2,False,30610852.0,8336950.0,2099.62
CROMWELL,2016,331.8,False,31204449.0,7919803.0,2104.38
DANBURY,2007,1417.4,False,107317345.0,36546992.0,9884.65
DANBURY,2008,1433.6999999999996,False,114914158.0,42719455.0,9964.78
DANBURY,2009,1432.6,False,121411300.0,43575163.0,10132.82
DANBURY,2010,1437.5,False,117631730.0,40879804.0,10255.04
DANBURY,2011,1458.1,False,121036352.0,41012958.0,10482.72
DANBURY,2012,1412.3000000000004,False,129949781.0,47293595.0,10615.37
DANBURY,2013,1443.4000000000005,False,130444875.0,45650430.0,10727.08
DANBURY,2014,1536.9,False,135882098.0,46161761.0,10577.42
DANBURY,2015,1613.4,False,141957467.0,48767079.0,10686.85
DANBURY,2016,1634.4,False,144825555.0,47213313.0,10870.82
DARIEN,2007,727.7,False,64441577.0,8088165.0,4608.99
DARIEN,2008,736.6,False,89629028.0,29590967.0,4665.16
DARIEN,2009,745.2,False,74728039.0,10883824.0,4714.62
DARIEN,2010,744.6,False,76971943.0,10282461.0,4794.63
DARIEN,2011,740.6000000000001,False,80795051.0,11556311.0,4848.08
DARIEN,2012,729.6999999999998,False,86509642.0,13207295.0,4834.92
DARIEN,2013,727.5,False,90216733.0,13371459.0,4874.42
DARIEN,2014,784.4000000000002,False,96322274.0,14737968.0,4930.9
DARIEN,2015,798.3000000000002,False,99103639.0,13420590.0,4917.96
DARIEN,2016,826.6999999999998,False,102402057.0,14386285.0,4859.94
DEEP RIVER,2007,221.90000000000003,False,9087372.0,1995851.0,694.14
DEEP RIVER,2008,214.50000000000009,False,10083786.0,2853312.0,689.53
DEEP RIVER,2009,214.1,False,9898159.0,2524631.0,661.47
DEEP RIVER,2010,209.6,False,9469760.0,2191144.0,654.64
DEEP RIVER,2011,211.1,False,9820587.0,2492650.0,653.4
DEEP RIVER,2012,212.3,False,10717646.0,2928640.0,648.0
DEEP RIVER,2013,209.4,False,10720924.0,3307898.0,656.0
DEEP RIVER,2014,207.5,False,11206997.0,2740359.0,644.6
DEEP RIVER,2015,200.9,False,11549813.0,2819743.0,637.6
DEEP RIVER,2016,196.2,False,11812374.0,2987550.0,624.4
DERBY,2007,216.7,False,17635611.0,11443333.0,1560.34
DERBY,2008,234.0,False,23663301.0,17123121.0,1553.87
DERBY,2009,222.5,False,19873813.0,12310056.0,1568.98
DERBY,2010,213.1,True,20036381.0,12218692.0,1580.69
DERBY,2011,222.4,True,20527006.0,11958531.0,1590.32
DERBY,2012,220.7,True,18898160.0,11842416.0,1572.45
DERBY,2013,225.2,False,19314326.0,13667576.0,1613.19
DERBY,2014,248.1,False,20697007.0,13542428.0,1632.89
DERBY,2015,256.29999999999995,False,22108184.0,14130654.0,1587.76
DERBY,2016,261.8,True,23611655.0,15541595.0,1544.6
EAST GRANBY,2007,147.1,False,11079224.0,2281403.0,938.26
EAST GRANBY,2008,151.50000000000003,False,11887509.0,2764573.0,923.89
EAST GRANBY,2009,149.9,False,12449844.0,2779190.0,906.36
EAST GRANBY,2010,150.79999999999995,False,12761001.0,2402943.0,939.07
EAST GRANBY,2011,160.4,False,12993868.0,2619515.0,923.78
EAST GRANBY,2012,160.4,False,13237128.0,2825510.0,890.4
EAST GRANBY,2013,160.4,False,13829200.0,2895160.0,901.36
EAST GRANBY,2014,157.9,False,14282030.0,2864532.0,921.4
EAST GRANBY,2015,160.2,False,15013695.0,2977079.0,923.01
EAST GRANBY,2016,170.3,False,15333060.0,2989198.0,906.8
EAST HAMPTON,2007,310.6,False,23441786.0,9993098.0,2112.58
EAST HAMPTON,2008,323.8,False,32650534.0,18124172.0,2085.2
EAST HAMPTON,2009,343.9,False,27066537.0,11503080.0,2066.07
EAST HAMPTON,2010,336.4,False,27509315.0,11353306.0,2040.47
EAST HAMPTON,2011,338.8,False,28545580.0,11369957.0,2004.01
EAST HAMPTON,2012,330.3,False,29238599.0,11601455.0,1996.51
EAST HAMPTON,2013,321.0,False,29894213.0,11747385.0,1970.9
EAST HAMPTON,2014,320.6,False,31395954.0,12505757.0,1987.41
EAST HAMPTON,2015,308.0,False,31336281.0,11634584.0,1942.04
EAST HAMPTON,2016,298.9,False,31881405.0,11433052.0,1984.02
EAST HARTFORD,2007,1232.9,False,84427000.0,48844000.0,8356.85
EAST HARTFORD,2008,1241.0,False,114773000.0,79733000.0,8062.01
EAST HARTFORD,2009,1270.1,False,92242000.0,57601000.0,7917.59
EAST HARTFORD,2010,1226.1,False,84284000.0,51585000.0,8009.39
EAST HARTFORD,2011,1240.2,False,89434000.0,51565000.0,8027.42
EAST HARTFORD,2012,1243.5000000000002,False,97696000.0,60641000.0,8141.51
EAST HARTFORD,2013,1253.9,False,100759000.0,59947000.0,8035.22
EAST HARTFORD,2014,1271.5000000000002,False,107307000.0,63834000.0,8165.149999999998
EAST HARTFORD,2015,1349.5,False,103700000.0,64424000.0,8160.66
EAST HARTFORD,2016,1356.9,False,106475000.0,66149000.0,8092.09
EAST HAVEN,2007,570.8,False,42210468.0,23552235.0,3932.63
EAST HAVEN,2008,561.9,False,52792124.0,33042178.0,3888.36
EAST HAVEN,2009,564.3,False,47501312.0,26567280.0,3810.03
EAST HAVEN,2010,557.9,False,44137267.0,22884200.0,3803.24
EAST HAVEN,2011,500.4,False,43749500.0,22486788.0,3774.85
EAST HAVEN,2012,479.80000000000007,False,48339563.0,26415418.0,3674.27
EAST HAVEN,2013,457.0,False,48455006.0,26362443.0,3641.21
EAST HAVEN,2014,497.4,False,50428317.0,26530783.0,3476.63
EAST HAVEN,2015,543.3,False,50447708.0,25756092.0,3375.94
EAST HAVEN,2016,515.8,False,52743757.0,26073319.0,3414.38
EAST LYME,2007,535.1999999999998,False,38111914.0,10439767.0,2992.91
EAST LYME,2008,523.1,False,40271673.0,11736954.0,3026.43
EAST LYME,2009,500.9,False,42299028.0,12748779.0,2934.53
EAST LYME,2010,525.0,False,41427641.0,11178281.0,2878.61
EAST LYME,2011,571.5,False,43090693.0,11012922.0,2878.75
EAST LYME,2012,523.8999999999999,False,45459821.0,13081658.0,2784.26
EAST LYME,2013,524.5999999999998,False,46632038.0,13148147.0,2735.37
EAST LYME,2014,538.5,False,48126767.0,14329374.0,2690.14
EAST LYME,2015,564.9,False,49709355.0,14231113.0,2648.39
EAST LYME,2016,554.5999999999998,False,50487799.0,14377198.0,2615.95
EAST WINDSOR,2007,231.9,False,17052072.0,6984588.0,1613.36
EAST WINDSOR,2008,231.50000000000003,False,23401901.0,12388137.0,1560.67
EAST WINDSOR,2009,240.1,False,20760869.0,8607535.0,1525.81
EAST WINDSOR,2010,193.9,False,19351289.0,7305528.0,1475.86
EAST WINDSOR,2011,225.50000000000003,False,20522588.0,7273015.0,1396.21
EAST WINDSOR,2012,123.2,True,21503161.0,8420974.0,1369.13
EAST WINDSOR,2013,229.7,False,22517698.0,8842174.0,1364.33
EAST WINDSOR,2014,227.0,False,23072375.0,8810002.0,1305.46
EAST WINDSOR,2015,238.0,False,23299723.0,8983491.0,1257.37
EAST WINDSOR,2016,245.0,False,24287205.0,8686073.0,1203.41
EASTFORD,2007,30.8,False,3445577.0,1436166.0,269.87
EASTFORD,2008,31.200000000000006,True,3519454.0,1500622.0,268.55
EASTFORD,2009,33.3,True,3829616.0,1558486.0,266.69
EASTFORD,2010,34.3,True,3745816.0,1630796.0,236.52
EASTFORD,2011,34.40000000000001,True,3819029.0,1557126.0,245.93
EASTFORD,2012,37.5,True,3756017.0,1655934.0,233.92
EASTFORD,2013,35.2,True,3864869.0,1614493.0,217.5
EASTFORD,2014,36.8,True,3854354.0,1691351.0,203.74
EASTFORD,2015,36.2,True,3946713.0,1747378.0,189.21
EASTFORD,2016,35.4,True,3987911.0,1717920.0,178.5
EASTON,2007,364.3,False,21625026.0,1807967.0,1567.88
EASTON,2008,789.1000000000001,False,27632800.0,6195139.0,1602.42
EASTON,2009,394.0,False,24900625.0,2126327.0,1590.04
EASTON,2010,391.1,False,25004081.0,2035401.0,1555.96
EASTON,2011,382.8,False,25665283.0,2233793.0,1553.24
EASTON,2012,522.7,False,26784954.0,2366020.0,1509.12
EASTON,2013,368.69999999999993,False,27263689.0,2596232.0,1478.84
EASTON,2014,382.1,False,27304586.0,3036785.0,1448.78
EASTON,2015,365.6,False,27724507.0,2912452.0,1417.46
EASTON,2016,362.7,True,29448104.0,2808762.0,1393.9
ELLINGTON,2007,374.9,False,27133354.0,11333020.0,2562.39
ELLINGTON,2008,379.4,False,37596600.0,21870263.0,2628.11
ELLINGTON,2009,385.7000000000001,False,30967610.0,13582654.0,2661.79
ELLINGTON,2010,381.8,False,31017970.0,13520745.0,2669.99
ELLINGTON,2011,387.6,False,32365108.0,13593091.0,2732.43
ELLINGTON,2012,404.90000000000015,False,33773953.0,14663268.0,2766.34
ELLINGTON,2013,413.2,False,35342309.0,14706362.0,2788.55
ELLINGTON,2014,415.0,False,37658420.0,15675412.0,2765.82
ELLINGTON,2015,425.9,False,39195495.0,15563229.0,2750.38
ELLINGTON,2016,422.2,False,39371523.0,15048775.0,2732.71
ENFIELD,2007,953.2,False,72357000.0,36650000.0,6584.14
ENFIELD,2008,964.7,False,97560000.0,62303000.0,6437.02
ENFIELD,2009,926.3999999999997,False,73847000.0,37644000.0,6398.82
ENFIELD,2010,927.7,False,65002000.0,36824000.0,6215.03
ENFIELD,2011,811.7999999999997,False,70698000.0,40876000.0,6051.6
ENFIELD,2012,795.0,False,71140000.0,43580000.0,5917.68
ENFIELD,2013,814.6,False,73344000.0,44070000.0,5766.68
ENFIELD,2014,834.8000000000002,False,77039000.0,46613000.0,5597.19
ENFIELD,2015,842.2000000000003,False,73482000.0,44638000.0,5555.28
ENFIELD,2016,830.3,False,75996000.0,45301000.0,5552.78
FAIRFIELD,2007,1554.7999999999995,False,131280000.0,13788000.0,9495.94
FAIRFIELD,2008,1615.9999999999998,False,169304000.0,46542000.0,9768.72
FAIRFIELD,2009,1649.9999999999998,False,151011000.0,20508000.0,9956.92
FAIRFIELD,2010,1648.9,False,151473000.0,20383000.0,10114.33
FAIRFIELD,2011,1684.4,False,152992000.0,20841000.0,10211.77
FAIRFIELD,2012,1669.3,False,161132000.0,24570000.0,10314.03
FAIRFIELD,2013,1672.6,False,166241000.0,26229000.0,10321.89
FAIRFIELD,2014,1673.9,False,171991000.0,29508000.0,10303.84
FAIRFIELD,2015,1660.4,False,171906000.0,25464000.0,10255.04
FAIRFIELD,2016,1706.4,False,180029000.0,26820000.0,10125.97
FARMINGTON,2007,618.0999999999998,False,49756734.0,9524768.0,4231.05
FARMINGTON,2008,621.5000000000001,False,67005030.0,25838504.0,4178.89
FARMINGTON,2009,625.6999999999998,False,52626772.0,11010560.0,4167.67
FARMINGTON,2010,605.3000000000002,False,53821985.0,10452519.0,4143.27
FARMINGTON,2011,607.1999999999998,False,55572545.0,10574352.0,4127.78
FARMINGTON,2012,615.0999999999998,False,59898122.0,11990375.0,4045.25
FARMINGTON,2013,635.9,False,61514220.0,12152086.0,4079.36
FARMINGTON,2014,664.5,False,63908106.0,13512775.0,4033.41
FARMINGTON,2015,690.1999999999998,False,63453677.0,12526132.0,4027.55
FARMINGTON,2016,717.5,False,67188409.0,13153469.0,4048.47
GLASTONBURY,2007,995.4,False,74031222.0,7469242.0,6930.83
GLASTONBURY,2008,1035.7999999999997,False,108065783.0,38838059.0,7023.72
GLASTONBURY,2009,1042.6,False,83715229.0,9546377.0,7020.83
GLASTONBURY,2010,1024.6,False,92864175.0,15767332.0,6999.18
GLASTONBURY,2011,1024.9,False,95347354.0,16292391.0,6976.34
GLASTONBURY,2012,1038.1,False,99561559.0,18403425.0,6825.84
GLASTONBURY,2013,1061.3,False,101617744.0,21437368.0,6752.85
GLASTONBURY,2014,1056.0,False,106599514.0,20916758.0,6581.6
GLASTONBURY,2015,1024.1999999999996,False,107377221.0,18421311.0,6313.02
GLASTONBURY,2016,1062.5000000000002,False,110736179.0,19628137.0,6212.51
GRANBY,2007,366.2,False,25073445.0,7976867.0,2255.01
GRANBY,2008,362.2000000000001,False,34128755.0,16102098.0,2265.61
GRANBY,2009,369.1,False,27848851.0,9715349.0,2204.76
GRANBY,2010,360.3,False,28313332.0,9158803.0,2258.61
GRANBY,2011,367.4,False,28128240.0,9057889.0,2205.55
GRANBY,2012,364.9,False,29506830.0,11210292.0,2147.51
GRANBY,2013,358.9000000000001,False,29454150.0,9891402.0,2074.46
GRANBY,2014,343.4000000000001,False,30638153.0,10814146.0,2023.62
GRANBY,2015,336.6,False,30716490.0,9553843.0,1948.03
GRANBY,2016,337.0,False,31216353.0,10183360.0,1920.62
GREENWICH,2007,1473.6999999999996,False,123286129.0,31223582.0,8950.959999999997
GREENWICH,2008,1494.4,False,172854916.0,79654147.0,8945.129999999997
GREENWICH,2009,1506.3,False,135519709.0,36461092.0,8760.93
GREENWICH,2010,1507.6,False,135277746.0,20301905.0,8712.219999999998
GREENWICH,2011,1523.5,False,142077135.0,22432009.0,8720.48
GREENWICH,2012,1536.8000000000004,False,152486555.0,27425341.0,8715.2
GREENWICH,2013,1515.1,False,155006606.0,26543729.0,8710.319999999998
GREENWICH,2014,1517.0000000000007,False,159830154.0,32376036.0,8660.629999999997
GREENWICH,2015,1533.9,False,164233253.0,32596244.0,8674.36
GREENWICH,2016,1506.9,False,167235645.0,29010055.0,8681.7
GRISWOLD,2007,344.6,False,22792880.0,12973156.0,1978.59
GRISWOLD,2008,349.2000000000001,False,28912467.0,18817209.0,1928.54
GRISWOLD,2009,344.5,False,26080659.0,14974557.0,1941.73
GRISWOLD,2010,350.2,False,26063194.0,14511708.0,1897.24
GRISWOLD,2011,335.49999999999994,False,26324931.0,13450251.0,1869.25
GRISWOLD,2012,344.1,False,26378099.0,14145562.0,1846.13
GRISWOLD,2013,339.1,False,27317952.0,14081308.0,1835.88
GRISWOLD,2014,341.9000000000001,False,28005356.0,14451801.0,1845.23
GRISWOLD,2015,332.4000000000001,False,27669568.0,13849501.0,1776.24
GRISWOLD,2016,351.6,False,28599440.0,14602820.0,1787.02
GUILFORD,2007,578.6,False,46723393.0,7890489.0,3796.5
GUILFORD,2008,584.5000000000001,False,62540034.0,21744756.0,3845.73
GUILFORD,2009,599.5,False,52451290.0,9129571.0,3789.26
GUILFORD,2010,604.0,False,52600881.0,8425393.0,3733.58
GUILFORD,2011,591.8,False,54070201.0,8337831.0,3706.17
GUILFORD,2012,590.1,False,56963303.0,10474843.0,3684.08
GUILFORD,2013,591.5,False,58751799.0,10188125.0,3605.38
GUILFORD,2014,595.3,False,61781211.0,11574815.0,3559.04
GUILFORD,2015,617.1,False,63185233.0,10392959.0,3454.42
GUILFORD,2016,610.6999999999998,False,64614449.0,10848990.0,3450.22
HAMDEN,2007,1031.6,False,75918099.0,34857364.0,7079.27
HAMDEN,2008,1078.9,False,80448243.0,39629141.0,7100.29
HAMDEN,2009,1010.1,False,83496925.0,47658189.0,6966.15
HAMDEN,2010,1010.0,False,83759620.0,40619842.0,6883.82
HAMDEN,2011,1024.5,False,85075902.0,44696470.0,6941.44
HAMDEN,2012,1021.3,False,87773548.0,42518172.0,6769.66
HAMDEN,2013,1040.5,False,91359833.0,45338028.0,6763.01
HAMDEN,2014,1052.2,False,91700269.0,43373808.0,6707.09
HAMDEN,2015,1059.8,False,84858213.0,37141207.0,6529.18
HAMDEN,2016,1055.8,False,94446338.0,44146760.0,6434.02
HAMPTON,2007,34.7,False,3869624.0,1815484.0,252.54
HAMPTON,2008,33.2,True,3866292.0,1848778.0,245.53
HAMPTON,2009,34.2,False,4019509.0,1968117.0,230.54
HAMPTON,2010,36.30000000000001,False,4124942.0,1738203.0,223.43
HAMPTON,2011,37.20000000000001,False,4105540.0,1761370.0,205.49
HAMPTON,2012,36.60000000000001,False,4143921.0,1831240.0,194.99
HAMPTON,2013,34.1,False,4051240.0,1839568.0,195.7
HAMPTON,2014,33.6,True,4126273.0,1929150.0,190.8
HAMPTON,2015,32.2,True,4095928.0,1926316.0,183.02
HAMPTON,2016,31.500000000000004,True,4090389.0,1868853.0,174.78
HARTFORD,2007,3803.9,False,279086000.0,250108000.0,22408.12
HARTFORD,2008,3277.7,False,374467000.0,341042000.0,22342.55
HARTFORD,2009,3333.3999999999987,False,305432000.0,270021000.0,21726.31
HARTFORD,2010,3174.0,False,305210000.0,267840000.0,21318.38
HARTFORD,2011,3098.3,False,304370000.0,272915000.0,20984.82
HARTFORD,2012,3156.5000000000005,False,313069000.0,280582000.0,21107.37
HARTFORD,2013,3284.0,False,314620000.0,280695000.0,21656.0
HARTFORD,2014,3368.9999999999995,False,321535000.0,286236000.0,21784.34
HARTFORD,2015,3505.3,False,326647000.0,289332000.0,21596.84
HARTFORD,2016,3717.2,False,323155000.0,282708000.0,21523.95
HEBRON,2007,183.6,False,21795507.0,6776104.0,2072.12
HEBRON,2008,168.20000000000005,False,23537458.0,7967184.0,2088.89
HEBRON,2009,172.60000000000005,False,24770356.0,8233521.0,2096.54
HEBRON,2010,177.1,False,25224497.0,8098555.0,2118.04
HEBRON,2011,177.7,False,26052515.0,8184027.0,2122.78
HEBRON,2012,169.5,False,26592584.0,8531099.0,2080.81
HEBRON,2013,168.70000000000005,False,26945745.0,8839751.0,2008.17
HEBRON,2014,163.20000000000005,True,27866472.0,8990878.0,1895.8
HEBRON,2015,158.1,False,28797677.0,9032190.0,1771.59
HEBRON,2016,152.5,False,28289109.0,8840024.0,1663.57
KENT,2007,50.10000000000001,False,5915841.0,701778.0,370.3
KENT,2008,49.2,False,7088353.0,1721640.0,353.43
KENT,2009,50.1,False,6340748.0,720682.0,372.3
KENT,2010,50.5,False,6412867.0,705760.0,354.95
KENT,2011,52.2,False,6345040.0,868557.0,356.95
KENT,2012,53.6,False,6691378.0,795244.0,339.37
KENT,2013,52.9,False,7045914.0,1012520.0,316.55
KENT,2014,52.3,False,7016016.0,1205585.0,315.15
KENT,2015,54.29999999999999,False,7188717.0,1119596.0,298.15
KENT,2016,51.7,True,7278670.0,943886.0,291.88
LEBANON,2007,220.5,False,15806516.0,6780267.0,1357.17
LEBANON,2008,221.7,False,21770958.0,12426602.0,1346.52
LEBANON,2009,226.4,False,17676468.0,7751081.0,1347.37
LEBANON,2010,225.5,False,18184933.0,7730824.0,1304.0
LEBANON,2011,218.4,False,18947268.0,7575467.0,1258.0
LEBANON,2012,216.9,False,18954614.0,7764509.0,1186.02
LEBANON,2013,210.4,False,18810571.0,7708327.0,1142.0
LEBANON,2014,208.8,False,19604569.0,8160496.0,1136.03
LEBANON,2015,203.3,False,19618104.0,7844678.0,1077.02
LEBANON,2016,202.4,False,20035732.0,8173948.0,1027.06
LEDYARD,2007,415.8,False,27661387.0,14635741.0,2789.14
LEDYARD,2008,434.89999999999986,False,36681537.0,23634182.0,2757.43
LEDYARD,2009,442.4,False,31244141.0,17833535.0,2652.29
LEDYARD,2010,425.3,False,31074028.0,17198885.0,2597.06
LEDYARD,2011,417.6,False,30952093.0,17568699.0,2538.26
LEDYARD,2012,420.7,False,32771856.0,18750904.0,2528.97
LEDYARD,2013,421.4,False,32958749.0,18857628.0,2526.08
LEDYARD,2014,421.3,False,33978236.0,19454185.0,2508.66
LEDYARD,2015,399.9,False,34539230.0,19897568.0,2459.15
LEDYARD,2016,406.7,False,34275724.0,19668223.0,2365.84
LISBON,2007,81.7,False,9138497.0,4298396.0,833.61
LISBON,2008,78.9,True,9349387.0,4572728.0,814.81
LISBON,2009,83.99999999999999,True,9828316.0,4814481.0,783.81
LISBON,2010,84.69999999999997,True,9423614.0,4140849.0,757.87
LISBON,2011,91.5,True,9285039.0,4200991.0,713.7
LISBON,2012,93.2,True,10024384.0,5005377.0,655.36
LISBON,2013,85.8,True,10327874.0,4920021.0,625.38
LISBON,2014,77.9,True,10157341.0,5004354.0,619.27
LISBON,2015,77.0,False,10201601.0,4945024.0,594.23
LISBON,2016,75.5,False,10575891.0,4942691.0,569.62
LITCHFIELD,2007,203.2,False,15836000.0,2448000.0,1286.78
LITCHFIELD,2008,208.8,False,21225000.0,7408000.0,1247.8
LITCHFIELD,2009,205.0,False,16978000.0,2973000.0,1234.79
LITCHFIELD,2010,208.8,False,16656000.0,2703000.0,1233.19
LITCHFIELD,2011,199.6,False,17177000.0,2846000.0,1203.87
LITCHFIELD,2012,194.9,False,18102000.0,3352000.0,1154.29
LITCHFIELD,2013,193.6,False,18545000.0,3502000.0,1060.11
LITCHFIELD,2014,192.8,False,18861000.0,3729000.0,1004.3
LITCHFIELD,2015,176.10000000000005,False,19117000.0,3426000.0,1001.61
LITCHFIELD,2016,186.3,False,20120031.0,3694739.0,977.0
MADISON,2007,556.6,False,41242537.0,4817458.0,3947.2
MADISON,2008,581.7,False,56099065.0,18061642.0,3868.59
MADISON,2009,588.7000000000003,False,48244440.0,7376662.0,3812.99
MADISON,2010,611.2,False,49706628.0,6933498.0,3747.15
MADISON,2011,609.5,False,51565751.0,6871183.0,3681.08
MADISON,2012,592.4,False,52720499.0,8300730.0,3519.3
MADISON,2013,590.2999999999997,False,53737674.0,8608695.0,3379.67
MADISON,2014,587.9,False,55604951.0,9664222.0,3291.21
MADISON,2015,594.9,False,55836777.0,8665975.0,3165.58
MADISON,2016,605.3,False,57049279.0,9285308.0,3029.35
MANCHESTER,2007,1142.4,False,94437000.0,38042000.0,7609.14
MANCHESTER,2008,1160.5,False,123770000.0,67734000.0,7411.81
MANCHESTER,2009,1163.6,False,103412000.0,44135000.0,7479.64
MANCHESTER,2010,1210.1,False,101255000.0,40373000.0,7470.54
MANCHESTER,2011,1172.1,False,102847000.0,39487000.0,7502.96
MANCHESTER,2012,1230.2000000000005,False,112033000.0,47260000.0,7247.56
MANCHESTER,2013,1199.0,False,113067000.0,46708000.0,7146.52
MANCHESTER,2014,1238.9,False,116985000.0,48744000.0,7283.55
MANCHESTER,2015,1293.3,False,121800000.0,48291000.0,7351.779999999998
MANCHESTER,2016,1391.3000000000004,False,122400000.0,47039000.0,7279.66
MARLBOROUGH,2007,99.29999999999998,False,13785208.0,3445362.0,1170.07
MARLBOROUGH,2008,98.9,False,16356932.0,6119166.0,1186.4
MARLBOROUGH,2009,104.1,False,14729305.0,4008739.0,1232.63
MARLBOROUGH,2010,101.3,False,14609129.0,3911325.0,1219.21
MARLBOROUGH,2011,98.8,False,14575527.0,3973599.0,1229.45
MARLBOROUGH,2012,98.8,False,14996229.0,4225526.0,1218.82
MARLBOROUGH,2013,93.5,False,15213918.0,4242806.0,1188.4
MARLBOROUGH,2014,89.0,False,15434472.0,4287160.0,1172.64
MARLBOROUGH,2015,91.7,False,15784850.0,4056299.0,1143.77
MARLBOROUGH,2016,90.7,True,16547998.0,4171830.0,1105.79
MERIDEN,2007,1251.1999999999996,False,99267133.0,62904894.0,9623.51
MERIDEN,2008,1269.1,False,133749494.0,96756081.0,9621.43
MERIDEN,2009,1244.1999999999996,False,106175816.0,69491660.0,9484.31
MERIDEN,2010,1214.6,False,99309776.0,61269332.0,9245.94
MERIDEN,2011,1195.6,False,101978309.0,62681718.0,9203.28
MERIDEN,2012,1177.5,False,111433666.0,74930580.0,9142.03
MERIDEN,2013,1209.1999999999996,False,111411471.0,73706875.0,9070.07
MERIDEN,2014,1200.6999999999996,False,113672829.0,74901851.0,9001.540000000003
MERIDEN,2015,1251.6,False,110843185.0,74501716.0,9006.219999999998
MERIDEN,2016,1251.3,False,113183854.0,76758645.0,8810.5
MIDDLETOWN,2007,821.7,False,66261000.0,32495000.0,5244.02
MIDDLETOWN,2008,834.1000000000001,False,89694000.0,55133000.0,5199.22
MIDDLETOWN,2009,823.6,False,73443000.0,37046000.0,5274.58
MIDDLETOWN,2010,816.7,False,72244000.0,32211000.0,5340.37
MIDDLETOWN,2011,851.1,False,73414000.0,31675000.0,5385.36
MIDDLETOWN,2012,843.1,False,76965000.0,35880000.0,5296.92
MIDDLETOWN,2013,869.6000000000001,False,79052000.0,35322000.0,5215.55
MIDDLETOWN,2014,825.0999999999998,False,82259000.0,36163000.0,5129.58
MIDDLETOWN,2015,827.9,False,82531000.0,34947000.0,5116.85
MIDDLETOWN,2016,882.1999999999998,False,85369000.0,38702000.0,5016.6
MILFORD,2007,1149.3000000000004,False,95431000.0,21200000.0,7534.15
MILFORD,2008,1256.8,False,128653000.0,49611000.0,7371.78
MILFORD,2009,1152.3,False,106963000.0,24521000.0,7303.9
MILFORD,2010,1142.7,False,106657000.0,22212000.0,7166.76
MILFORD,2011,1190.6999999999996,False,109306000.0,22384000.0,7024.29
MILFORD,2012,1158.8,False,114635000.0,26930000.0,6908.15
MILFORD,2013,1150.3000000000004,False,119070000.0,26789000.0,6754.6
MILFORD,2014,1147.7999999999995,False,123068000.0,27759000.0,6558.49
MILFORD,2015,1132.4,False,119634000.0,24254000.0,6375.24
MILFORD,2016,1127.4,False,124576000.0,25086000.0,6231.64
MONROE,2007,576.9,False,47077818.0,10069616.0,4191.71
MONROE,2008,553.0,False,64456492.0,25538538.0,4183.43
MONROE,2009,537.4,False,51546173.0,11609447.0,4082.5
MONROE,2010,592.9,False,53939216.0,11597967.0,3957.69
MONROE,2011,563.1,False,55364249.0,11739302.0,3799.82
MONROE,2012,567.9,False,56657002.0,12747056.0,3661.19
MONROE,2013,558.4000000000002,False,56376507.0,13856850.0,3558.39
MONROE,2014,556.8000000000002,False,58266029.0,14609179.0,3425.24
MONROE,2015,557.2,False,58009142.0,12698512.0,3367.65
MONROE,2016,564.0,False,59684089.0,13437840.0,3249.48
NAUGATUCK,2007,634.8,False,55174664.0,33473809.0,5259.09
NAUGATUCK,2008,661.3,False,73739126.0,50526650.0,5132.03
NAUGATUCK,2009,674.1,False,62215605.0,37181315.0,5049.97
NAUGATUCK,2010,674.8000000000002,False,56650313.0,32171552.0,5104.73
NAUGATUCK,2011,606.1,False,55962948.0,31580238.0,4854.68
NAUGATUCK,2012,607.2,False,62380519.0,37395247.0,4753.89
NAUGATUCK,2013,615.5,False,62533010.0,38181435.0,4704.36
NAUGATUCK,2014,637.5,False,66204553.0,39250092.0,4593.28
NAUGATUCK,2015,655.0,False,64498577.0,37060076.0,4558.19
NAUGATUCK,2016,971.4,False,66980264.0,37437473.0,4495.58
NEW BRITAIN,2007,1369.0,False,120623000.0,98569000.0,11230.13
NEW BRITAIN,2008,1357.0000000000002,False,160456000.0,138925000.0,10984.91
NEW BRITAIN,2009,1337.5,False,129357000.0,106705000.0,10814.58
NEW BRITAIN,2010,1381.6,False,120254000.0,94014000.0,10873.74
NEW BRITAIN,2011,1356.5,False,118812000.0,92313000.0,10871.04
NEW BRITAIN,2012,1362.0,False,132786000.0,106402000.0,11011.87
NEW BRITAIN,2013,1379.4,False,133504000.0,103939000.0,11186.16
NEW BRITAIN,2014,1237.6,False,141020000.0,107833000.0,11002.51
NEW BRITAIN,2015,1202.9,False,138100000.0,103914000.0,11157.76
NEW BRITAIN,2016,1292.3,False,139867000.0,106451000.0,11355.38
NEW CANAAN,2007,698.3000000000002,False,65091068.0,5597597.0,4153.73
NEW CANAAN,2008,678.8000000000002,False,67946645.0,6897458.0,4110.28
NEW CANAAN,2009,691.7,False,73881559.0,7323442.0,4106.2
NEW CANAAN,2010,723.0000000000001,False,74379919.0,7219666.0,4094.29
NEW CANAAN,2011,717.6,False,77196076.0,7694430.0,4175.21
NEW CANAAN,2012,750.9,False,79172586.0,10348019.0,4207.93
NEW CANAAN,2013,763.0,False,82762324.0,10875400.0,4220.54
NEW CANAAN,2014,758.7,False,86457443.0,14458604.0,4228.01
NEW CANAAN,2015,772.1999999999998,False,90682407.0,12358742.0,4253.69
NEW CANAAN,2016,778.5,False,92082006.0,12617362.0,4262.56
NEW FAIRFIELD,2007,447.5,False,28103170.0,7408868.0,3025.18
NEW FAIRFIELD,2008,459.4,False,29784853.0,7997963.0,3006.6
NEW FAIRFIELD,2009,446.7,False,30966360.0,8424278.0,3025.2
NEW FAIRFIELD,2010,434.7,False,31846816.0,8513528.0,2984.6
NEW FAIRFIELD,2011,429.4,False,32264595.0,8392917.0,2869.0
NEW FAIRFIELD,2012,410.6,False,33498893.0,9316070.0,2807.16
NEW FAIRFIELD,2013,409.8,False,34611870.0,9685455.0,2724.56
NEW FAIRFIELD,2014,404.6,False,35664277.0,9952002.0,2642.89
NEW FAIRFIELD,2015,411.6,False,35540155.0,9003763.0,2549.11
NEW FAIRFIELD,2016,398.6,False,36936252.0,9601063.0,2425.67
NEW HARTFORD,2007,102.9,False,14007269.0,3757718.0,1156.29
NEW HARTFORD,2008,100.8,False,17203654.0,7275891.0,1141.81
NEW HARTFORD,2009,122.9,False,15697795.0,5069887.0,1157.25
NEW HARTFORD,2010,118.1,False,15906763.0,4526486.0,1139.44
NEW HARTFORD,2011,114.9,False,16105201.0,5898852.0,1129.6
NEW HARTFORD,2012,103.8,False,16544942.0,4965034.0,1136.09
NEW HARTFORD,2013,104.6,False,17248837.0,5040782.0,1123.4
NEW HARTFORD,2014,108.0,False,17925220.0,5105988.0,1104.33
NEW HARTFORD,2015,109.6,False,18139405.0,5236397.0,1059.33
NEW HARTFORD,2016,100.9,False,18606770.0,5313625.0,1030.53
NEW HAVEN,2007,3150.8,False,179948440.0,213875363.0,18928.27
NEW HAVEN,2008,3160.0999999999995,False,256210171.0,289221907.0,18546.95
NEW HAVEN,2009,3173.6,False,192024547.0,226037552.0,18074.31
NEW HAVEN,2010,3154.4,False,194071482.0,228896975.0,17704.41
NEW HAVEN,2011,3275.4,False,193103792.0,227634807.0,17720.41
NEW HAVEN,2012,3178.5,False,203686746.0,237628410.0,18002.23
NEW HAVEN,2013,3105.7,False,204422059.0,234142830.0,18412.5
NEW HAVEN,2014,4053.4,False,210739315.0,241889965.0,18738.35
NEW HAVEN,2015,3781.400000000001,False,214438961.0,248893667.0,19121.98
NEW HAVEN,2016,3235.2,False,214734762.0,245394710.0,19066.83
NEW LONDON,2007,457.3,False,40042646.0,36743503.0,3453.33
NEW LONDON,2008,482.90000000000015,False,52721171.0,48716788.0,3380.86
NEW LONDON,2009,503.5,False,42649594.0,38619961.0,3505.52
NEW LONDON,2010,482.9,False,39208343.0,34147546.0,3467.5
NEW LONDON,2011,473.2,False,39588608.0,35205329.0,3555.19
NEW LONDON,2012,493.3,False,43863439.0,38557674.0,3508.54
NEW LONDON,2013,453.2,False,43167950.0,37310111.0,3577.2
NEW LONDON,2014,473.8,False,45031924.0,37911660.0,3532.73
NEW LONDON,2015,511.6,False,45127644.0,36527698.0,3594.91
NEW LONDON,2016,557.1,True,46918298.0,36544314.0,3605.2
NEW MILFORD,2007,764.1000000000001,False,56479279.0,18839620.0,4944.54
NEW MILFORD,2008,769.8000000000002,False,75142150.0,35086420.0,4918.78
NEW MILFORD,2009,809.4,False,61372519.0,21327588.0,4812.11
NEW MILFORD,2010,809.8000000000002,False,60425864.0,19563915.0,4775.94
NEW MILFORD,2011,774.0,False,63361649.0,21043666.0,4649.16
NEW MILFORD,2012,781.2999999999997,False,64012160.0,22747545.0,4586.98
NEW MILFORD,2013,786.8000000000002,False,63309161.0,23289243.0,4531.27
NEW MILFORD,2014,759.3,False,66335339.0,24262031.0,4425.4
NEW MILFORD,2015,769.8,False,68604228.0,24240229.0,4291.43
NEW MILFORD,2016,759.4,False,70948347.0,24998442.0,4153.42
NEWINGTON,2007,630.8,False,53590000.0,15453000.0,4577.98
NEWINGTON,2008,635.7,False,73635000.0,35474000.0,4553.21
NEWINGTON,2009,653.6000000000001,False,60397000.0,21903000.0,4525.1
NEWINGTON,2010,652.1,False,63212000.0,22932000.0,4503.98
NEWINGTON,2011,648.4000000000002,False,64499000.0,22272000.0,4500.94
NEWINGTON,2012,629.6999999999998,False,68303000.0,27134000.0,4476.9
NEWINGTON,2013,652.3,False,69551000.0,24567000.0,4452.04
NEWINGTON,2014,665.8,False,74223000.0,26354000.0,4382.7
NEWINGTON,2015,671.4000000000002,False,74223000.0,25440000.0,4317.41
NEWINGTON,2016,675.5,False,76094000.0,26151000.0,4238.39
NEWTOWN,2007,808.6,False,62710766.0,10233003.0,5784.45
NEWTOWN,2008,833.4000000000002,False,79232308.0,24452450.0,5747.07
NEWTOWN,2009,868.1,False,70846082.0,13238745.0,5626.98
NEWTOWN,2010,869.8,False,69998613.0,11984235.0,5534.24
NEWTOWN,2011,839.3000000000002,False,72045166.0,12282389.0,5567.79
NEWTOWN,2012,827.6,False,74459845.0,14748930.0,5423.83
NEWTOWN,2013,830.2000000000003,False,74874327.0,14999779.0,5189.01
NEWTOWN,2014,861.8000000000002,False,79695025.0,16438269.0,5019.93
NEWTOWN,2015,844.1,False,78608340.0,15304723.0,4857.14
NEWTOWN,2016,829.4000000000002,False,79390666.0,16346850.0,4677.36
NORFOLK,2007,32.5,False,4098774.0,855547.0,275.64
NORFOLK,2008,33.2,False,4548555.0,1641612.0,265.87
NORFOLK,2009,33.2,False,4071838.0,1015625.0,259.34
NORFOLK,2010,32.7,False,4117544.0,836224.0,252.58
NORFOLK,2011,32.599999999999994,False,4414170.0,911307.0,246.98
NORFOLK,2012,31.3,False,4437501.0,972549.0,228.02
NORFOLK,2013,30.7,False,4442161.0,945885.0,221.53
NORFOLK,2014,28.3,False,4516476.0,1014179.0,218.09
NORFOLK,2015,28.1,True,4588779.0,1041981.0,207.02
NORFOLK,2016,27.4,True,4469222.0,1069313.0,205.41
NORTH HAVEN,2007,510.9,False,41162636.0,6534654.0,3984.65
NORTH HAVEN,2008,521.0,False,43745733.0,8098936.0,3902.1
NORTH HAVEN,2009,528.4,False,45468390.0,9138538.0,3846.91
NORTH HAVEN,2010,519.8000000000002,False,45524362.0,8802832.0,3736.64
NORTH HAVEN,2011,510.0,False,47701735.0,8729212.0,3635.3
NORTH HAVEN,2012,508.5,False,49716236.0,10631965.0,3607.9
NORTH HAVEN,2013,501.80000000000007,False,50439271.0,10779393.0,3561.96
NORTH HAVEN,2014,497.1,False,53235992.0,10399054.0,3449.01
NORTH HAVEN,2015,507.1,False,54392877.0,10825225.0,3359.48
NORTH HAVEN,2016,494.4,False,55280150.0,11075271.0,3245.53
NORTH STONINGTON,2007,171.60000000000005,False,11367059.0,5238396.0,820.69
NORTH STONINGTON,2008,169.0,False,11524609.0,5604145.0,822.91
NORTH STONINGTON,2009,166.60000000000005,False,11613316.0,5753989.0,805.73
NORTH STONINGTON,2010,160.89999999999995,False,11909344.0,5581009.0,815.53
NORTH STONINGTON,2011,159.5,False,11853078.0,5723802.0,813.32
NORTH STONINGTON,2012,157.0,False,13260002.0,6324903.0,810.52
NORTH STONINGTON,2013,153.4,False,13413630.0,7005458.0,780.99
NORTH STONINGTON,2014,156.2,False,14097174.0,6418043.0,785.69
NORTH STONINGTON,2015,155.20000000000005,False,13634499.0,5623309.0,776.0599999999997
NORTH STONINGTON,2016,155.1,False,14169602.0,5698980.0,751.9199999999997
NORWALK,2007,1565.9,False,145969257.0,28182974.0,10822.43
NORWALK,2008,1602.5000000000002,False,153675894.0,28626555.0,10608.33
NORWALK,2009,1621.8000000000004,False,160083564.0,30386367.0,10806.39
NORWALK,2010,956.0,True,161411159.0,29162693.0,10941.9
NORWALK,2011,1595.1,False,164604885.0,30083768.0,11158.74
NORWALK,2012,988.8,True,173117163.0,35204996.0,11227.33
NORWALK,2013,909.6,True,174748185.0,38613793.0,11240.67
NORWALK,2014,1512.2999999999995,False,184591078.0,39957341.0,11290.18
NORWALK,2015,1530.1,False,190790463.0,42239791.0,11451.62
NORWALK,2016,2369.8,False,195581632.0,42252345.0,11539.75
NORWICH,2007,689.8999999999999,False,62507000.0,38859000.0,5609.38
NORWICH,2008,703.2,False,79020000.0,53803000.0,5590.52
NORWICH,2009,701.8000000000002,False,70164000.0,44021000.0,5578.01
NORWICH,2010,654.8000000000002,False,66152000.0,37742000.0,5451.35
NORWICH,2011,614.8,False,67160000.0,38103000.0,5396.19
NORWICH,2012,627.8000000000002,False,72021000.0,42703000.0,5381.0
NORWICH,2013,662.3,False,75394000.0,43580000.0,5412.87
NORWICH,2014,673.5,False,77381000.0,44891000.0,5380.28
NORWICH,2015,704.4,False,77145000.0,42763000.0,5372.71
NORWICH,2016,697.0,False,80621000.0,45537000.0,5267.78
OLD SAYBROOK,2007,285.6,False,18625046.0,2222643.0,1583.5
OLD SAYBROOK,2008,290.3,False,24270424.0,6744506.0,1626.56
OLD SAYBROOK,2009,286.6,False,21424705.0,2730064.0,1636.98
OLD SAYBROOK,2010,270.0,False,22057089.0,2689870.0,1600.8
OLD SAYBROOK,2011,283.2999999999999,False,22975131.0,2804695.0,1568.88
OLD SAYBROOK,2012,295.1,False,24144507.0,3610035.0,1539.31
OLD SAYBROOK,2013,300.0,False,24745084.0,3651327.0,1476.66
OLD SAYBROOK,2014,297.6,False,26165008.0,4106868.0,1417.35
OLD SAYBROOK,2015,291.4,False,27286135.0,5069967.0,1408.68
OLD SAYBROOK,2016,290.5,False,27971556.0,4562670.0,1351.24
ORANGE,2007,248.3,False,33059930.0,3071146.0,2551.31
ORANGE,2008,249.5,False,39717632.0,7983622.0,2537.52
ORANGE,2009,247.3,False,36937748.0,3608336.0,2520.92
ORANGE,2010,235.50000000000003,False,37809305.0,3132553.0,2516.46
ORANGE,2011,236.4,False,37879596.0,3244842.0,2509.0
ORANGE,2012,232.7,False,39615890.0,4104403.0,2507.44
ORANGE,2013,236.2,False,40376009.0,5026798.0,2438.22
ORANGE,2014,235.2,False,41961871.0,4956456.0,2373.02
ORANGE,2015,211.3,False,42516288.0,4620212.0,2350.86
ORANGE,2016,237.40000000000003,False,44175681.0,5118888.0,2303.5
OXFORD,2007,177.9,False,22803753.0,6293732.0,2125.57
OXFORD,2008,202.6,False,30674741.0,14719709.0,2167.12
OXFORD,2009,268.6,False,26840609.0,9400486.0,2205.59
OXFORD,2010,275.1,False,26207478.0,7927245.0,2238.54
OXFORD,2011,288.2,False,27216870.0,7659463.0,2245.49
OXFORD,2012,304.0,False,27912746.0,8938426.0,2216.33
OXFORD,2013,302.6,False,28790894.0,8797397.0,2148.64
OXFORD,2014,311.9000000000001,False,30419090.0,8850880.0,2101.89
OXFORD,2015,296.4,False,30525846.0,8642457.0,2025.59
OXFORD,2016,295.49999999999994,False,31084769.0,8541198.0,2037.13
PLAINFIELD,2007,459.9,False,32023371.0,19581678.0,2635.94
PLAINFIELD,2008,484.8,False,33802453.0,21027867.0,2587.23
PLAINFIELD,2009,467.3,False,31742982.0,21948364.0,2542.9
PLAINFIELD,2010,452.5,False,35255529.0,20974487.0,2572.9
PLAINFIELD,2011,446.3,False,34521797.0,22133687.0,2506.63
PLAINFIELD,2012,447.9,False,35711515.0,22623295.0,2474.25
PLAINFIELD,2013,435.6,False,36236087.0,22456817.0,2393.63
PLAINFIELD,2014,422.1,False,37742762.0,22397613.0,2349.97
PLAINFIELD,2015,419.4,False,39308971.0,22338181.0,2277.0
PLAINFIELD,2016,421.9,False,39109612.0,22220524.0,2293.81
PLAINVILLE,2007,465.3,False,31664818.0,13716585.0,2633.3
PLAINVILLE,2008,474.0,False,42839809.0,23798859.0,2605.73
PLAINVILLE,2009,456.3,False,35081505.0,15508364.0,2528.1
PLAINVILLE,2010,438.4,False,35029994.0,15180918.0,2552.01
PLAINVILLE,2011,446.5,False,35631512.0,15124016.0,2500.37
PLAINVILLE,2012,444.1,False,36497815.0,15944124.0,2444.32
PLAINVILLE,2013,464.00000000000006,False,36498345.0,15895074.0,2400.73
PLAINVILLE,2014,468.6,False,37928248.0,16527208.0,2367.88
PLAINVILLE,2015,489.3,False,37599680.0,15660130.0,2417.2
PLAINVILLE,2016,488.5,False,38395769.0,16214440.0,2415.16
PORTLAND,2007,231.90000000000003,False,17247657.0,5151017.0,1470.66
PORTLAND,2008,224.8,False,22345049.0,10372795.0,1451.12
PORTLAND,2009,224.8,False,18701508.0,6091256.0,1463.96
PORTLAND,2010,226.2,False,18604782.0,6118870.0,1471.33
PORTLAND,2011,222.90000000000003,False,19306090.0,6067731.0,1444.33
PORTLAND,2012,228.3,False,19793291.0,6347357.0,1420.11
PORTLAND,2013,228.9,False,20216816.0,6777356.0,1427.69
PORTLAND,2014,230.9,False,20983986.0,6797856.0,1435.54
PORTLAND,2015,234.7,False,21094353.0,6788227.0,1382.54
PORTLAND,2016,228.90000000000003,False,21778087.0,6731383.0,1400.51
PRESTON,2007,108.4,True,10401301.0,5270229.0,779.03
PRESTON,2008,102.5,False,10547934.0,5558142.0,758.08
PRESTON,2009,97.6,False,11137380.0,5753500.0,726.13
PRESTON,2010,94.9,False,10865208.0,5132122.0,660.77
PRESTON,2011,97.8,False,10843392.0,5164392.0,661.8
PRESTON,2012,94.1,False,11166085.0,5603798.0,609.7000000000003
PRESTON,2013,89.8,False,11017203.0,5631824.0,608.68
PRESTON,2014,89.8,False,12065450.0,6093850.0,617.14
PRESTON,2015,91.0,False,11560965.0,5644492.0,609.25
PRESTON,2016,92.4,False,12070980.0,5818194.0,648.09
PUTNAM,2007,231.1,False,15621857.0,9152681.0,1326.75
PUTNAM,2008,232.50000000000003,False,20967049.0,14240612.0,1298.97
PUTNAM,2009,226.8,False,16790824.0,10092248.0,1237.6
PUTNAM,2010,227.8,False,16450589.0,9510876.0,1240.37
PUTNAM,2011,224.40000000000003,False,17752764.0,10594761.0,1282.26
PUTNAM,2012,234.7,False,18099219.0,11189842.0,1256.68
PUTNAM,2013,240.5,False,18493953.0,11313912.0,1221.89
PUTNAM,2014,240.6,False,19139288.0,11342659.0,1226.36
PUTNAM,2015,239.8,False,18932080.0,11351549.0,1196.73
PUTNAM,2016,243.00000000000003,False,19502945.0,11336152.0,1165.89
RIDGEFIELD,2007,751.6,False,71669217.0,6344113.0,5606.17
RIDGEFIELD,2008,746.2,False,98454741.0,29887903.0,5573.48
RIDGEFIELD,2009,766.9000000000002,False,80923133.0,9751380.0,5586.62
RIDGEFIELD,2010,763.3000000000002,False,82939471.0,9482874.0,5477.44
RIDGEFIELD,2011,767.3000000000002,False,83395812.0,9759437.0,5456.92
RIDGEFIELD,2012,785.9,False,87248296.0,12297794.0,5369.59
RIDGEFIELD,2013,764.9,False,90046458.0,13105503.0,5287.3
RIDGEFIELD,2014,787.8999999999999,False,92761909.0,15098029.0,5259.8
RIDGEFIELD,2015,661.9000000000002,False,94568454.0,12774311.0,5139.56
RIDGEFIELD,2016,802.5,False,96082052.0,13768527.0,5014.77
ROCKY HILL,2007,384.4,False,26080002.0,6229295.0,2585.4
ROCKY HILL,2008,388.8,False,36640268.0,16123098.0,2626.19
ROCKY HILL,2009,389.7000000000001,False,29424694.0,7917555.0,2640.24
ROCKY HILL,2010,395.69999999999993,False,30266724.0,7203662.0,2673.53
ROCKY HILL,2011,406.6,False,30865280.0,7432129.0,2626.06
ROCKY HILL,2012,392.4,False,32952537.0,9149211.0,2620.64
ROCKY HILL,2013,396.7,False,33885126.0,9052449.0,2599.66
ROCKY HILL,2014,411.0,False,35566626.0,10206932.0,2588.76
ROCKY HILL,2015,429.0,False,38973084.0,9434186.0,2646.28
ROCKY HILL,2016,437.6,False,41398116.0,10581229.0,2762.32
SALEM,2007,93.3,False,9725709.0,3784890.0,819.09
SALEM,2008,94.8,False,11578692.0,5340959.0,806.36
SALEM,2009,91.5,False,10628419.0,4180093.0,806.52
SALEM,2010,90.6,False,9988643.0,3918843.0,765.91
SALEM,2011,84.2,False,10454834.0,3699162.0,739.26
SALEM,2012,83.2,True,10625583.0,4093867.0,704.99
SALEM,2013,91.9,False,11116008.0,4367583.0,699.1
SALEM,2014,86.89999999999998,False,11258315.0,4567932.0,674.99
SALEM,2015,79.19999999999997,True,11559640.0,4577707.0,649.0700000000003
SALEM,2016,84.69999999999997,False,11748904.0,4577988.0,630.4500000000003
SCOTLAND,2007,39.40000000000001,True,4178934.0,1852761.0,277.99
SCOTLAND,2008,42.2,True,3973587.0,1809391.0,265.4
SCOTLAND,2009,42.3,True,4237439.0,1957337.0,270.65
SCOTLAND,2010,45.2,True,3850301.0,1684470.0,247.88
SCOTLAND,2011,44.5,True,4106792.0,1680347.0,236.2
SCOTLAND,2012,43.4,True,4545284.0,1892936.0,227.5
SCOTLAND,2013,41.2,True,4513899.0,1918623.0,211.8
SCOTLAND,2014,41.2,True,4498536.0,1995387.0,225.38
SCOTLAND,2015,40.7,True,4691725.0,1983643.0,219.28
SCOTLAND,2016,37.3,False,4673197.0,1828593.0,209.09
SEYMOUR,2007,412.5,False,29210085.0,14266559.0,2568.82
SEYMOUR,2008,379.7,False,38297938.0,22355393.0,2554.42
SEYMOUR,2009,362.4,False,30293597.0,12679117.0,2568.8
SEYMOUR,2010,373.4,False,28397600.0,10663686.0,2522.65
SEYMOUR,2011,361.2,False,30179163.0,11798457.0,2503.82
SEYMOUR,2012,357.3,False,32887244.0,14272163.0,2411.17
SEYMOUR,2013,345.1,False,33091150.0,14495662.0,2406.76
SEYMOUR,2014,348.8,False,35087291.0,15102416.0,2431.97
SEYMOUR,2015,356.4,False,36132376.0,15026084.0,2399.08
SEYMOUR,2016,351.9,False,36363723.0,15037154.0,2323.49
SHARON,2007,52.3,False,5398079.0,377628.0,333.4
SHARON,2008,49.8,False,6858345.0,1357339.0,327.16000000000014
SHARON,2009,50.1,False,6391573.0,586327.0,300.05
SHARON,2010,49.9,False,6469252.0,475829.0,293.35
SHARON,2011,50.7,False,6438520.0,524413.0,286.55
SHARON,2012,49.8,False,6656208.0,533379.0,260.67
SHARON,2013,49.1,False,6450506.0,609850.0,241.0
SHARON,2014,47.7,False,6377957.0,611714.0,238.7
SHARON,2015,51.5,False,6819517.0,645482.0,232.1
SHARON,2016,51.2,True,6969515.0,563923.0,230.4
SHELTON,2007,793.1999999999997,False,63138300.0,11460555.0,5775.33
SHELTON,2008,814.3999999999999,False,85504187.0,31862190.0,5713.38
SHELTON,2009,796.0,False,69732133.0,12843959.0,5646.04
SHELTON,2010,809.5999999999998,False,68185134.0,12807618.0,5548.08
SHELTON,2011,672.4,False,67380683.0,11947574.0,5395.51
SHELTON,2012,744.7,False,71812630.0,15116799.0,5367.87
SHELTON,2013,779.4,False,70066838.0,14302128.0,5246.87
SHELTON,2014,764.6,False,74300492.0,15826286.0,5150.45
SHELTON,2015,777.4,False,75053250.0,15753536.0,5153.74
SHELTON,2016,787.0,False,76887536.0,15574065.0,5178.7
SHERMAN,2007,80.49999999999999,False,8034774.0,1146312.0,660.67
SHERMAN,2008,68.39999999999999,False,10040900.0,2909293.0,642.11
SHERMAN,2009,85.69999999999997,False,8775336.0,1223168.0,630.24
SHERMAN,2010,87.1,False,8649866.0,1121395.0,631.67
SHERMAN,2011,88.8,False,8774192.0,1050057.0,591.84
SHERMAN,2012,83.99999999999999,False,8941173.0,1109021.0,591.84
SHERMAN,2013,82.29999999999998,False,9169574.0,1168586.0,572.91
SHERMAN,2014,80.2,False,9540965.0,1382841.0,563.72
SHERMAN,2015,79.5,False,9615620.0,1251577.0,537.91
SHERMAN,2016,79.7,False,9589213.0,1216580.0,502.18
SIMSBURY,2007,737.8,False,59059976.0,7578276.0,4991.21
SIMSBURY,2008,758.2,False,80434620.0,27641652.0,4967.39
SIMSBURY,2009,757.1999999999997,False,64620969.0,11031153.0,4960.61
SIMSBURY,2010,755.6999999999998,False,65728909.0,11542687.0,4926.32
SIMSBURY,2011,729.0,False,66795182.0,11352961.0,4818.77
SIMSBURY,2012,710.4,False,68933265.0,12534007.0,4733.05
SIMSBURY,2013,711.6999999999997,False,70434246.0,13789313.0,4599.96
SIMSBURY,2014,712.1,False,73703266.0,14265662.0,4445.53
SIMSBURY,2015,704.5,False,71510265.0,12761784.0,4358.01
SIMSBURY,2016,707.8,False,74054959.0,13884108.0,4253.47
SOMERS,2007,251.0,False,18362447.0,11112426.0,1715.85
SOMERS,2008,257.0,False,25585754.0,18718264.0,1706.39
SOMERS,2009,258.40000000000003,False,20850296.0,13059785.0,1701.95
SOMERS,2010,145.29999999999995,True,19932606.0,10820107.0,1634.39
SOMERS,2011,253.80000000000004,False,20829709.0,11007761.0,1620.2
SOMERS,2012,251.1,False,21936853.0,13133908.0,1613.16
SOMERS,2013,250.5,False,22526248.0,12300540.0,1569.43
SOMERS,2014,248.5,False,23416325.0,12786529.0,1518.63
SOMERS,2015,246.5,False,24073247.0,12535916.0,1484.67
SOMERS,2016,247.3,False,24017924.0,12199915.0,1441.14
SOUTH WINDSOR,2007,743.1,False,57721839.0,15098435.0,5187.91
SOUTH WINDSOR,2008,735.5999999999998,False,78231913.0,35885450.0,5082.85
SOUTH WINDSOR,2009,738.6,False,63808126.0,19806433.0,4964.52
SOUTH WINDSOR,2010,722.2,False,65415184.0,19905819.0,4792.31
SOUTH WINDSOR,2011,715.9000000000002,False,66904426.0,19887065.0,4683.47
SOUTH WINDSOR,2012,737.5000000000001,False,70996075.0,20555762.0,4506.15
SOUTH WINDSOR,2013,735.6,False,71405984.0,21232260.0,4425.06
SOUTH WINDSOR,2014,732.1000000000001,False,76012600.0,22758513.0,4463.44
SOUTH WINDSOR,2015,747.4,False,75058105.0,20827429.0,4400.62
SOUTH WINDSOR,2016,739.9000000000002,False,76768518.0,21589783.0,4320.88
SOUTHINGTON,2007,1019.0,False,74210000.0,24926000.0,6870.01
SOUTHINGTON,2008,1027.7,False,99810000.0,51196000.0,6882.4
SOUTHINGTON,2009,1018.9,False,80875000.0,29730000.0,6816.82
SOUTHINGTON,2010,1035.9,False,83561000.0,29406000.0,6826.46
SOUTHINGTON,2011,1058.8,False,86524000.0,29520000.0,6842.07
SOUTHINGTON,2012,1078.1999999999996,False,88326000.0,31838000.0,6788.68
SOUTHINGTON,2013,1051.3,False,91796000.0,31920000.0,6769.48
SOUTHINGTON,2014,1089.6999999999996,False,95632000.0,33581000.0,6751.35
SOUTHINGTON,2015,1110.9999999999998,False,95625000.0,31392000.0,6721.36
SOUTHINGTON,2016,1127.2999999999995,False,99479000.0,33321000.0,6648.04
STAMFORD,2007,2191.0,False,216863390.0,35462340.0,15088.43
STAMFORD,2008,2148.7000000000007,False,221558188.0,38740568.0,15028.56
STAMFORD,2009,2119.8,False,243089067.0,39936682.0,14883.73
STAMFORD,2010,2203.2000000000007,False,244611342.0,36958336.0,14966.3
STAMFORD,2011,2254.8,False,241144181.0,40296862.0,15123.27
STAMFORD,2012,2215.9,False,252544074.0,45996081.0,15269.37
STAMFORD,2013,2091.2000000000007,False,255459497.0,48397667.0,15490.56
STAMFORD,2014,2173.6,False,276434644.0,54069259.0,15623.6
STAMFORD,2015,2265.8,False,272876527.0,48297407.0,15773.82
STAMFORD,2016,2418.6,False,285987017.0,49990949.0,15642.22
STERLING,2007,87.1,True,6743121.0,3759447.0,660.16
STERLING,2008,101.0,False,7590089.0,3945599.0,675.39
STERLING,2009,106.1,False,7989345.0,3963813.0,678.78
STERLING,2010,112.0,False,8144070.0,3918983.0,667.0
STERLING,2011,105.7,False,8033070.0,3829785.0,639.92
STERLING,2012,87.4,False,8082820.0,4266013.0,644.3
STERLING,2013,178.1,False,8274645.0,4210875.0,664.02
STERLING,2014,86.6,False,8540868.0,4291324.0,632.7000000000003
STERLING,2015,140.2,False,8378283.0,4172963.0,607.06
STERLING,2016,105.70000000000002,False,8504359.0,4256995.0,583.43
STRATFORD,2007,963.6,False,84310065.0,30242213.0,7618.98
STRATFORD,2008,974.7,False,115569201.0,62597178.0,7654.22
STRATFORD,2009,969.0,False,95522351.0,35293644.0,7590.46
STRATFORD,2010,946.6,False,93610201.0,32138236.0,7542.96
STRATFORD,2011,918.6,False,96787391.0,32147909.0,7502.23
STRATFORD,2012,903.9,False,102808638.0,36862714.0,7493.05
STRATFORD,2013,922.3,False,104421589.0,42309903.0,7354.08
STRATFORD,2014,964.1,False,108317705.0,40821397.0,7474.67
STRATFORD,2015,974.2,False,110427752.0,41072498.0,7322.59
STRATFORD,2016,1068.4000000000003,False,112764984.0,41912560.0,7245.55
SUFFIELD,2007,350.1,False,27630468.0,13029884.0,2495.92
SUFFIELD,2008,360.8,False,38869775.0,23450012.0,2497.0
SUFFIELD,2009,383.9,False,31384169.0,15378576.0,2447.58
SUFFIELD,2010,368.0,False,31917228.0,13067296.0,2440.64
SUFFIELD,2011,368.9,False,32423783.0,14822657.0,2407.78
SUFFIELD,2012,376.3,False,34204716.0,17887712.0,2425.91
SUFFIELD,2013,379.0,False,35308503.0,17289320.0,2384.4
SUFFIELD,2014,372.8,False,35732506.0,17337295.0,2314.15
SUFFIELD,2015,394.3,False,35848599.0,16357768.0,2278.4
SUFFIELD,2016,399.2000000000001,False,37292260.0,16623110.0,2261.12
THOMASTON,2007,186.7,False,13639466.0,6547287.0,1371.13
THOMASTON,2008,192.5,False,17018547.0,10159724.0,1364.64
THOMASTON,2009,178.6,False,14780948.0,7609875.0,1328.08
THOMASTON,2010,175.2,False,13933975.0,6811715.0,1286.29
THOMASTON,2011,174.8,False,14167881.0,6794247.0,1250.79
THOMASTON,2012,178.6,False,15360953.0,8001718.0,1194.26
THOMASTON,2013,171.1,False,15702579.0,8104930.0,1163.48
THOMASTON,2014,162.6,False,15838445.0,8298939.0,1096.62
THOMASTON,2015,152.0,False,15560482.0,8030707.0,1043.97
THOMASTON,2016,154.6,False,15809352.0,8198506.0,1013.79
TOLLAND,2007,459.69999999999993,False,32611898.0,12217566.0,3212.76
TOLLAND,2008,459.2000000000001,False,44228236.0,24366793.0,3207.67
TOLLAND,2009,463.3,False,36943631.0,15758147.0,3230.15
TOLLAND,2010,469.7,False,35747088.0,13731950.0,3244.6
TOLLAND,2011,446.6,False,37744919.0,13912509.0,3116.18
TOLLAND,2012,450.7,False,39416894.0,16850972.0,3018.4
TOLLAND,2013,458.6,False,40346946.0,16502034.0,2949.6
TOLLAND,2014,444.1,False,41193428.0,17105210.0,2873.68
TOLLAND,2015,395.9,False,41845358.0,16383122.0,2791.92
TOLLAND,2016,432.5,False,43158871.0,16861099.0,2710.44
TORRINGTON,2007,725.2,False,59365416.0,33713117.0,4996.87
TORRINGTON,2008,731.4,False,79589776.0,52146004.0,4923.88
TORRINGTON,2009,729.4999999999999,False,67510194.0,36659914.0,4807.71
TORRINGTON,2010,713.1000000000001,False,67508518.0,35269134.0,4784.74
TORRINGTON,2011,705.8999999999999,False,68685012.0,35311896.0,4664.57
TORRINGTON,2012,707.3999999999999,False,69524879.0,36025609.0,4622.59
TORRINGTON,2013,698.5,False,71882551.0,35757107.0,4532.89
TORRINGTON,2014,733.6999999999998,False,76389179.0,36531569.0,4460.38
TORRINGTON,2015,749.6999999999998,False,76790078.0,34990554.0,4482.23
TORRINGTON,2016,763.5,False,78294333.0,36409678.0,4465.63
TRUMBULL,2007,980.6,False,79481884.0,10681625.0,6840.29
TRUMBULL,2008,1026.8,False,84817231.0,12849439.0,6857.5
TRUMBULL,2009,1037.0,False,83200356.0,12711795.0,6810.6
TRUMBULL,2010,1045.0,False,92778603.0,12774601.0,6856.73
TRUMBULL,2011,1042.7,False,95962843.0,12825808.0,6853.81
TRUMBULL,2012,1046.1,False,99657036.0,16295453.0,6799.25
TRUMBULL,2013,1088.0,False,105090812.0,17524070.0,6759.27
TRUMBULL,2014,1088.1,False,109704266.0,18329424.0,6667.87
TRUMBULL,2015,1118.1,False,111191120.0,18574675.0,6586.5
TRUMBULL,2016,1134.0,False,113968828.0,19724597.0,6615.64
UNION,2007,12.1,True,1355749.0,468976.0,112.2
UNION,2008,11.5,True,1458742.0,486071.0,109.0
UNION,2009,12.900000000000002,True,1525478.0,507876.0,110.0
UNION,2010,12.4,True,1569906.0,501564.0,111.19
UNION,2011,13.2,True,1660942.0,509738.0,109.0
UNION,2012,12.3,True,1667621.0,535465.0,103.0
UNION,2013,8.5,True,1739301.0,546054.0,100.0
UNION,2014,13.7,True,1958719.0,608064.0,110.0
UNION,2015,16.6,True,2111063.0,604346.0,109.8
UNION,2016,14.8,True,2137583.0,589749.0,113.0
VERNON,2007,614.5000000000001,False,46567372.0,22279357.0,3801.2
VERNON,2008,600.9,False,61340447.0,37347200.0,3753.32
VERNON,2009,605.0,False,49284455.0,24670932.0,3637.8
VERNON,2010,607.3,False,49302826.0,23875558.0,3738.02
VERNON,2011,605.9,False,52089429.0,24575878.0,3768.89
VERNON,2012,633.8000000000002,False,52300137.0,27838711.0,3750.33
VERNON,2013,623.4000000000002,False,54365055.0,25275405.0,3709.87
VERNON,2014,664.8,False,56788058.0,25613730.0,3658.55
VERNON,2015,626.4999999999999,False,57008315.0,25776430.0,3582.12
VERNON,2016,662.8,False,56591613.0,25120365.0,3512.44
VOLUNTOWN,2007,76.9,True,5886752.0,3374747.0,459.98
VOLUNTOWN,2008,73.4,True,7189140.0,4418273.0,436.19
VOLUNTOWN,2009,76.9,False,6363783.0,3567109.0,434.37
VOLUNTOWN,2010,76.5,False,5976499.0,3025042.0,413.64
VOLUNTOWN,2011,74.3,False,6088931.0,2945209.0,429.92
VOLUNTOWN,2012,71.4,False,6573552.0,3341400.0,435.94
VOLUNTOWN,2013,70.4,False,6716929.0,3537975.0,415.1
VOLUNTOWN,2014,71.0,False,6927162.0,3492893.0,401.11
VOLUNTOWN,2015,70.1,True,7048859.0,3594485.0,405.71
VOLUNTOWN,2016,72.3,True,7215736.0,3939000.0,388.41
WALLINGFORD,2007,1143.5,False,82499000.0,29873000.0,7069.03
WALLINGFORD,2008,1120.8,False,112045000.0,58473000.0,6957.6
WALLINGFORD,2009,1125.0,False,89881000.0,34782000.0,6945.34
WALLINGFORD,2010,1101.9,False,89377000.0,31491000.0,6737.62
WALLINGFORD,2011,1043.5,False,90009000.0,30412000.0,6587.87
WALLINGFORD,2012,1333.2,False,95875000.0,36020000.0,6572.14
WALLINGFORD,2013,1033.5,False,99391000.0,37299000.0,6288.63
WALLINGFORD,2014,1047.0,False,103194000.0,39188000.0,6121.14
WALLINGFORD,2015,1079.1,False,102504000.0,37190000.0,6232.64
WALLINGFORD,2016,1140.7,False,106678000.0,38240000.0,6135.01
WATERBURY,2007,2775.3,False,153285000.0,141738000.0,17819.04
WATERBURY,2008,2819.6999999999994,False,218774000.0,206828000.0,17776.39
WATERBURY,2009,2868.7000000000007,False,169099000.0,155571000.0,17735.58
WATERBURY,2010,2838.4999999999995,False,169827000.0,155303000.0,17623.54
WATERBURY,2011,2575.2,False,168429000.0,153659000.0,17593.61
WATERBURY,2012,2805.2,False,175180000.0,160695000.0,17533.14
WATERBURY,2013,2843.6,False,174373000.0,159594000.0,17787.24
WATERBURY,2014,2876.2,False,180634000.0,160392000.0,17970.4
WATERBURY,2015,2999.9,False,174838000.0,156592000.0,18235.87
WATERBURY,2016,2753.5,False,178411000.0,156610000.0,18382.83
WATERFORD,2007,490.0,False,39575955.0,5097110.0,3319.33
WATERFORD,2008,497.5,False,53331493.0,17984294.0,3317.09
WATERFORD,2009,482.3,False,42948054.0,7045093.0,3256.43
WATERFORD,2010,483.9,False,44312500.0,6471154.0,3241.03
WATERFORD,2011,476.50000000000006,False,45477649.0,6481851.0,3165.79
WATERFORD,2012,459.0,False,47785199.0,7847691.0,3047.76
WATERFORD,2013,455.6,False,49169506.0,8260186.0,3014.42
WATERFORD,2014,459.9,False,50512081.0,8945437.0,2974.65
WATERFORD,2015,472.1,False,50850012.0,9225639.0,2918.43
WATERFORD,2016,466.1,False,50785687.0,8196982.0,2901.53
WATERTOWN,2007,484.79999999999984,False,34388243.0,15054605.0,3502.72
WATERTOWN,2008,484.20000000000016,False,46938079.0,26886008.0,3399.5
WATERTOWN,2009,505.4,False,38620195.0,17032238.0,3334.48
WATERTOWN,2010,501.8,False,38016801.0,17406285.0,3262.8
WATERTOWN,2011,488.6,False,36930006.0,15509642.0,3183.33
WATERTOWN,2012,487.0,False,39592522.0,18470161.0,3097.54
WATERTOWN,2013,412.5,False,42983391.0,18523914.0,3040.11
WATERTOWN,2014,473.7,False,43236872.0,18760371.0,2940.43
WATERTOWN,2015,459.0,False,44456479.0,18117139.0,2870.08
WATERTOWN,2016,453.9,False,45068233.0,19352704.0,2830.26
WEST HARTFORD,2007,1403.1,False,120280000.0,24177000.0,10129.47
WEST HARTFORD,2008,1573.8,False,163032000.0,66234000.0,9999.26
WEST HARTFORD,2009,1583.0000000000002,False,132304000.0,31677000.0,10111.39
WEST HARTFORD,2010,1584.4999999999998,False,131068000.0,28491000.0,10315.31
WEST HARTFORD,2011,1589.6,False,139573000.0,32117000.0,10446.45
WEST HARTFORD,2012,1630.9,False,149600000.0,46477000.0,10439.32
WEST HARTFORD,2013,1651.1999999999996,False,155074000.0,39853000.0,10333.58
WEST HARTFORD,2014,1640.5,False,160266000.0,43115000.0,10296.6
WEST HARTFORD,2015,1631.8000000000004,False,162477000.0,41016000.0,10252.35
WEST HARTFORD,2016,1726.9999999999993,False,167362000.0,44086000.0,10132.47
WEST HAVEN,2007,985.6,False,79758552.0,49025893.0,7585.17
WEST HAVEN,2008,990.7,False,83519298.0,53166570.0,7345.54
WEST HAVEN,2009,985.2,False,78628886.0,49935087.0,7335.32
WEST HAVEN,2010,1055.0,False,88027025.0,56437139.0,7419.41
WEST HAVEN,2011,970.9,False,86890030.0,57689619.0,7554.4
WEST HAVEN,2012,957.2,False,89048477.0,58881010.0,7226.6
WEST HAVEN,2013,966.6,False,89015764.0,62176447.0,7224.26
WEST HAVEN,2014,986.5,False,95107522.0,65232537.0,7194.95
WEST HAVEN,2015,1000.8,False,96506345.0,66698261.0,7081.46
WEST HAVEN,2016,976.7,False,106292923.0,74083784.0,7017.43
WESTBROOK,2007,173.20000000000005,False,12246682.0,2116285.0,1003.0
WESTBROOK,2008,177.60000000000005,False,17263655.0,6444977.0,994.96
WESTBROOK,2009,178.0,False,14224397.0,2729125.0,979.08
WESTBROOK,2010,184.8,False,14639635.0,2684738.0,990.06
WESTBROOK,2011,181.1,False,15326905.0,2550019.0,965.39
WESTBROOK,2012,182.1,False,15984126.0,3067410.0,941.79
WESTBROOK,2013,182.6,False,16815605.0,2641702.0,889.1699999999997
WESTBROOK,2014,186.8,False,17868817.0,3070160.0,851.5
WESTBROOK,2015,187.1,False,17767390.0,3016078.0,817.96
WESTBROOK,2016,190.1,False,19167229.0,3085411.0,782.98
WESTON,2007,420.1,False,42079139.0,3626755.0,2623.78
WESTON,2008,431.0,False,44575275.0,4127906.0,2587.5
WESTON,2009,401.4,False,46690495.0,4354755.0,2581.69
WESTON,2010,399.0,False,46822322.0,4228009.0,2558.96
WESTON,2011,423.2000000000001,False,48587207.0,4602203.0,2530.77
WESTON,2012,424.9,False,50570007.0,5694609.0,2485.24
WESTON,2013,377.7,False,50549481.0,5788270.0,2420.87
WESTON,2014,361.6,False,51229491.0,6500404.0,2405.33
WESTON,2015,421.1,False,53337314.0,6815652.0,2389.28
WESTON,2016,418.5,False,55344610.0,6964897.0,2383.27
WESTPORT,2007,1068.9999999999998,False,86893706.0,2820268.0,5586.3
WESTPORT,2008,1098.0,False,94663527.0,3725314.0,5689.14
WESTPORT,2009,1108.2,False,96336567.0,4257651.0,5787.03
WESTPORT,2010,1086.0,False,102371249.0,3432537.0,5704.45
WESTPORT,2011,1072.6,False,108169179.0,4500989.0,5738.91
WESTPORT,2012,1047.2,False,113131404.0,4305131.0,5720.86
WESTPORT,2013,1057.6,False,115994712.0,4478950.0,5762.21
WESTPORT,2014,957.9,False,121252479.0,4098193.0,5745.72
WESTPORT,2015,1255.9,False,125459324.0,4106375.0,5716.44
WESTPORT,2016,984.3,False,126750713.0,3565024.0,5717.08
WETHERSFIELD,2007,610.5,False,45250664.0,10009012.0,3944.06
WETHERSFIELD,2008,619.6,False,61482749.0,26025271.0,3921.22
WETHERSFIELD,2009,603.1,False,51564577.0,14000914.0,3965.97
WETHERSFIELD,2010,608.4,False,54093101.0,14093177.0,3945.63
WETHERSFIELD,2011,623.1,False,54344069.0,14296441.0,3930.27
WETHERSFIELD,2012,596.9,False,55269575.0,16674045.0,3857.07
WETHERSFIELD,2013,599.9,False,58303580.0,16262260.0,3877.95
WETHERSFIELD,2014,627.7,False,60950236.0,17339290.0,3921.26
WETHERSFIELD,2015,508.3,False,61943559.0,16368042.0,3933.47
WETHERSFIELD,2016,631.0999999999998,False,64994570.0,17549567.0,3971.05
WILLINGTON,2007,119.0,False,11052362.0,4039010.0,855.5
WILLINGTON,2008,121.6,False,13651672.0,6845694.0,852.68
WILLINGTON,2009,122.4,False,11500140.0,4737617.0,821.61
WILLINGTON,2010,123.0,False,11643506.0,4164989.0,824.09
WILLINGTON,2011,115.6,False,12108577.0,4652039.0,799.23
WILLINGTON,2012,114.0,False,12568247.0,5042271.0,790.69
WILLINGTON,2013,97.2,False,12924389.0,4980306.0,737.58
WILLINGTON,2014,94.7,False,12886316.0,5137701.0,709.91
WILLINGTON,2015,91.2,False,12994977.0,5157470.0,678.4500000000003
WILLINGTON,2016,88.7,False,12973852.0,5047739.0,672.93
WILTON,2007,696.0,False,63652774.0,7669044.0,4385.66
WILTON,2008,680.5,False,69063730.0,8967861.0,4385.26
WILTON,2009,686.1,False,73939700.0,9476225.0,4395.96
WILTON,2010,692.9,False,75499566.0,8650886.0,4360.57
WILTON,2011,668.1999999999998,False,74243675.0,8951916.0,4331.64
WILTON,2012,667.1,False,80058760.0,11141142.0,4309.63
WILTON,2013,687.2000000000003,False,82539363.0,11311495.0,4296.63
WILTON,2014,675.5,False,85352764.0,13140788.0,4312.67
WILTON,2015,690.1999999999998,False,86677283.0,11115023.0,4269.32
WILTON,2016,665.4000000000002,False,89568730.0,11964934.0,4155.3
WINDSOR,2007,760.7,False,57431966.0,17014499.0,4589.58
WINDSOR,2008,736.1999999999998,False,61406479.0,19912200.0,4560.17
WINDSOR,2009,731.9000000000002,False,63321537.0,21033244.0,4461.22
WINDSOR,2010,697.4000000000002,False,63097716.0,19483098.0,4271.85
WINDSOR,2011,680.3,False,64675805.0,19819257.0,4153.88
WINDSOR,2012,690.6,False,67390801.0,21115541.0,4073.98
WINDSOR,2013,731.0,False,68251357.0,21410871.0,4019.78
WINDSOR,2014,721.8,False,70387913.0,22298413.0,3936.24
WINDSOR,2015,749.8,False,72051878.0,22366478.0,3889.09
WINDSOR,2016,726.0,False,72839199.0,21906514.0,3936.72
WINDSOR LOCKS,2007,356.7,False,25875202.0,12669520.0,2037.4
WINDSOR LOCKS,2008,363.1,False,34638721.0,21681030.0,1963.86
WINDSOR LOCKS,2009,374.2000000000001,False,28780888.0,14907575.0,1972.51
WINDSOR LOCKS,2010,358.7000000000001,False,29433589.0,14162353.0,1916.58
WINDSOR LOCKS,2011,360.9,False,29185597.0,14469734.0,1889.86
WINDSOR LOCKS,2012,343.5,False,30503362.0,16318822.0,1861.37
WINDSOR LOCKS,2013,350.8,False,31350999.0,15521733.0,1834.61
WINDSOR LOCKS,2014,356.50000000000006,False,32609424.0,15923535.0,1783.42
WINDSOR LOCKS,2015,375.3,False,32258906.0,14563701.0,1714.58
WINDSOR LOCKS,2016,396.8,False,33117510.0,14887378.0,1703.28
WOLCOTT,2007,446.3,False,31757375.0,16587400.0,3267.93
WOLCOTT,2008,454.3,False,42421162.0,27835970.0,3242.81
WOLCOTT,2009,446.3,False,34412326.0,19137742.0,3099.48
WOLCOTT,2010,434.00000000000006,True,32891047.0,16944344.0,3027.17
WOLCOTT,2011,425.0,False,32768203.0,17156857.0,2979.94
WOLCOTT,2012,412.19999999999993,False,35565637.0,19263593.0,2908.38
WOLCOTT,2013,411.3,False,36419835.0,20168083.0,2811.56
WOLCOTT,2014,396.1,False,37034923.0,20711146.0,2720.2
WOLCOTT,2015,406.6,False,37739030.0,20699671.0,2585.76
WOLCOTT,2016,401.2,False,37563529.0,20092505.0,2546.62
WOODBRIDGE,2007,134.3,False,23607817.0,1670947.0,1670.74
WOODBRIDGE,2008,139.2,False,13105467.0,1976832.0,1620.13
WOODBRIDGE,2009,139.2,False,25361808.0,2017833.0,1574.78
WOODBRIDGE,2010,136.2,False,25751808.0,1859771.0,1537.87
WOODBRIDGE,2011,130.2,False,25758313.0,1953014.0,1511.22
WOODBRIDGE,2012,130.7,False,26627017.0,2628553.0,1487.03
WOODBRIDGE,2013,127.2,False,26719822.0,2939803.0,1463.84
WOODBRIDGE,2014,128.2,False,27642754.0,2753321.0,1483.64
WOODBRIDGE,2015,81.5,True,28571588.0,2789596.0,1497.23
WOODBRIDGE,2016,131.6,False,29222217.0,2769051.0,1487.72
WOODSTOCK,2007,154.2,False,14730956.0,6355528.0,1432.13
WOODSTOCK,2008,170.7,False,15595390.0,6926398.0,1420.98
WOODSTOCK,2009,169.1,False,16072398.0,7457258.0,1411.77
WOODSTOCK,2010,168.0,False,16248453.0,7356429.0,1385.9
WOODSTOCK,2011,164.1,False,16265285.0,7088491.0,1383.76
WOODSTOCK,2012,162.1,False,16588443.0,7267052.0,1337.59
WOODSTOCK,2013,166.20000000000005,False,16844128.0,7561764.0,1312.5
WOODSTOCK,2014,162.79999999999995,False,17459851.0,7272547.0,1319.62
WOODSTOCK,2015,154.8,False,17492430.0,7061438.0,1301.8
WOODSTOCK,2016,153.79999999999995,False,17577537.0,7059787.0,1264.53
