City,report_year,Payment
ANSONIA,2004,11971916
ANSONIA,2005,12208280
ANSONIA,2006,12777406
ANSONIA,2007,12841646
ANSONIA,2008,14394773
ANSONIA,2009,14844939
ANSONIA,2010,14951227
ANSONIA,2011,14994722
ANSONIA,2012,14970112
ANSONIA,2013,15016424
ANSONIA,2014,15024433
ANSONIA,2015,15052998
ANSONIA,2016,15023989
ANSONIA,2017,14918869
ANSONIA,2018,15008498
AVON,2004,645790
AVON,2005,779236
AVON,2006,808870
AVON,2007,788010
AVON,2008,1191189
AVON,2009,1243373
AVON,2010,1107911
AVON,2011,1227462
AVON,2012,1254193
AVON,2013,1215717
AVON,2014,1232052
AVON,2015,1258240
AVON,2016,1207268
AVON,2017,753989
AVON,2018,615146
BERLIN,2004,4107735
BERLIN,2005,4434846
BERLIN,2006,4698428
BERLIN,2007,4735915
BERLIN,2008,5983437
BERLIN,2009,6205239
BERLIN,2010,6103414
BERLIN,2011,6177811
BERLIN,2012,6143835
BERLIN,2013,6256477
BERLIN,2014,6308120
BERLIN,2015,6332782
BERLIN,2016,6294062
BERLIN,2017,6233686
BERLIN,2018,5373271
BETHEL,2004,6875202
BETHEL,2005,7149036
BETHEL,2006,7370981
BETHEL,2007,7364577
BETHEL,2008,7807750
BETHEL,2009,8160712
BETHEL,2010,8151349
BETHEL,2011,8198937
BETHEL,2012,8177221
BETHEL,2013,8210370
BETHEL,2014,8248659
BETHEL,2015,8290545
BETHEL,2016,8276741
BETHEL,2017,8128052
BETHEL,2018,7031632
BLOOMFIELD,2004,2756837
BLOOMFIELD,2005,3751392
BLOOMFIELD,2006,4019327
BLOOMFIELD,2007,4082582
BLOOMFIELD,2008,5344521
BLOOMFIELD,2009,5464227
BLOOMFIELD,2010,5514544
BLOOMFIELD,2011,5399641
BLOOMFIELD,2012,5394223
BLOOMFIELD,2013,5385009
BLOOMFIELD,2014,5397793
BLOOMFIELD,2015,5419868
BLOOMFIELD,2016,5402974
BLOOMFIELD,2017,5389028
BLOOMFIELD,2018,5317993
BOLTON,2004,2448276
BOLTON,2005,2491108
BOLTON,2006,2535860
BOLTON,2007,2561956
BOLTON,2008,2906375
BOLTON,2009,3034684
BOLTON,2010,3023900
BOLTON,2011,2981910
BOLTON,2012,3044546
BOLTON,2013,3054665
BOLTON,2014,3036036
BOLTON,2015,3061138
BOLTON,2016,3057224
BOLTON,2017,2975184
BOLTON,2018,2558995
BOZRAH,2004,960249
BOZRAH,2005,1013453
BOZRAH,2006,1059194
BOZRAH,2007,1061359
BOZRAH,2008,1182310
BOZRAH,2009,1229025
BOZRAH,2010,1206546
BOZRAH,2011,1153975
BOZRAH,2012,1328150
BOZRAH,2013,1236766
BOZRAH,2014,1218851
BOZRAH,2015,1251785
BOZRAH,2016,1254433
BOZRAH,2017,1218189
BOZRAH,2018,1064932
BRANFORD,2004,1240178
BRANFORD,2005,1292801
BRANFORD,2006,1295968
BRANFORD,2007,1397866
BRANFORD,2008,1648530
BRANFORD,2009,1766972
BRANFORD,2010,1718653
BRANFORD,2011,1751337
BRANFORD,2012,1813823
BRANFORD,2013,1853934
BRANFORD,2014,1856796
BRANFORD,2015,1891038
BRANFORD,2016,2116669
BRANFORD,2017,2220292
BRANFORD,2018,1852040
BRIDGEPORT,2004,140283857
BRIDGEPORT,2005,141629003
BRIDGEPORT,2006,145606964
BRIDGEPORT,2007,146274743
BRIDGEPORT,2008,153919745
BRIDGEPORT,2009,161366656
BRIDGEPORT,2010,162835866
BRIDGEPORT,2011,162818647
BRIDGEPORT,2012,162594811
BRIDGEPORT,2013,163978224
BRIDGEPORT,2014,164201553
BRIDGEPORT,2015,164382005
BRIDGEPORT,2016,164414382
BRIDGEPORT,2017,164274690
BRIDGEPORT,2018,164025577
BRISTOL,2004,33288798
BRISTOL,2005,33764963
BRISTOL,2006,35219914
BRISTOL,2007,35494122
BRISTOL,2008,40101462
BRISTOL,2009,41674605
BRISTOL,2010,41338292
BRISTOL,2011,41497046
BRISTOL,2012,41613433
BRISTOL,2013,41696950
BRISTOL,2014,41622349
BRISTOL,2015,41511700
BRISTOL,2016,41643831
BRISTOL,2017,41420177
BRISTOL,2018,40905612
BROOKFIELD,2004,1106544
BROOKFIELD,2005,1144668
BROOKFIELD,2006,1208235
BROOKFIELD,2007,1211588
BROOKFIELD,2008,1466511
BROOKFIELD,2009,1542213
BROOKFIELD,2010,1525479
BROOKFIELD,2011,1529073
BROOKFIELD,2012,1579978
BROOKFIELD,2013,1535698
BROOKFIELD,2014,1615266
BROOKFIELD,2015,1430333
BROOKFIELD,2016,1142093
BROOKFIELD,2017,1392729
BROOKFIELD,2018,1225281
BROOKLYN,2004,5657923
BROOKLYN,2005,5746601
BROOKLYN,2006,5967693
BROOKLYN,2007,6011496
BROOKLYN,2008,6696495
BROOKLYN,2009,6979807
BROOKLYN,2010,7002744
BROOKLYN,2011,6891941
BROOKLYN,2012,6990190
BROOKLYN,2013,7032381
BROOKLYN,2014,7094411
BROOKLYN,2015,7077461
BROOKLYN,2016,7069947
BROOKLYN,2017,6963806
BROOKLYN,2018,6051008
CANTERBURY,2004,4021842
CANTERBURY,2005,4211480
CANTERBURY,2006,4334904
CANTERBURY,2007,4369210
CANTERBURY,2008,4558569
CANTERBURY,2009,4726097
CANTERBURY,2010,4733625
CANTERBURY,2011,4737342
CANTERBURY,2012,4713739
CANTERBURY,2013,4765679
CANTERBURY,2014,4740458
CANTERBURY,2015,4646983
CANTERBURY,2016,4747745
CANTERBURY,2017,4666559
CANTERBURY,2018,4051961
CANTON,2004,2282972
CANTON,2005,2490005
CANTON,2006,2584046
CANTON,2007,2590005
CANTON,2008,3281660
CANTON,2009,3386267
CANTON,2010,3318261
CANTON,2011,3365013
CANTON,2012,3340608
CANTON,2013,3437701
CANTON,2014,3419549
CANTON,2015,3385315
CANTON,2016,3487103
CANTON,2017,3410842
CANTON,2018,2955069
CHESHIRE,2004,7057649
CHESHIRE,2005,7343753
CHESHIRE,2006,7564382
CHESHIRE,2007,7576451
CHESHIRE,2008,8904318
CHESHIRE,2009,9280597
CHESHIRE,2010,9292064
CHESHIRE,2011,9298460
CHESHIRE,2012,9338186
CHESHIRE,2013,9341304
CHESHIRE,2014,9417401
CHESHIRE,2015,9560226
CHESHIRE,2016,9734658
CHESHIRE,2017,9411555
CHESHIRE,2018,8056873
CLINTON,2004,5519025
CLINTON,2005,5736379
CLINTON,2006,5921071
CLINTON,2007,5958535
CLINTON,2008,6225601
CLINTON,2009,6439027
CLINTON,2010,6478650
CLINTON,2011,6431672
CLINTON,2012,6446019
CLINTON,2013,6527971
CLINTON,2014,6510363
CLINTON,2015,6538203
CLINTON,2016,6447066
CLINTON,2017,6334159
CLINTON,2018,5507703
COLCHESTER,2004,10960227
COLCHESTER,2005,11099736
COLCHESTER,2006,11494647
COLCHESTER,2007,11540190
COLCHESTER,2008,12960643
COLCHESTER,2009,13529614
COLCHESTER,2010,13528554
COLCHESTER,2011,13563797
COLCHESTER,2012,13550768
COLCHESTER,2013,13759751
COLCHESTER,2014,13752393
COLCHESTER,2015,13765334
COLCHESTER,2016,13768328
COLCHESTER,2017,13497726
COLCHESTER,2018,11733946
COLUMBIA,2004,1987407
COLUMBIA,2005,2080493
COLUMBIA,2006,2163767
COLUMBIA,2007,2168721
COLUMBIA,2008,2476740
COLUMBIA,2009,2544233
COLUMBIA,2010,2494239
COLUMBIA,2011,2538182
COLUMBIA,2012,2560015
COLUMBIA,2013,2499739
COLUMBIA,2014,2507669
COLUMBIA,2015,2601682
COLUMBIA,2016,2531958
COLUMBIA,2017,2552497
COLUMBIA,2018,2236816
COVENTRY,2004,7286420
COVENTRY,2005,7481219
COVENTRY,2006,7713993
COVENTRY,2007,7718622
COVENTRY,2008,8474296
COVENTRY,2009,8836100
COVENTRY,2010,8870875
COVENTRY,2011,8873843
COVENTRY,2012,8819657
COVENTRY,2013,8951443
COVENTRY,2014,8974835
COVENTRY,2015,8926913
COVENTRY,2016,8955329
COVENTRY,2017,8779526
COVENTRY,2018,7580352
CROMWELL,2004,3000865
CROMWELL,2005,3192777
CROMWELL,2006,3306772
CROMWELL,2007,3314005
CROMWELL,2008,4133317
CROMWELL,2009,4300089
CROMWELL,2010,4315263
CROMWELL,2011,4329592
CROMWELL,2012,4308694
CROMWELL,2013,4447519
CROMWELL,2014,4466977
CROMWELL,2015,4545886
CROMWELL,2016,4581199
CROMWELL,2017,4613849
CROMWELL,2018,4068724
DANBURY,2004,15211231
DANBURY,2005,16223672
DANBURY,2006,17328760
DANBURY,2007,17582239
DANBURY,2008,21867666
DANBURY,2009,22584313
DANBURY,2010,22656194
DANBURY,2011,22891966
DANBURY,2012,22801561
DANBURY,2013,22904960
DANBURY,2014,22976456
DANBURY,2015,22966531
DANBURY,2016,22832338
DANBURY,2017,22921181
DANBURY,2018,22637687
DARIEN,2004,629000
DARIEN,2005,1055770
DARIEN,2006,1108345
DARIEN,2007,1165460
DARIEN,2008,1673060
DARIEN,2009,1743772
DARIEN,2010,1540659
DARIEN,2011,1879855
DARIEN,2012,1716068
DARIEN,2013,1732977
DARIEN,2014,1651109
DARIEN,2015,1469077
DARIEN,2016,1326476
DARIEN,2017,502817
DARIEN,2018,416116
DERBY,2004,5714213
DERBY,2005,5914368
DERBY,2006,6059406
DERBY,2007,6062264
DERBY,2008,6545641
DERBY,2009,6830535
DERBY,2010,6872262
DERBY,2011,6807725
DERBY,2012,6856032
DERBY,2013,6855153
DERBY,2014,6836472
DERBY,2015,6959232
DERBY,2016,6842362
DERBY,2017,6893301
DERBY,2018,6857372
EAST GRANBY,2004,655107
EAST GRANBY,2005,761252
EAST GRANBY,2006,808771
EAST GRANBY,2007,821193
EAST GRANBY,2008,1267929
EAST GRANBY,2009,1306165
EAST GRANBY,2010,1310117
EAST GRANBY,2011,1304670
EAST GRANBY,2012,1304900
EAST GRANBY,2013,1353434
EAST GRANBY,2014,1366004
EAST GRANBY,2015,1380756
EAST GRANBY,2016,1420768
EAST GRANBY,2017,1427087
EAST GRANBY,2018,1257143
EAST HADDAM,2004,3011278
EAST HADDAM,2005,2999488
EAST HADDAM,2006,3118298
EAST HADDAM,2007,3094117
EAST HADDAM,2008,3608535
EAST HADDAM,2009,3646494
EAST HADDAM,2010,3709403
EAST HADDAM,2011,3718150
EAST HADDAM,2012,3697641
EAST HADDAM,2013,3756944
EAST HADDAM,2014,3766860
EAST HADDAM,2015,3765704
EAST HADDAM,2016,3682589
EAST HADDAM,2017,3731058
EAST HADDAM,2018,3205233
EAST HAMPTON,2004,5917573
EAST HAMPTON,2005,6132373
EAST HAMPTON,2006,6437800
EAST HAMPTON,2007,6459851
EAST HAMPTON,2008,7298952
EAST HAMPTON,2009,7598829
EAST HAMPTON,2010,7573727
EAST HAMPTON,2011,7604634
EAST HAMPTON,2012,7559422
EAST HAMPTON,2013,7673234
EAST HAMPTON,2014,7711108
EAST HAMPTON,2015,7672767
EAST HAMPTON,2016,7723810
EAST HAMPTON,2017,7551032
EAST HAMPTON,2018,6563289
EAST HARTFORD,2004,31529439
EAST HARTFORD,2005,32593156
EAST HARTFORD,2006,34848926
EAST HARTFORD,2007,34553429
EAST HARTFORD,2008,38433435
EAST HARTFORD,2009,40938236
EAST HARTFORD,2010,41509066
EAST HARTFORD,2011,41698986
EAST HARTFORD,2012,41786570
EAST HARTFORD,2013,41649474
EAST HARTFORD,2014,41650528
EAST HARTFORD,2015,41900564
EAST HARTFORD,2016,41687708
EAST HARTFORD,2017,41656477
EAST HARTFORD,2018,41503095
EAST HAVEN,2004,15982675
EAST HAVEN,2005,16291667
EAST HAVEN,2006,16777696
EAST HAVEN,2007,16834740
EAST HAVEN,2008,17983752
EAST HAVEN,2009,18748275
EAST HAVEN,2010,18772081
EAST HAVEN,2011,18724193
EAST HAVEN,2012,18780393
EAST HAVEN,2013,18778306
EAST HAVEN,2014,18447831
EAST HAVEN,2015,18755463
EAST HAVEN,2016,18699726
EAST HAVEN,2017,18774760
EAST HAVEN,2018,18647492
EAST LYME,2004,6191574
EAST LYME,2005,6317553
EAST LYME,2006,6524033
EAST LYME,2007,6526774
EAST LYME,2008,6810442
EAST LYME,2009,7140827
EAST LYME,2010,7033210
EAST LYME,2011,7111155
EAST LYME,2012,7146111
EAST LYME,2013,7130164
EAST LYME,2014,7128356
EAST LYME,2015,7063959
EAST LYME,2016,7150153
EAST LYME,2017,6949779
EAST LYME,2018,5971838
EAST WINDSOR,2004,4215397
EAST WINDSOR,2005,4337368
EAST WINDSOR,2006,4529042
EAST WINDSOR,2007,4619977
EAST WINDSOR,2008,5280932
EAST WINDSOR,2009,5464110
EAST WINDSOR,2010,5465085
EAST WINDSOR,2011,5488412
EAST WINDSOR,2012,5492363
EAST WINDSOR,2013,5465792
EAST WINDSOR,2014,5471194
EAST WINDSOR,2015,5475227
EAST WINDSOR,2016,5451690
EAST WINDSOR,2017,5486554
EAST WINDSOR,2018,5448142
EASTFORD,2004,893729
EASTFORD,2005,930505
EASTFORD,2006,958494
EASTFORD,2007,945585
EASTFORD,2008,1051145
EASTFORD,2009,1109866
EASTFORD,2010,1109871
EASTFORD,2011,1109873
EASTFORD,2012,1109873
EASTFORD,2013,1116844
EASTFORD,2014,1116844
EASTFORD,2015,1116844
EASTFORD,2016,1115561
EASTFORD,2017,1092027
EASTFORD,2018,950624
ELLINGTON,2004,7710482
ELLINGTON,2005,7778243
ELLINGTON,2006,8019544
ELLINGTON,2007,8007442
ELLINGTON,2008,9121394
ELLINGTON,2009,9487035
ELLINGTON,2010,9475597
ELLINGTON,2011,9489671
ELLINGTON,2012,9464509
ELLINGTON,2013,9652533
ELLINGTON,2014,9677638
ELLINGTON,2015,9689494
ELLINGTON,2016,9773751
ELLINGTON,2017,9700530
ELLINGTON,2018,8424841
ENFIELD,2004,22407998
ENFIELD,2005,23256084
ENFIELD,2006,24201663
ENFIELD,2007,24331338
ENFIELD,2008,27152307
ENFIELD,2009,28086586
ENFIELD,2010,28314682
ENFIELD,2011,28258641
ENFIELD,2012,28567636
ENFIELD,2013,28817272
ENFIELD,2014,28953131
ENFIELD,2015,28892001
ENFIELD,2016,29212369
ENFIELD,2017,28570768
ENFIELD,2018,24794788
FAIRFIELD,2004,2068725
FAIRFIELD,2005,2269631
FAIRFIELD,2006,2513849
FAIRFIELD,2007,2600786
FAIRFIELD,2008,3508748
FAIRFIELD,2009,3386915
FAIRFIELD,2010,3646145
FAIRFIELD,2011,3628284
FAIRFIELD,2012,3568073
FAIRFIELD,2013,3633181
FAIRFIELD,2014,3584813
FAIRFIELD,2015,3835128
FAIRFIELD,2016,3535104
FAIRFIELD,2017,1095886
FAIRFIELD,2018,947571
FARMINGTON,2004,900897
FARMINGTON,2005,1039988
FARMINGTON,2006,1107548
FARMINGTON,2007,1099629
FARMINGTON,2008,1576306
FARMINGTON,2009,1602067
FARMINGTON,2010,1566345
FARMINGTON,2011,1612250
FARMINGTON,2012,1580800
FARMINGTON,2013,1610310
FARMINGTON,2014,1637675
FARMINGTON,2015,1617748
FARMINGTON,2016,1559944
FARMINGTON,2017,1036574
FARMINGTON,2018,752106
FRANKLIN,2004,780622
FRANKLIN,2005,751052
FRANKLIN,2006,776792
FRANKLIN,2007,784139
FRANKLIN,2008,889853
FRANKLIN,2009,914278
FRANKLIN,2010,913164
FRANKLIN,2011,941077
FRANKLIN,2012,941462
FRANKLIN,2013,949427
FRANKLIN,2014,949022
FRANKLIN,2015,1079977
FRANKLIN,2016,948161
FRANKLIN,2017,1056888
FRANKLIN,2018,797746
GLASTONBURY,2004,3723771
GLASTONBURY,2005,3802060
GLASTONBURY,2006,3910632
GLASTONBURY,2007,3883681
GLASTONBURY,2008,5997448
GLASTONBURY,2009,6050168
GLASTONBURY,2010,6197128
GLASTONBURY,2011,6237168
GLASTONBURY,2012,6181805
GLASTONBURY,2013,6408654
GLASTONBURY,2014,6512384
GLASTONBURY,2015,6536191
GLASTONBURY,2016,6585691
GLASTONBURY,2017,6586711
GLASTONBURY,2018,5659951
GRANBY,2004,3890627
GRANBY,2005,4003649
GRANBY,2006,4183745
GRANBY,2007,4197712
GRANBY,2008,5144984
GRANBY,2009,5362372
GRANBY,2010,5356793
GRANBY,2011,5374858
GRANBY,2012,5395365
GRANBY,2013,5485745
GRANBY,2014,5521956
GRANBY,2015,5543975
GRANBY,2016,5587986
GRANBY,2017,5526041
GRANBY,2018,4813010
GREENWICH,2004,1967171
GREENWICH,2005,2219455
GREENWICH,2006,2386859
GREENWICH,2007,2063004
GREENWICH,2008,3379632
GREENWICH,2009,3434462
GREENWICH,2010,3280424
GREENWICH,2011,3435862
GREENWICH,2012,3467413
GREENWICH,2013,3553320
GREENWICH,2014,3794659
GREENWICH,2015,3647012
GREENWICH,2016,3127328
GREENWICH,2017,361188
GREENWICH,2018,61729
GRISWOLD,2004,8933413
GRISWOLD,2005,9231517
GRISWOLD,2006,9479487
GRISWOLD,2007,9517549
GRISWOLD,2008,10309445
GRISWOLD,2009,10689579
GRISWOLD,2010,10688192
GRISWOLD,2011,10716880
GRISWOLD,2012,10747613
GRISWOLD,2013,10881779
GRISWOLD,2014,10937610
GRISWOLD,2015,10923542
GRISWOLD,2016,10980367
GRISWOLD,2017,10767780
GRISWOLD,2018,9361322
GROTON,2004,22379312
GROTON,2005,22526582
GROTON,2006,23223115
GROTON,2007,23258804
GROTON,2008,24348341
GROTON,2009,25308705
GROTON,2010,25325436
GROTON,2011,25395667
GROTON,2012,25358393
GROTON,2013,25540640
GROTON,2014,25571522
GROTON,2015,25532449
GROTON,2016,25753096
GROTON,2017,24979526
GROTON,2018,24903311
GUILFORD,2004,2624359
GUILFORD,2005,2842237
GUILFORD,2006,2927919
GUILFORD,2007,2884466
GUILFORD,2008,2979932
GUILFORD,2009,3056651
GUILFORD,2010,3078647
GUILFORD,2011,3043298
GUILFORD,2012,3044113
GUILFORD,2013,3120738
GUILFORD,2014,3169203
GUILFORD,2015,3083678
GUILFORD,2016,2978067
GUILFORD,2017,3028579
GUILFORD,2018,2354601
HAMDEN,2004,17314742
HAMDEN,2005,18480523
HAMDEN,2006,19375046
HAMDEN,2007,19511592
HAMDEN,2008,22102649
HAMDEN,2009,22953133
HAMDEN,2010,22925180
HAMDEN,2011,23056850
HAMDEN,2012,23014903
HAMDEN,2013,23026161
HAMDEN,2014,23067312
HAMDEN,2015,23079362
HAMDEN,2016,23050763
HAMDEN,2017,22975356
HAMDEN,2018,22839905
HARTFORD,2004,163350962
HARTFORD,2005,164040794
HARTFORD,2006,169206599
HARTFORD,2007,169077402
HARTFORD,2008,176869463
HARTFORD,2009,185563034
HARTFORD,2010,187204935
HARTFORD,2011,187529518
HARTFORD,2012,187631468
HARTFORD,2013,187912089
HARTFORD,2014,187196519
HARTFORD,2015,187705523
HARTFORD,2016,188198020
HARTFORD,2017,187921492
HARTFORD,2018,186667434
HARTLAND,2004,1138699
HARTLAND,2005,1187971
HARTLAND,2006,1225073
HARTLAND,2007,1207814
HARTLAND,2008,1292334
HARTLAND,2009,1352372
HARTLAND,2010,1352321
HARTLAND,2011,1338222
HARTLAND,2012,1350852
HARTLAND,2013,1350914
HARTLAND,2014,1359929
HARTLAND,2015,1359587
HARTLAND,2016,1356872
HARTLAND,2017,1295184
HARTLAND,2018,1155419
KILLINGLY,2004,13046082
KILLINGLY,2005,13159614
KILLINGLY,2006,13563712
KILLINGLY,2007,13659447
KILLINGLY,2008,14639273
KILLINGLY,2009,15143792
KILLINGLY,2010,15188150
KILLINGLY,2011,15125328
KILLINGLY,2012,15225671
KILLINGLY,2013,15267223
KILLINGLY,2014,15277676
KILLINGLY,2015,15266600
KILLINGLY,2016,15190552
KILLINGLY,2017,15239336
KILLINGLY,2018,15267576
LEBANON,2004,4361953
LEBANON,2005,4495755
LEBANON,2006,4653807
LEBANON,2007,4684095
LEBANON,2008,5222144
LEBANON,2009,5380079
LEBANON,2010,5416725
LEBANON,2011,5444713
LEBANON,2012,5467511
LEBANON,2013,5548440
LEBANON,2014,5558950
LEBANON,2015,5509273
LEBANON,2016,5476521
LEBANON,2017,5420706
LEBANON,2018,4707282
LEDYARD,2004,9903937
LEDYARD,2005,10230141
LEDYARD,2006,10497369
LEDYARD,2007,10538687
LEDYARD,2008,11536813
LEDYARD,2009,12021691
LEDYARD,2010,12004016
LEDYARD,2011,12010130
LEDYARD,2012,11940492
LEDYARD,2013,12134320
LEDYARD,2014,12136381
LEDYARD,2015,12124930
LEDYARD,2016,12163750
LEDYARD,2017,11970235
LEDYARD,2018,10386665
LISBON,2004,3210823
LISBON,2005,3352596
LISBON,2006,3453381
LISBON,2007,3471779
LISBON,2008,3744560
LISBON,2009,3891179
LISBON,2010,3900758
LISBON,2011,3905450
LISBON,2012,3901077
LISBON,2013,3915618
LISBON,2014,3934014
LISBON,2015,3921291
LISBON,2016,3896404
LISBON,2017,3524071
LISBON,2018,3067705
LITCHFIELD,2004,1042609
LITCHFIELD,2005,1112164
LITCHFIELD,2006,1139321
LITCHFIELD,2007,1149602
LITCHFIELD,2008,1419600
LITCHFIELD,2009,1435340
LITCHFIELD,2010,1459541
LITCHFIELD,2011,1480176
LITCHFIELD,2012,1475684
LITCHFIELD,2013,1502353
LITCHFIELD,2014,1513543
LITCHFIELD,2015,1502746
LITCHFIELD,2016,1526744
LITCHFIELD,2017,1450319
LITCHFIELD,2018,1245074
MADISON,2004,948247
MADISON,2005,1086641
MADISON,2006,1039937
MADISON,2007,1110094
MADISON,2008,1593968
MADISON,2009,1548274
MADISON,2010,1492319
MADISON,2011,1561340
MADISON,2012,1572993
MADISON,2013,1562083
MADISON,2014,1581349
MADISON,2015,1585276
MADISON,2016,1577768
MADISON,2017,444380
MADISON,2018,369437
MANCHESTER,2004,24881428
MANCHESTER,2005,25391461
MANCHESTER,2006,26247288
MANCHESTER,2007,26390128
MANCHESTER,2008,29377931
MANCHESTER,2009,30448358
MANCHESTER,2010,30584121
MANCHESTER,2011,30498711
MANCHESTER,2012,30644815
MANCHESTER,2013,30510211
MANCHESTER,2014,30593408
MANCHESTER,2015,30550079
MANCHESTER,2016,30593874
MANCHESTER,2017,30617697
MANCHESTER,2018,30372059
MERIDEN,2004,43543685
MERIDEN,2005,44537036
MERIDEN,2006,46331310
MERIDEN,2007,46425260
MERIDEN,2008,50473174
MERIDEN,2009,53177108
MERIDEN,2010,53636011
MERIDEN,2011,53773679
MERIDEN,2012,53784696
MERIDEN,2013,53648710
MERIDEN,2014,53597816
MERIDEN,2015,53436187
MERIDEN,2016,53762573
MERIDEN,2017,53687450
MERIDEN,2018,53584040
MIDDLETOWN,2004,12280668
MIDDLETOWN,2005,12826369
MIDDLETOWN,2006,13484519
MIDDLETOWN,2007,13621805
MIDDLETOWN,2008,15496389
MIDDLETOWN,2009,16488193
MIDDLETOWN,2010,16602356
MIDDLETOWN,2011,16656633
MIDDLETOWN,2012,16663355
MIDDLETOWN,2013,16791289
MIDDLETOWN,2014,17008000
MIDDLETOWN,2015,16756506
MIDDLETOWN,2016,16593361
MIDDLETOWN,2017,16715180
MIDDLETOWN,2018,16499189
MILFORD,2004,9042632
MILFORD,2005,9540439
MILFORD,2006,9828515
MILFORD,2007,9793722
MILFORD,2008,10296397
MILFORD,2009,10752906
MILFORD,2010,10694968
MILFORD,2011,10748323
MILFORD,2012,10731037
MILFORD,2013,11063417
MILFORD,2014,11260198
MILFORD,2015,11411592
MILFORD,2016,11388235
MILFORD,2017,10867536
MILFORD,2018,9266234
MONROE,2004,5279429
MONROE,2005,5508322
MONROE,2006,5650422
MONROE,2007,5696181
MONROE,2008,6261450
MONROE,2009,6497338
MONROE,2010,6522767
MONROE,2011,6580488
MONROE,2012,6570660
MONROE,2013,6613210
MONROE,2014,6594051
MONROE,2015,6677020
MONROE,2016,6539105
MONROE,2017,6398824
MONROE,2018,5596482
MONTVILLE,2004,10329312
MONTVILLE,2005,10460652
MONTVILLE,2006,10769869
MONTVILLE,2007,10788065
MONTVILLE,2008,12044453
MONTVILLE,2009,12584490
MONTVILLE,2010,12562800
MONTVILLE,2011,12555395
MONTVILLE,2012,12570109
MONTVILLE,2013,12667478
MONTVILLE,2014,12768535
MONTVILLE,2015,12787949
MONTVILLE,2016,12864273
MONTVILLE,2017,12631589
MONTVILLE,2018,10997033
NAUGATUCK,2004,24894557
NAUGATUCK,2005,25026059
NAUGATUCK,2006,25724199
NAUGATUCK,2007,25850076
NAUGATUCK,2008,27867535
NAUGATUCK,2009,29086399
NAUGATUCK,2010,29163762
NAUGATUCK,2011,29227841
NAUGATUCK,2012,29210487
NAUGATUCK,2013,29231514
NAUGATUCK,2014,29098004
NAUGATUCK,2015,29250727
NAUGATUCK,2016,29156403
NAUGATUCK,2017,29224812
NAUGATUCK,2018,29186325
NEW BRITAIN,2004,59156962
NEW BRITAIN,2005,60670804
NEW BRITAIN,2006,62658573
NEW BRITAIN,2007,64079306
NEW BRITAIN,2008,69442815
NEW BRITAIN,2009,73168139
NEW BRITAIN,2010,73368358
NEW BRITAIN,2011,72677091
NEW BRITAIN,2012,72337905
NEW BRITAIN,2013,70979028
NEW BRITAIN,2014,72431943
NEW BRITAIN,2015,72431585
NEW BRITAIN,2016,72563658
NEW BRITAIN,2017,72311068
NEW BRITAIN,2018,72339786
NEW CANAAN,2004,823103
NEW CANAAN,2005,991720
NEW CANAAN,2006,1000066
NEW CANAAN,2007,1011944
NEW CANAAN,2008,1470548
NEW CANAAN,2009,1498353
NEW CANAAN,2010,1498811
NEW CANAAN,2011,1536645
NEW CANAAN,2012,1545147
NEW CANAAN,2013,1545870
NEW CANAAN,2014,1624226
NEW CANAAN,2015,1542884
NEW CANAAN,2016,1198644
NEW CANAAN,2017,372630
NEW CANAAN,2018,357804
NEW FAIRFIELD,2004,3725899
NEW FAIRFIELD,2005,3902745
NEW FAIRFIELD,2006,3978250
NEW FAIRFIELD,2007,4000117
NEW FAIRFIELD,2008,4228621
NEW FAIRFIELD,2009,4416820
NEW FAIRFIELD,2010,4417038
NEW FAIRFIELD,2011,4408279
NEW FAIRFIELD,2012,4414505
NEW FAIRFIELD,2013,4463333
NEW FAIRFIELD,2014,4424606
NEW FAIRFIELD,2015,4461430
NEW FAIRFIELD,2016,4443268
NEW FAIRFIELD,2017,4325815
NEW FAIRFIELD,2018,3782872
NEW HAVEN,2004,123269194
NEW HAVEN,2005,124190833
NEW HAVEN,2006,127954358
NEW HAVEN,2007,128296594
NEW HAVEN,2008,134383737
NEW HAVEN,2009,141074791
NEW HAVEN,2010,142267113
NEW HAVEN,2011,142379255
NEW HAVEN,2012,142410001
NEW HAVEN,2013,142378798
NEW HAVEN,2014,142476671
NEW HAVEN,2015,142500250
NEW HAVEN,2016,142681585
NEW HAVEN,2017,142450308
NEW HAVEN,2018,142194717
NEW LONDON,2004,19419205
NEW LONDON,2005,19595858
NEW LONDON,2006,20215691
NEW LONDON,2007,20224178
NEW LONDON,2008,21283462
NEW LONDON,2009,22201285
NEW LONDON,2010,22321148
NEW LONDON,2011,22641064
NEW LONDON,2012,22471192
NEW LONDON,2013,22560586
NEW LONDON,2014,22954799
NEW LONDON,2015,22950538
NEW LONDON,2016,22962679
NEW LONDON,2017,22964864
NEW LONDON,2018,22234384
NEW MILFORD,2004,10236449
NEW MILFORD,2005,10510805
NEW MILFORD,2006,10617176
NEW MILFORD,2007,10769214
NEW MILFORD,2008,11432912
NEW MILFORD,2009,11959748
NEW MILFORD,2010,11872777
NEW MILFORD,2011,11906005
NEW MILFORD,2012,11924662
NEW MILFORD,2013,12112981
NEW MILFORD,2014,12035509
NEW MILFORD,2015,12056908
NEW MILFORD,2016,12094852
NEW MILFORD,2017,11773865
NEW MILFORD,2018,10081582
NEWINGTON,2004,9383303
NEWINGTON,2005,9916371
NEWINGTON,2006,10302435
NEWINGTON,2007,10394743
NEWINGTON,2008,12093113
NEWINGTON,2009,12629330
NEWINGTON,2010,12648380
NEWINGTON,2011,12590146
NEWINGTON,2012,12671585
NEWINGTON,2013,12901499
NEWINGTON,2014,12914680
NEWINGTON,2015,13062892
NEWINGTON,2016,13161718
NEWINGTON,2017,12968010
NEWINGTON,2018,11262873
NEWTOWN,2004,3679841
NEWTOWN,2005,3863162
NEWTOWN,2006,3957423
NEWTOWN,2007,4015426
NEWTOWN,2008,4175709
NEWTOWN,2009,4387367
NEWTOWN,2010,4290943
NEWTOWN,2011,4332462
NEWTOWN,2012,4337276
NEWTOWN,2013,4326611
NEWTOWN,2014,4436925
NEWTOWN,2015,4398056
NEWTOWN,2016,4787409
NEWTOWN,2017,5032852
NEWTOWN,2018,4254799
NORTH BRANFORD,2004,6524123
NORTH BRANFORD,2005,6839249
NORTH BRANFORD,2006,7028784
NORTH BRANFORD,2007,7046164
NORTH BRANFORD,2008,7781158
NORTH BRANFORD,2009,8137406
NORTH BRANFORD,2010,8092417
NORTH BRANFORD,2011,8114134
NORTH BRANFORD,2012,8126116
NORTH BRANFORD,2013,8211217
NORTH BRANFORD,2014,8249424
NORTH BRANFORD,2015,8204193
NORTH BRANFORD,2016,8192356
NORTH BRANFORD,2017,8061007
NORTH BRANFORD,2018,7035082
NORTH HAVEN,2004,1588965
NORTH HAVEN,2005,1697245
NORTH HAVEN,2006,1751756
NORTH HAVEN,2007,1773215
NORTH HAVEN,2008,2649194
NORTH HAVEN,2009,3145999
NORTH HAVEN,2010,3265927
NORTH HAVEN,2011,3214769
NORTH HAVEN,2012,3226981
NORTH HAVEN,2013,3328360
NORTH HAVEN,2014,3403195
NORTH HAVEN,2015,3437090
NORTH HAVEN,2016,3850852
NORTH HAVEN,2017,3888685
NORTH HAVEN,2018,3275753
NORTH STONINGTON,2004,2474718
NORTH STONINGTON,2005,2577006
NORTH STONINGTON,2006,2668314
NORTH STONINGTON,2007,2649386
NORTH STONINGTON,2008,2740815
NORTH STONINGTON,2009,2913921
NORTH STONINGTON,2010,2885107
NORTH STONINGTON,2011,2891762
NORTH STONINGTON,2012,2892545
NORTH STONINGTON,2013,2906538
NORTH STONINGTON,2014,2906538
NORTH STONINGTON,2015,2906761
NORTH STONINGTON,2016,2899696
NORTH STONINGTON,2017,2834469
NORTH STONINGTON,2018,2463918
NORWALK,2004,8325127
NORWALK,2005,8345099
NORWALK,2006,8644467
NORWALK,2007,8681793
NORWALK,2008,9540351
NORWALK,2009,9953329
NORWALK,2010,10078320
NORWALK,2011,10148702
NORWALK,2012,10093384
NORWALK,2013,9958980
NORWALK,2014,10104547
NORWALK,2015,10121538
NORWALK,2016,10368578
NORWALK,2017,10124108
NORWALK,2018,9696106
NORWICH,2004,26950156
NORWICH,2005,27280610
NORWICH,2006,28128685
NORWICH,2007,28346282
NORWICH,2008,30378625
NORWICH,2009,31844388
NORWICH,2010,32003569
NORWICH,2011,32147970
NORWICH,2012,32111673
NORWICH,2013,32321262
NORWICH,2014,32259345
NORWICH,2015,32049356
NORWICH,2016,32347243
NORWICH,2017,32060320
NORWICH,2018,32101759
OLD SAYBROOK,2004,423966
OLD SAYBROOK,2005,458826
OLD SAYBROOK,2006,460656
OLD SAYBROOK,2007,450879
OLD SAYBROOK,2008,629285
OLD SAYBROOK,2009,604207
OLD SAYBROOK,2010,649178
OLD SAYBROOK,2011,645082
OLD SAYBROOK,2012,676383
OLD SAYBROOK,2013,638302
OLD SAYBROOK,2014,709390
OLD SAYBROOK,2015,681702
OLD SAYBROOK,2016,650306
OLD SAYBROOK,2017,91359
OLD SAYBROOK,2018,102572
OXFORD,2004,3608454
OXFORD,2005,3760393
OXFORD,2006,3858879
OXFORD,2007,3750363
OXFORD,2008,4391702
OXFORD,2009,4636100
OXFORD,2010,4557865
OXFORD,2011,4637036
OXFORD,2012,4603265
OXFORD,2013,4657691
OXFORD,2014,4670394
OXFORD,2015,4683927
OXFORD,2016,4686723
OXFORD,2017,4519342
OXFORD,2018,3911546
PLAINFIELD,2004,12545046
PLAINFIELD,2005,13066942
PLAINFIELD,2006,13479772
PLAINFIELD,2007,13575689
PLAINFIELD,2008,14722361
PLAINFIELD,2009,15339874
PLAINFIELD,2010,15353320
PLAINFIELD,2011,15337306
PLAINFIELD,2012,15305202
PLAINFIELD,2013,15528428
PLAINFIELD,2014,15577763
PLAINFIELD,2015,15573340
PLAINFIELD,2016,15624954
PLAINFIELD,2017,15349475
PLAINFIELD,2018,13337777
PLAINVILLE,2004,8252935
PLAINVILLE,2005,8450103
PLAINVILLE,2006,8701351
PLAINVILLE,2007,8651343
PLAINVILLE,2008,9616564
PLAINVILLE,2009,10101439
PLAINVILLE,2010,10170568
PLAINVILLE,2011,10169666
PLAINVILLE,2012,10165269
PLAINVILLE,2013,10341177
PLAINVILLE,2014,10369592
PLAINVILLE,2015,10463805
PLAINVILLE,2016,10443685
PLAINVILLE,2017,10297782
PLAINVILLE,2018,8897932
PLYMOUTH,2004,7877742
PLYMOUTH,2005,8182647
PLYMOUTH,2006,8403761
PLYMOUTH,2007,8456877
PLYMOUTH,2008,9381677
PLYMOUTH,2009,9676437
PLYMOUTH,2010,9727569
PLYMOUTH,2011,9725310
PLYMOUTH,2012,9755606
PLYMOUTH,2013,9838362
PLYMOUTH,2014,9811970
PLYMOUTH,2015,9911661
PLYMOUTH,2016,9984476
PLYMOUTH,2017,9699711
PLYMOUTH,2018,8442379
POMFRET,2004,2528893
POMFRET,2005,2566461
POMFRET,2006,2646948
POMFRET,2007,2656605
POMFRET,2008,2977009
POMFRET,2009,3091669
POMFRET,2010,3077394
POMFRET,2011,3115767
POMFRET,2012,3109514
POMFRET,2013,3144522
POMFRET,2014,3159778
POMFRET,2015,3127251
POMFRET,2016,3145434
POMFRET,2017,3074974
POMFRET,2018,2685205
PORTLAND,2004,3279909
PORTLAND,2005,3366700
PORTLAND,2006,3474382
PORTLAND,2007,3520720
PORTLAND,2008,4095534
PORTLAND,2009,4233997
PORTLAND,2010,4268060
PORTLAND,2011,4274812
PORTLAND,2012,4286628
PORTLAND,2013,4339410
PORTLAND,2014,4374577
PORTLAND,2015,4397414
PORTLAND,2016,4389400
PORTLAND,2017,4353315
PORTLAND,2018,3803227
PRESTON,2004,2429020
PRESTON,2005,2529993
PRESTON,2006,2614774
PRESTON,2007,2611835
PRESTON,2008,2927798
PRESTON,2009,3044691
PRESTON,2010,3059377
PRESTON,2011,3032287
PRESTON,2012,3052275
PRESTON,2013,3096310
PRESTON,2014,3085953
PRESTON,2015,3029202
PRESTON,2016,3082781
PRESTON,2017,2988315
PRESTON,2018,2589050
PUTNAM,2004,7030031
PUTNAM,2005,7065166
PUTNAM,2006,7271486
PUTNAM,2007,7304928
PUTNAM,2008,7723560
PUTNAM,2009,8012045
PUTNAM,2010,8055401
PUTNAM,2011,8078895
PUTNAM,2012,8074696
PUTNAM,2013,8067323
PUTNAM,2014,8076505
PUTNAM,2015,8057144
PUTNAM,2016,8063750
PUTNAM,2017,8086356
PUTNAM,2018,8035199
RIDGEFIELD,2004,1137426
RIDGEFIELD,2005,1346332
RIDGEFIELD,2006,1401884
RIDGEFIELD,2007,1284300
RIDGEFIELD,2008,1915002
RIDGEFIELD,2009,1965327
RIDGEFIELD,2010,2052995
RIDGEFIELD,2011,2074749
RIDGEFIELD,2012,2082950
RIDGEFIELD,2013,2116020
RIDGEFIELD,2014,2066320
RIDGEFIELD,2015,2124506
RIDGEFIELD,2016,2005380
RIDGEFIELD,2017,604137
RIDGEFIELD,2018,512467
ROCKY HILL,2004,2097357
ROCKY HILL,2005,2179834
ROCKY HILL,2006,2251251
ROCKY HILL,2007,2268430
ROCKY HILL,2008,3222343
ROCKY HILL,2009,3302315
ROCKY HILL,2010,3379591
ROCKY HILL,2011,3353354
ROCKY HILL,2012,3324366
ROCKY HILL,2013,3456159
ROCKY HILL,2014,3526702
ROCKY HILL,2015,3588811
ROCKY HILL,2016,3948476
ROCKY HILL,2017,4259510
ROCKY HILL,2018,3734028
SALEM,2004,2664703
SALEM,2005,2690208
SALEM,2006,2770572
SALEM,2007,2767063
SALEM,2008,2973294
SALEM,2009,3096767
SALEM,2010,3100708
SALEM,2011,3097722
SALEM,2012,3104924
SALEM,2013,3098215
SALEM,2014,3109562
SALEM,2015,3143786
SALEM,2016,3083516
SALEM,2017,3108774
SALEM,2018,2617581
SEYMOUR,2004,8022240
SEYMOUR,2005,8179833
SEYMOUR,2006,8423375
SEYMOUR,2007,8450440
SEYMOUR,2008,9414533
SEYMOUR,2009,9744194
SEYMOUR,2010,9899210
SEYMOUR,2011,9802985
SEYMOUR,2012,9898087
SEYMOUR,2013,10065436
SEYMOUR,2014,10106560
SEYMOUR,2015,10031763
SEYMOUR,2016,10167982
SEYMOUR,2017,10089671
SEYMOUR,2018,8638755
SHELTON,2004,4211904
SHELTON,2005,4388936
SHELTON,2006,4551636
SHELTON,2007,4331650
SHELTON,2008,4791849
SHELTON,2009,4852971
SHELTON,2010,5049363
SHELTON,2011,4987302
SHELTON,2012,4989856
SHELTON,2013,5106606
SHELTON,2014,5238810
SHELTON,2015,5311560
SHELTON,2016,5388827
SHELTON,2017,5904283
SHELTON,2018,5060358
SHERMAN,2004,134793
SHERMAN,2005,162129
SHERMAN,2006,164880
SHERMAN,2007,167105
SHERMAN,2008,242157
SHERMAN,2009,243160
SHERMAN,2010,219369
SHERMAN,2011,230532
SHERMAN,2012,248283
SHERMAN,2013,247483
SHERMAN,2014,246314
SHERMAN,2015,252202
SHERMAN,2016,200750
SHERMAN,2017,45387
SHERMAN,2018,43996
SIMSBURY,2004,1883668
SIMSBURY,2005,2200569
SIMSBURY,2006,2377788
SIMSBURY,2007,3228880
SIMSBURY,2008,5124187
SIMSBURY,2009,5368467
SIMSBURY,2010,5394863
SIMSBURY,2011,5438766
SIMSBURY,2012,5464503
SIMSBURY,2013,5548260
SIMSBURY,2014,5609946
SIMSBURY,2015,5664940
SIMSBURY,2016,5911918
SIMSBURY,2017,6040455
SIMSBURY,2018,5290146
SOMERS,2004,4462065
SOMERS,2005,4613706
SOMERS,2006,4803795
SOMERS,2007,4842414
SOMERS,2008,5665992
SOMERS,2009,5904344
SOMERS,2010,5908969
SOMERS,2011,5939550
SOMERS,2012,5931837
SOMERS,2013,6003497
SOMERS,2014,6014799
SOMERS,2015,6034556
SOMERS,2016,6059790
SOMERS,2017,5885030
SOMERS,2018,5153456
SOUTH WINDSOR,2004,9196294
SOUTH WINDSOR,2005,9704833
SOUTH WINDSOR,2006,10134322
SOUTH WINDSOR,2007,10230948
SOUTH WINDSOR,2008,12289778
SOUTH WINDSOR,2009,12696821
SOUTH WINDSOR,2010,12664347
SOUTH WINDSOR,2011,12683120
SOUTH WINDSOR,2012,12610195
SOUTH WINDSOR,2013,12833509
SOUTH WINDSOR,2014,12770226
SOUTH WINDSOR,2015,12487545
SOUTH WINDSOR,2016,12454670
SOUTH WINDSOR,2017,12231269
SOUTH WINDSOR,2018,10497883
SOUTHINGTON,2004,15067154
SOUTHINGTON,2005,15602790
SOUTHINGTON,2006,16314342
SOUTHINGTON,2007,16317144
SOUTHINGTON,2008,18978156
SOUTHINGTON,2009,19800459
SOUTHINGTON,2010,19712912
SOUTHINGTON,2011,19804344
SOUTHINGTON,2012,19911983
SOUTHINGTON,2013,20283476
SOUTHINGTON,2014,20299614
SOUTHINGTON,2015,20302348
SOUTHINGTON,2016,20548063
SOUTHINGTON,2017,20242607
SOUTHINGTON,2018,17554683
SPRAGUE,2004,2171310
SPRAGUE,2005,2263052
SPRAGUE,2006,2376274
SPRAGUE,2007,2298457
SPRAGUE,2008,2519306
SPRAGUE,2009,2586076
SPRAGUE,2010,2606903
SPRAGUE,2011,2603506
SPRAGUE,2012,2602115
SPRAGUE,2013,2623273
SPRAGUE,2014,2641889
SPRAGUE,2015,2604493
SPRAGUE,2016,2644451
SPRAGUE,2017,2636779
SPRAGUE,2018,2271873
STAFFORD,2004,7986734
STAFFORD,2005,8366305
STAFFORD,2006,8617852
STAFFORD,2007,8627318
STAFFORD,2008,9439619
STAFFORD,2009,9819812
STAFFORD,2010,9782577
STAFFORD,2011,9813901
STAFFORD,2012,9806714
STAFFORD,2013,9937949
STAFFORD,2014,9963666
STAFFORD,2015,9938817
STAFFORD,2016,9996049
STAFFORD,2017,9797703
STAFFORD,2018,8497609
STAMFORD,2004,5464128
STAMFORD,2005,5797154
STAMFORD,2006,5927633
STAMFORD,2007,5913883
STAMFORD,2008,7302455
STAMFORD,2009,7345570
STAMFORD,2010,7803430
STAMFORD,2011,7906719
STAMFORD,2012,8066574
STAMFORD,2013,7894337
STAMFORD,2014,7925459
STAMFORD,2015,8120437
STAMFORD,2016,8031326
STAMFORD,2017,7886287
STAMFORD,2018,7783854
STERLING,2004,2543825
STERLING,2005,2599502
STERLING,2006,2682885
STERLING,2007,2687649
STERLING,2008,3022769
STERLING,2009,3176006
STERLING,2010,3166575
STERLING,2011,3078273
STERLING,2012,3270049
STERLING,2013,3215612
STERLING,2014,3250960
STERLING,2015,3234152
STERLING,2016,3251377
STERLING,2017,3199303
STERLING,2018,2827989
STONINGTON,2004,1717489
STONINGTON,2005,1772732
STONINGTON,2006,1886679
STONINGTON,2007,1887774
STONINGTON,2008,2002690
STONINGTON,2009,1997005
STONINGTON,2010,1922180
STONINGTON,2011,2041974
STONINGTON,2012,2057251
STONINGTON,2013,2069038
STONINGTON,2014,2022297
STONINGTON,2015,1961943
STONINGTON,2016,1927364
STONINGTON,2017,1645300
STONINGTON,2018,1377754
STRATFORD,2004,14308209
STRATFORD,2005,15637084
STRATFORD,2006,16498857
STRATFORD,2007,16456834
STRATFORD,2008,19747849
STRATFORD,2009,20525480
STRATFORD,2010,20504900
STRATFORD,2011,20503730
STRATFORD,2012,20532025
STRATFORD,2013,21069642
STRATFORD,2014,21303961
STRATFORD,2015,21463543
STRATFORD,2016,21820962
STRATFORD,2017,21277643
STRATFORD,2018,18548660
SUFFIELD,2004,3770121
SUFFIELD,2005,4212018
SUFFIELD,2006,4474280
SUFFIELD,2007,4537509
SUFFIELD,2008,5833380
SUFFIELD,2009,6058460
SUFFIELD,2010,6021416
SUFFIELD,2011,6087965
SUFFIELD,2012,6070054
SUFFIELD,2013,6189453
SUFFIELD,2014,6272257
SUFFIELD,2015,6232613
SUFFIELD,2016,6322013
SUFFIELD,2017,6240867
SUFFIELD,2018,5449378
THOMASTON,2004,4608132
THOMASTON,2005,4676379
THOMASTON,2006,4768482
THOMASTON,2007,4786265
THOMASTON,2008,5383257
THOMASTON,2009,5648270
THOMASTON,2010,5607544
THOMASTON,2011,5635915
THOMASTON,2012,5654312
THOMASTON,2013,5685133
THOMASTON,2014,5677866
THOMASTON,2015,5740956
THOMASTON,2016,5744184
THOMASTON,2017,5613346
THOMASTON,2018,4882184
THOMPSON,2004,6473214
THOMPSON,2005,6491802
THOMPSON,2006,6681009
THOMPSON,2007,6721880
THOMPSON,2008,7312359
THOMPSON,2009,7561625
THOMPSON,2010,7550351
THOMPSON,2011,7610040
THOMPSON,2012,7630599
THOMPSON,2013,7715863
THOMPSON,2014,7699079
THOMPSON,2015,7678985
THOMPSON,2016,7566299
THOMPSON,2017,7616953
THOMPSON,2018,7517708
TOLLAND,2004,8477025
TOLLAND,2005,8533783
TOLLAND,2006,8841713
TOLLAND,2007,8890374
TOLLAND,2008,10300071
TOLLAND,2009,10740557
TOLLAND,2010,10749103
TOLLAND,2011,10788705
TOLLAND,2012,10778986
TOLLAND,2013,10883229
TOLLAND,2014,10936789
TOLLAND,2015,10888029
TOLLAND,2016,10910803
TOLLAND,2017,10733601
TOLLAND,2018,9332303
TORRINGTON,2004,19048961
TORRINGTON,2005,19510433
TORRINGTON,2006,20183580
TORRINGTON,2007,20385658
TORRINGTON,2008,22995779
TORRINGTON,2009,23813635
TORRINGTON,2010,23900654
TORRINGTON,2011,23993176
TORRINGTON,2012,23855141
TORRINGTON,2013,24257799
TORRINGTON,2014,24302223
TORRINGTON,2015,24473175
TORRINGTON,2016,24904299
TORRINGTON,2017,24384968
TORRINGTON,2018,23667040
TRUMBULL,2004,2142230
TRUMBULL,2005,2232006
TRUMBULL,2006,2299623
TRUMBULL,2007,2241516
TRUMBULL,2008,2947058
TRUMBULL,2009,2987577
TRUMBULL,2010,3229038
TRUMBULL,2011,3040556
TRUMBULL,2012,3064745
TRUMBULL,2013,3126555
TRUMBULL,2014,3326117
TRUMBULL,2015,3362433
TRUMBULL,2016,3507524
TRUMBULL,2017,3458262
TRUMBULL,2018,2989544
UNION,2004,190190
UNION,2005,198182
UNION,2006,203889
UNION,2007,204478
UNION,2008,231728
UNION,2009,241305
UNION,2010,241383
UNION,2011,239576
UNION,2012,239576
UNION,2013,241460
UNION,2014,241485
UNION,2015,241791
UNION,2016,244220
UNION,2017,237142
UNION,2018,206385
VERNON,2004,14362194
VERNON,2005,14975977
VERNON,2006,15444639
VERNON,2007,15481919
VERNON,2008,16958290
VERNON,2009,17564268
VERNON,2010,17448877
VERNON,2011,17614392
VERNON,2012,17593087
VERNON,2013,17609809
VERNON,2014,17723577
VERNON,2015,17634861
VERNON,2016,17557331
VERNON,2017,17626225
VERNON,2018,17639421
VOLUNTOWN,2004,2162971
VOLUNTOWN,2005,2257264
VOLUNTOWN,2006,2326185
VOLUNTOWN,2007,2343490
VOLUNTOWN,2008,2405297
VOLUNTOWN,2009,2536152
VOLUNTOWN,2010,2524351
VOLUNTOWN,2011,2536287
VOLUNTOWN,2012,2533405
VOLUNTOWN,2013,2550166
VOLUNTOWN,2014,2551592
VOLUNTOWN,2015,2550747
VOLUNTOWN,2016,2550079
VOLUNTOWN,2017,2502573
VOLUNTOWN,2018,2174807
WALLINGFORD,2004,17437096
WALLINGFORD,2005,18091437
WALLINGFORD,2006,18572256
WALLINGFORD,2007,18694311
WALLINGFORD,2008,20567969
WALLINGFORD,2009,21168893
WALLINGFORD,2010,21269200
WALLINGFORD,2011,21324207
WALLINGFORD,2012,21490596
WALLINGFORD,2013,21642294
WALLINGFORD,2014,21711598
WALLINGFORD,2015,21803104
WALLINGFORD,2016,21521744
WALLINGFORD,2017,21291675
WALLINGFORD,2018,18441912
WATERBURY,2004,90771141
WATERBURY,2005,92732815
WATERBURY,2006,96752342
WATERBURY,2007,97810897
WATERBURY,2008,106431799
WATERBURY,2009,111970216
WATERBURY,2010,113352506
WATERBURY,2011,113522227
WATERBURY,2012,113657730
WATERBURY,2013,113606613
WATERBURY,2014,113751424
WATERBURY,2015,113925209
WATERBURY,2016,113657259
WATERBURY,2017,113981999
WATERBURY,2018,113518391
WATERFORD,2004,622044
WATERFORD,2005,757095
WATERFORD,2006,771961
WATERFORD,2007,786365
WATERFORD,2008,1312888
WATERFORD,2009,1387220
WATERFORD,2010,1417401
WATERFORD,2011,1417585
WATERFORD,2012,1402304
WATERFORD,2013,1438159
WATERFORD,2014,1449981
WATERFORD,2015,1446476
WATERFORD,2016,1487125
WATERFORD,2017,312916
WATERFORD,2018,227194
WATERTOWN,2004,9448310
WATERTOWN,2005,9749802
WATERTOWN,2006,10002461
WATERTOWN,2007,10062438
WATERTOWN,2008,11151169
WATERTOWN,2009,11517768
WATERTOWN,2010,11644183
WATERTOWN,2011,11723125
WATERTOWN,2012,11735718
WATERTOWN,2013,11888820
WATERTOWN,2014,11869404
WATERTOWN,2015,11840373
WATERTOWN,2016,11863619
WATERTOWN,2017,11714756
WATERTOWN,2018,10216006
WEST HARTFORD,2004,8787465
WEST HARTFORD,2005,10567658
WEST HARTFORD,2006,11219689
WEST HARTFORD,2007,11431147
WEST HARTFORD,2008,15479961
WEST HARTFORD,2009,16219954
WEST HARTFORD,2010,16119862
WEST HARTFORD,2011,16205824
WEST HARTFORD,2012,16080287
WEST HARTFORD,2013,17110975
WEST HARTFORD,2014,17568474
WEST HARTFORD,2015,18364058
WEST HARTFORD,2016,19962340
WEST HARTFORD,2017,21096924
WEST HARTFORD,2018,18233227
WEST HAVEN,2004,35025279
WEST HAVEN,2005,35275768
WEST HAVEN,2006,36345125
WEST HAVEN,2007,36414837
WEST HAVEN,2008,39712018
WEST HAVEN,2009,41319451
WEST HAVEN,2010,41152364
WEST HAVEN,2011,41353467
WEST HAVEN,2012,41380822
WEST HAVEN,2013,41361658
WEST HAVEN,2014,41284713
WEST HAVEN,2015,41037757
WEST HAVEN,2016,41374452
WEST HAVEN,2017,41354858
WEST HAVEN,2018,41262483
WESTBROOK,2004,281073
WESTBROOK,2005,299959
WESTBROOK,2006,318497
WESTBROOK,2007,316278
WESTBROOK,2008,443092
WESTBROOK,2009,423969
WESTBROOK,2010,426493
WESTBROOK,2011,420294
WESTBROOK,2012,430774
WESTBROOK,2013,390979
WESTBROOK,2014,452108
WESTBROOK,2015,397619
WESTBROOK,2016,440916
WESTBROOK,2017,92564
WESTBROOK,2018,85969
WESTON,2004,535299
WESTON,2005,626567
WESTON,2006,646972
WESTON,2007,797510
WESTON,2008,966234
WESTON,2009,969205
WESTON,2010,905480
WESTON,2011,974275
WESTON,2012,951512
WESTON,2013,1022787
WESTON,2014,955781
WESTON,2015,1071022
WESTON,2016,893260
WESTON,2017,293440
WESTON,2018,201865
WESTPORT,2004,1064854
WESTPORT,2005,1267247
WESTPORT,2006,1298397
WESTPORT,2007,1389338
WESTPORT,2008,1941881
WESTPORT,2009,1990018
WESTPORT,2010,1981355
WESTPORT,2011,2058179
WESTPORT,2012,2015680
WESTPORT,2013,2006142
WESTPORT,2014,1993183
WESTPORT,2015,1990079
WESTPORT,2016,1997431
WESTPORT,2017,454422
WESTPORT,2018,380517
WETHERSFIELD,2004,4121358
WETHERSFIELD,2005,5085671
WETHERSFIELD,2006,5442126
WETHERSFIELD,2007,5577069
WETHERSFIELD,2008,7670527
WETHERSFIELD,2009,7940253
WETHERSFIELD,2010,8006039
WETHERSFIELD,2011,8050881
WETHERSFIELD,2012,8126156
WETHERSFIELD,2013,8327812
WETHERSFIELD,2014,8438499
WETHERSFIELD,2015,8411254
WETHERSFIELD,2016,8998412
WETHERSFIELD,2017,9357686
WETHERSFIELD,2018,8015485
WILTON,2004,799428
WILTON,2005,1119084
WILTON,2006,1147367
WILTON,2007,1033548
WILTON,2008,1553533
WILTON,2009,1581924
WILTON,2010,1646177
WILTON,2011,1820795
WILTON,2012,1586122
WILTON,2013,1647120
WILTON,2014,1582324
WILTON,2015,1619832
WILTON,2016,1511698
WILTON,2017,670827
WILTON,2018,530197
WINCHESTER,2004,6050266
WINCHESTER,2005,6367495
WINCHESTER,2006,6873215
WINCHESTER,2007,6875045
WINCHESTER,2008,7491808
WINCHESTER,2009,7794712
WINCHESTER,2010,7823791
WINCHESTER,2011,7835279
WINCHESTER,2012,7810405
WINCHESTER,2013,7767923
WINCHESTER,2014,7785752
WINCHESTER,2015,7823991
WINCHESTER,2016,7833265
WINCHESTER,2017,7581084
WINCHESTER,2018,7755483
WINDHAM,2004,20448446
WINDHAM,2005,20565413
WINDHAM,2006,21179399
WINDHAM,2007,21225496
WINDHAM,2008,22769079
WINDHAM,2009,23943906
WINDHAM,2010,24140742
WINDHAM,2011,24134849
WINDHAM,2012,24133767
WINDHAM,2013,24186427
WINDHAM,2014,24144950
WINDHAM,2015,24152653
WINDHAM,2016,24140344
WINDHAM,2017,24187943
WINDHAM,2018,24029950
WINDSOR,2004,8487334
WINDSOR,2005,8910558
WINDSOR,2006,9178950
WINDSOR,2007,9225852
WINDSOR,2008,11085534
WINDSOR,2009,11482040
WINDSOR,2010,11485475
WINDSOR,2011,11514880
WINDSOR,2012,11493981
WINDSOR,2013,11517423
WINDSOR,2014,11503492
WINDSOR,2015,11662793
WINDSOR,2016,11364915
WINDSOR,2017,11542467
WINDSOR,2018,11468526
WINDSOR LOCKS,2004,2426986
WINDSOR LOCKS,2005,2893867
WINDSOR LOCKS,2006,3159244
WINDSOR LOCKS,2007,3273925
WINDSOR LOCKS,2008,4462365
WINDSOR LOCKS,2009,4657040
WINDSOR LOCKS,2010,4626382
WINDSOR LOCKS,2011,4638979
WINDSOR LOCKS,2012,4634652
WINDSOR LOCKS,2013,4697034
WINDSOR LOCKS,2014,4609867
WINDSOR LOCKS,2015,4624593
WINDSOR LOCKS,2016,4642005
WINDSOR LOCKS,2017,4650764
WINDSOR LOCKS,2018,4626979
WOLCOTT,2004,10639082
WOLCOTT,2005,10873468
WOLCOTT,2006,11375354
WOLCOTT,2007,11485669
WOLCOTT,2008,13028064
WOLCOTT,2009,13491998
WOLCOTT,2010,13572217
WOLCOTT,2011,13550781
WOLCOTT,2012,13561773
WOLCOTT,2013,13661846
WOLCOTT,2014,13691399
WOLCOTT,2015,13682019
WOLCOTT,2016,13629079
WOLCOTT,2017,13398204
WOLCOTT,2018,11663926
WOODSTOCK,2004,4373641
WOODSTOCK,2005,4422603
WOODSTOCK,2006,4581325
WOODSTOCK,2007,4611341
WOODSTOCK,2008,5172193
WOODSTOCK,2009,5372686
WOODSTOCK,2010,5411278
WOODSTOCK,2011,5393770
WOODSTOCK,2012,5371030
WOODSTOCK,2013,5438657
WOODSTOCK,2014,5453432
WOODSTOCK,2015,5437489
WOODSTOCK,2016,5463678
WOODSTOCK,2017,5367539
WOODSTOCK,2018,4669358
