VName,FYEAR,Payment
Ansonia,2004,15719237.99
Ansonia,2005,17815777.309999995
Ansonia,2006,18317458.27
Ansonia,2007,19015633.53999999
Ansonia,2008,20755734.21
Ansonia,2009,21034180.88999999
Ansonia,2010,21796853.32
Ansonia,2011,22181436.6
Ansonia,2012,21955987.390000004
Ansonia,2013,21488258.2
Ansonia,2014,22007731.820000004
Ansonia,2015,22245689.949999996
Ansonia,2016,22883103.309999995
Ansonia,2017,22849402.079999987
Ansonia,2018,22866629.559999995
Avon,2004,1599405.39
Avon,2005,1874596.5600000003
Avon,2006,2135340.34
Avon,2007,2256197.16
Avon,2008,2721874.42
Avon,2009,2904506.120000001
Avon,2010,3786164.49
Avon,2011,3316628.9599999995
Avon,2012,3576824.47
Avon,2013,3633484.04
Avon,2014,4286031.27
Avon,2015,4872096.91
Avon,2016,4750402.2
Avon,2017,4320536.11
Avon,2018,3895798.4099999997
Berlin,2004,5247768.64
Berlin,2005,5940717.100000001
Berlin,2006,6208626.08
Berlin,2007,6510940.2700000005
Berlin,2008,7772897.5200000005
Berlin,2009,8137514.449999998
Berlin,2010,8547825.23
Berlin,2011,8520326.48
Berlin,2012,8670572.75
Berlin,2013,8843724.110000001
Berlin,2014,9221635.1
Berlin,2015,9339780.759999998
Berlin,2016,9323526.56
Berlin,2017,8873582.17
Berlin,2018,7946847.379999999
Bethel,2004,8006082.82
Bethel,2005,8546056.030000001
Bethel,2006,8895311.63
Bethel,2007,9103084.030000005
Bethel,2008,9859945.210000003
Bethel,2009,10450233.739999998
Bethel,2010,11205611.46
Bethel,2011,10317598.43
Bethel,2012,10915951.78
Bethel,2013,10172095.599999998
Bethel,2014,10428918.170000002
Bethel,2015,10353318.770000001
Bethel,2016,10445791.260000004
Bethel,2017,10190288.280000003
Bethel,2018,9211356.61
Bloomfield,2004,6040016.1899999995
Bloomfield,2005,7949950.16
Bloomfield,2006,8068520.810000001
Bloomfield,2007,8113149.24
Bloomfield,2008,9234153.03
Bloomfield,2009,9294570.07
Bloomfield,2010,11169437.600000001
Bloomfield,2011,11106233.890000002
Bloomfield,2012,11779631.319999998
Bloomfield,2013,12334102.58
Bloomfield,2014,14429764.340000002
Bloomfield,2015,14940326.940000005
Bloomfield,2016,15671336.110000001
Bloomfield,2017,15228507.079999996
Bloomfield,2018,15064186.380000003
Bolton,2004,2999469.39
Bolton,2005,3009082.95
Bolton,2006,3146499.8400000003
Bolton,2007,3339439.4499999997
Bolton,2008,3716697.5600000005
Bolton,2009,3805316.659999999
Bolton,2010,4153666.92
Bolton,2011,3751773.4400000004
Bolton,2012,4104260.7599999993
Bolton,2013,3870926.3800000004
Bolton,2014,4138024.2999999993
Bolton,2015,4376987.739999998
Bolton,2016,4220021.859999999
Bolton,2017,4000774.3100000005
Bolton,2018,3550290.5700000003
Bozrah,2004,1202292.43
Bozrah,2005,1216794.0900000008
Bozrah,2006,1274615.0000000005
Bozrah,2007,1276259.570000001
Bozrah,2008,1456951.79
Bozrah,2009,1656895.7199999993
Bozrah,2010,1713189.93
Bozrah,2011,1517069.63
Bozrah,2012,1692530.2200000004
Bozrah,2013,1555294.67
Bozrah,2014,1509102.8999999997
Bozrah,2015,1508466.52
Bozrah,2016,1538254.3599999999
Bozrah,2017,1381374.9799999997
Bozrah,2018,1240284.4599999995
Branford,2004,3222097.23
Branford,2005,3761818.3400000003
Branford,2006,3827775.8600000003
Branford,2007,3848652.72
Branford,2008,4452406.23
Branford,2009,4722572.2299999995
Branford,2010,5717941.51
Branford,2011,4290608.85
Branford,2012,4831333.82
Branford,2013,4483878.32
Branford,2014,4880261.890000001
Branford,2015,4979525.580000001
Branford,2016,5128385.5600000005
Branford,2017,4946744.07
Branford,2018,4521224.680000001
Bridgeport,2004,197854241.02
Bridgeport,2005,204339222.03999993
Bridgeport,2006,207776249.43999994
Bridgeport,2007,212027380.53999996
Bridgeport,2008,225858515.64000002
Bridgeport,2009,228773027.89000002
Bridgeport,2010,233840608.77
Bridgeport,2011,245107733.07
Bridgeport,2012,240087079.02999997
Bridgeport,2013,254434880.86999997
Bridgeport,2014,265752999.60999995
Bridgeport,2015,282833896.8999999
Bridgeport,2016,297036455.46000016
Bridgeport,2017,261304741.18
Bridgeport,2018,259793758.10000014
Bristol,2004,42926742.33
Bristol,2005,44266746.429999985
Bristol,2006,46065866.21000002
Bristol,2007,47519958.210000016
Bristol,2008,53272929.1
Bristol,2009,54775969.46999999
Bristol,2010,57824909.47999999
Bristol,2011,54029679.620000005
Bristol,2012,57270277.36
Bristol,2013,54466900.12999999
Bristol,2014,56806689.75000001
Bristol,2015,59894840.98
Bristol,2016,60210090.440000005
Bristol,2017,59496221.01999997
Bristol,2018,59254324.61000001
Brookfield,2004,1981452.74
Brookfield,2005,2187325.9300000006
Brookfield,2006,1849878.5499999996
Brookfield,2007,2473677.2199999997
Brookfield,2008,2812095.1499999994
Brookfield,2009,3108510.04
Brookfield,2010,3669790.6199999996
Brookfield,2011,3337119.4700000007
Brookfield,2012,3352724.2199999997
Brookfield,2013,2965151.1799999997
Brookfield,2014,3586640.92
Brookfield,2015,3103975.72
Brookfield,2016,2610810.55
Brookfield,2017,3027407.4299999997
Brookfield,2018,2956230.02
Brooklyn,2004,6895193.55
Brooklyn,2005,6959147.85
Brooklyn,2006,7101120.569999999
Brooklyn,2007,7209695.29
Brooklyn,2008,7835837.169999999
Brooklyn,2009,8140284.540000001
Brooklyn,2010,8390063.41
Brooklyn,2011,8525012.939999998
Brooklyn,2012,8583027.84
Brooklyn,2013,8328724.380000002
Brooklyn,2014,8459991.31
Brooklyn,2015,8261514.8100000005
Brooklyn,2016,8496875.36
Brooklyn,2017,8297102.539999998
Brooklyn,2018,7283080.069999999
Canterbury,2004,4575295.35
Canterbury,2005,4848196.4799999995
Canterbury,2006,4991293.689999999
Canterbury,2007,5050900.659999999
Canterbury,2008,5503822.649999999
Canterbury,2009,5797121.57
Canterbury,2010,5641991.750000001
Canterbury,2011,5525842.41
Canterbury,2012,5601077.199999999
Canterbury,2013,5897637.119999999
Canterbury,2014,5576774.46
Canterbury,2015,5393572.07
Canterbury,2016,5416276.83
Canterbury,2017,5218910.929999999
Canterbury,2018,4660837.330000002
Canton,2004,2880704.64
Canton,2005,3215022.0800000005
Canton,2006,3456998.0800000005
Canton,2007,3375565.250000001
Canton,2008,4389064.56
Canton,2009,4276767.73
Canton,2010,4804922.84
Canton,2011,4804662.01
Canton,2012,4948474.87
Canton,2013,5022460.380000002
Canton,2014,5469019.079999999
Canton,2015,5398499.31
Canton,2016,5624078.710000002
Canton,2017,5436969.679999999
Canton,2018,4939313.050000002
Cheshire,2004,8605963.030000001
Cheshire,2005,9305304.14
Cheshire,2006,9495090.939999998
Cheshire,2007,9632235.5
Cheshire,2008,11446100.49
Cheshire,2009,11798588.170000002
Cheshire,2010,12114266.07
Cheshire,2011,12371312.059999999
Cheshire,2012,12380115.510000002
Cheshire,2013,12365584.239999995
Cheshire,2014,12440451.450000003
Cheshire,2015,12618161.59
Cheshire,2016,12563579.449999997
Cheshire,2017,11775611.890000002
Cheshire,2018,10230450.099999996
Clinton,2004,6758941.9799999995
Clinton,2005,6865198.789999999
Clinton,2006,7296135.91
Clinton,2007,7070676.42
Clinton,2008,7677431.81
Clinton,2009,7601137.65
Clinton,2010,7974224.600000001
Clinton,2011,8026255.339999999
Clinton,2012,8045726.140000001
Clinton,2013,7715899.519999999
Clinton,2014,7794954.4
Clinton,2015,7835772.96
Clinton,2016,7947106.380000001
Clinton,2017,7978965.739999999
Clinton,2018,6820351.449999998
Colchester,2004,12538724.86
Colchester,2005,13174808.72
Colchester,2006,13706335.189999998
Colchester,2007,14150282.629999997
Colchester,2008,15519240.080000002
Colchester,2009,16004019.179999996
Colchester,2010,16455871.89
Colchester,2011,16470216.769999998
Colchester,2012,16496596.04
Colchester,2013,16339971.43
Colchester,2014,16372338.800000003
Colchester,2015,15864391.05
Colchester,2016,15990432.629999999
Colchester,2017,15628667.67
Colchester,2018,13689248.22
Columbia,2004,2322496.0999999996
Columbia,2005,2433458.4399999995
Columbia,2006,2608799.61
Columbia,2007,2610408.7000000007
Columbia,2008,2980791.15
Columbia,2009,3084043.1999999997
Columbia,2010,3134769.83
Columbia,2011,3109272.63
Columbia,2012,3265640.3899999997
Columbia,2013,3051399.0900000003
Columbia,2014,2932003.020000001
Columbia,2015,3044096.590000001
Columbia,2016,3294552.7999999993
Columbia,2017,3052601.97
Columbia,2018,2724794.61
Coventry,2004,8423502.559999999
Coventry,2005,8666159.349999998
Coventry,2006,9036604.519999996
Coventry,2007,9250463.380000005
Coventry,2008,10288355.559999997
Coventry,2009,10922447.390000002
Coventry,2010,11101689.390000002
Coventry,2011,10778105.61
Coventry,2012,11428096.1
Coventry,2013,10811270.320000002
Coventry,2014,10821180.750000002
Coventry,2015,10682934.83
Coventry,2016,10877073.259999998
Coventry,2017,10703729.68
Coventry,2018,9242641.330000002
Cromwell,2004,3927684.6999999997
Cromwell,2005,4164231.26
Cromwell,2006,4397226.390000001
Cromwell,2007,4511138.58
Cromwell,2008,5633668.6000000015
Cromwell,2009,5901770.929999999
Cromwell,2010,6225630.92
Cromwell,2011,6260638.300000001
Cromwell,2012,6263340.290000001
Cromwell,2013,6296538.2
Cromwell,2014,6298626.73
Cromwell,2015,6660387.470000002
Cromwell,2016,6710734.640000002
Cromwell,2017,7120727.0200000005
Cromwell,2018,6435155.009999999
Danbury,2004,27634584.67
Danbury,2005,30531757.229999993
Danbury,2006,30802111.439999998
Danbury,2007,34072544.519999996
Danbury,2008,39684094.91
Danbury,2009,40705977.56999999
Danbury,2010,42453541.17999999
Danbury,2011,41995575.419999994
Danbury,2012,42441475.589999996
Danbury,2013,43251081.46
Danbury,2014,47266741.769999996
Danbury,2015,49315680.64000001
Danbury,2016,50976422.39
Danbury,2017,50181523.790000014
Danbury,2018,50391042.12999999
Darien,2004,2029790.14
Darien,2005,3049288.4400000004
Darien,2006,3516625.5400000005
Darien,2007,3980478.0400000005
Darien,2008,4909135.85
Darien,2009,5307329.38
Darien,2010,5420280.61
Darien,2011,6046144.199999999
Darien,2012,5105201.68
Darien,2013,4844129.0
Darien,2014,5127168.0
Darien,2015,5225243.0
Darien,2016,5277116.0
Darien,2017,4610050.0
Darien,2018,5159267.0
Derby,2004,7442859.590000001
Derby,2005,7490826.4
Derby,2006,7658841.150000001
Derby,2007,8369047.729999999
Derby,2008,8542731.239999998
Derby,2009,9247279.059999999
Derby,2010,9198024.03
Derby,2011,9162545.999999998
Derby,2012,9235163.129999999
Derby,2013,9139703.36
Derby,2014,9843894.120000005
Derby,2015,10965085.670000002
Derby,2016,11192737.959999999
Derby,2017,11912361.57
Derby,2018,11935775.58
East Granby,2004,1019212.0
East Granby,2005,1171889.1
East Granby,2006,1136274.76
East Granby,2007,1379051.65
East Granby,2008,1815592.16
East Granby,2009,1781906.12
East Granby,2010,1970614.7100000002
East Granby,2011,2035613.6900000002
East Granby,2012,2187130.1400000006
East Granby,2013,2222054.11
East Granby,2014,2409672.6599999997
East Granby,2015,2567811.31
East Granby,2016,2637667.8700000006
East Granby,2017,2410959.6099999994
East Granby,2018,2182854.59
East Haddam,2004,3824931.42
East Haddam,2005,3909772.7100000004
East Haddam,2006,4204570.93
East Haddam,2007,4109720.3099999996
East Haddam,2008,4993139.29
East Haddam,2009,4904394.829999998
East Haddam,2010,5086340.529999999
East Haddam,2011,4995324.880000001
East Haddam,2012,4866287.52
East Haddam,2013,4789040.990000001
East Haddam,2014,4614910.600000001
East Haddam,2015,5033371.090000001
East Haddam,2016,4340866.619999999
East Haddam,2017,4318279.47
East Haddam,2018,3908165.2799999993
East Hampton,2004,6810287.86
East Hampton,2005,7235736.88
East Hampton,2006,7615470.13
East Hampton,2007,7903039.23
East Hampton,2008,8906989.620000001
East Hampton,2009,9127457.389999997
East Hampton,2010,9013813.049999999
East Hampton,2011,9562269.440000001
East Hampton,2012,9161780.18
East Hampton,2013,8853153.21
East Hampton,2014,9178225.89
East Hampton,2015,8757644.659999998
East Hampton,2016,8970594.600000001
East Hampton,2017,8822757.579999998
East Hampton,2018,8138785.579999999
East Hartford,2004,42622022.910000004
East Hartford,2005,43905655.64
East Hartford,2006,47299073.72
East Hartford,2007,48901364.050000004
East Hartford,2008,54349929.80000001
East Hartford,2009,58146763.39000002
East Hartford,2010,59482620.27000001
East Hartford,2011,59838235.85000001
East Hartford,2012,60594485.69000001
East Hartford,2013,59527222.82000003
East Hartford,2014,64859381.739999995
East Hartford,2015,68923685.50000003
East Hartford,2016,70933818.77
East Hartford,2017,68627475.83999999
East Hartford,2018,67418333.48999998
East Haven,2004,19268630.2
East Haven,2005,19709071.630000006
East Haven,2006,20315887.040000003
East Haven,2007,21042844.440000005
East Haven,2008,21447025.83
East Haven,2009,23114397.879999995
East Haven,2010,22991512.410000004
East Haven,2011,24145227.80000001
East Haven,2012,24206646.539999995
East Haven,2013,24401089.999999993
East Haven,2014,24048262.44
East Haven,2015,24431017.669999998
East Haven,2016,24899155.84
East Haven,2017,25200979.780000005
East Haven,2018,24890985.849999998
East Lyme,2004,7733488.819999999
East Lyme,2005,7769748.38
East Lyme,2006,7968574.939999999
East Lyme,2007,8200026.1000000015
East Lyme,2008,8741028.209999999
East Lyme,2009,8824706.040000001
East Lyme,2010,9560250.23
East Lyme,2011,8940296.13
East Lyme,2012,9361874.779999997
East Lyme,2013,9196456.58
East Lyme,2014,8740857.28
East Lyme,2015,9000955.260000002
East Lyme,2016,8879707.859999998
East Lyme,2017,8696893.42
East Lyme,2018,7738598.130000002
East Windsor,2004,5251097.1
East Windsor,2005,5690827.169999999
East Windsor,2006,5760919.68
East Windsor,2007,6573123.34
East Windsor,2008,6946657.95
East Windsor,2009,7144572.18
East Windsor,2010,7381466.430000002
East Windsor,2011,7592256.48
East Windsor,2012,7273611.339999999
East Windsor,2013,7585914.099999998
East Windsor,2014,7820997.23
East Windsor,2015,7603014.1000000015
East Windsor,2016,7458300.220000002
East Windsor,2017,7266980.459999999
East Windsor,2018,7187503.870000001
Eastford,2004,1047335.0
Eastford,2005,1085503.74
Eastford,2006,1136696.28
Eastford,2007,1127115.8199999998
Eastford,2008,1308353.4000000001
Eastford,2009,1371937.6000000003
Eastford,2010,1456495.29
Eastford,2011,1380825.55
Eastford,2012,1417084.0600000003
Eastford,2013,1372683.4700000002
Eastford,2014,1337806.0
Eastford,2015,1343466.59
Eastford,2016,1333571.6199999999
Eastford,2017,1261698.3600000003
Eastford,2018,1133827.82
Ellington,2004,8987440.129999999
Ellington,2005,9012518.780000001
Ellington,2006,9387086.07
Ellington,2007,9326631.510000004
Ellington,2008,10795118.52
Ellington,2009,11047130.799999997
Ellington,2010,11307755.080000002
Ellington,2011,11191218.639999997
Ellington,2012,11796673.020000003
Ellington,2013,11508848.810000004
Ellington,2014,11836432.8
Ellington,2015,11573687.419999998
Ellington,2016,11678706.540000003
Ellington,2017,11487705.120000003
Ellington,2018,10733533.230000002
Enfield,2004,26407392.299999997
Enfield,2005,28129360.269999996
Enfield,2006,28959094.560000002
Enfield,2007,29732316.299999993
Enfield,2008,32818810.840000004
Enfield,2009,33871816.03
Enfield,2010,37068913.67
Enfield,2011,35240913.89
Enfield,2012,36153551.16
Enfield,2013,34886916.71000001
Enfield,2014,35133902.8
Enfield,2015,35151979.58
Enfield,2016,35674833.519999996
Enfield,2017,34774864.599999994
Enfield,2018,30800978.41999999
Fairfield,2004,5603243.71
Fairfield,2005,6526497.039999999
Fairfield,2006,6257850.739999999
Fairfield,2007,7880073.529999999
Fairfield,2008,9477427.74
Fairfield,2009,9203588.83
Fairfield,2010,11977295.14
Fairfield,2011,11136399.27
Fairfield,2012,9262785.16
Fairfield,2013,10292703.940000001
Fairfield,2014,9921403.529999997
Fairfield,2015,11433797.640000002
Fairfield,2016,10908994.45
Fairfield,2017,7668276.69
Fairfield,2018,8740654.77
Farmington,2004,2538767.8899999997
Farmington,2005,2948304.65
Farmington,2006,3149651.5500000003
Farmington,2007,3457424.5100000007
Farmington,2008,4124695.099999999
Farmington,2009,4142645.1400000006
Farmington,2010,4236237.15
Farmington,2011,4389176.6499999985
Farmington,2012,3993005.9099999997
Farmington,2013,4102255.18
Farmington,2014,4429215.809999999
Farmington,2015,4947016.029999999
Farmington,2016,5067644.09
Farmington,2017,3889785.3700000006
Farmington,2018,3646992.8500000006
Franklin,2004,910807.24
Franklin,2005,876303.77
Franklin,2006,976324.8599999999
Franklin,2007,986999.01
Franklin,2008,1044482.9800000001
Franklin,2009,1073556.7000000002
Franklin,2010,1073278.4100000001
Franklin,2011,1108743.8599999999
Franklin,2012,1098063.2999999998
Franklin,2013,1080661.42
Franklin,2014,1135866.2700000003
Franklin,2015,1178384.0500000003
Franklin,2016,1045012.1000000001
Franklin,2017,1137181.81
Franklin,2018,912102.15
Glastonbury,2004,5686663.220000001
Glastonbury,2005,6876777.590000001
Glastonbury,2006,7293348.160000002
Glastonbury,2007,7514668.199999999
Glastonbury,2008,9617386.499999998
Glastonbury,2009,9674746.349999998
Glastonbury,2010,10342878.59
Glastonbury,2011,10658092.57
Glastonbury,2012,10298496.4
Glastonbury,2013,10259214.220000003
Glastonbury,2014,10234589.85
Glastonbury,2015,10438011.649999999
Glastonbury,2016,10488525.339999998
Glastonbury,2017,10032527.549999997
Glastonbury,2018,9288930.879999999
Granby,2004,4585069.680000001
Granby,2005,4849213.050000001
Granby,2006,5234120.430000001
Granby,2007,5248853.419999998
Granby,2008,6317107.970000001
Granby,2009,6633435.96
Granby,2010,7152262.299999999
Granby,2011,7029500.959999999
Granby,2012,7275835.52
Granby,2013,7052761.930000001
Granby,2014,7152632.930000001
Granby,2015,7137431.369999999
Granby,2016,7246403.409999998
Granby,2017,7132112.0
Granby,2018,6676514.480000001
Greenwich,2004,6562635.0
Greenwich,2005,6771195.94
Greenwich,2006,8019430.260000002
Greenwich,2007,6970159.389999999
Greenwich,2008,8475549.909999998
Greenwich,2009,8806284.999999998
Greenwich,2010,11458564.63
Greenwich,2011,9253272.839999998
Greenwich,2012,8620754.949999997
Greenwich,2013,8855106.8
Greenwich,2014,9866278.919999998
Greenwich,2015,8968524.149999999
Greenwich,2016,8227494.449999998
Greenwich,2017,5288204.82
Greenwich,2018,5711216.609999999
Griswold,2004,10556289.879999999
Griswold,2005,11089251.639999997
Griswold,2006,11852516.93
Griswold,2007,11382478.430000003
Griswold,2008,12326598.509999996
Griswold,2009,12601681.61
Griswold,2010,12998856.020000005
Griswold,2011,12933310.09
Griswold,2012,12938879.099999996
Griswold,2013,12857740.669999996
Griswold,2014,13205391.840000004
Griswold,2015,12926847.929999998
Griswold,2016,13645606.659999998
Griswold,2017,13595023.669999996
Griswold,2018,11894616.159999995
Groton,2004,25932998.430000003
Groton,2005,27457287.780000005
Groton,2006,28752607.429999996
Groton,2007,28586759.869999997
Groton,2008,29017849.599999994
Groton,2009,30364652.580000013
Groton,2010,30715968.340000004
Groton,2011,31905066.630000003
Groton,2012,31631049.199999996
Groton,2013,30664811.009999994
Groton,2014,31436992.130000003
Groton,2015,30608692.970000006
Groton,2016,31464015.019999996
Groton,2017,30518410.259999994
Groton,2018,31726814.340000004
Guilford,2004,4051237.69
Guilford,2005,4459836.07
Guilford,2006,4415422.35
Guilford,2007,4692476.620000001
Guilford,2008,5338606.41
Guilford,2009,5181476.99
Guilford,2010,5805733.74
Guilford,2011,5122070.42
Guilford,2012,5330420.319999999
Guilford,2013,5484305.5200000005
Guilford,2014,5558039.619999999
Guilford,2015,5602904.220000001
Guilford,2016,5580300.720000001
Guilford,2017,5838630.590000001
Guilford,2018,5207366.83
Hamden,2004,23770753.2
Hamden,2005,25305574.31
Hamden,2006,26879409.270000003
Hamden,2007,27770408.879999995
Hamden,2008,30111176.7
Hamden,2009,31131012.799999993
Hamden,2010,32425425.920000006
Hamden,2011,32320088.890000008
Hamden,2012,31899811.200000003
Hamden,2013,34792054.27
Hamden,2014,38460785.940000005
Hamden,2015,40077174.29000001
Hamden,2016,35348309.34999999
Hamden,2017,35739458.519999996
Hamden,2018,35177767.74999999
Hartford,2004,221600582.52
Hartford,2005,239868734.26000002
Hartford,2006,255500382.64999992
Hartford,2007,272844118.24
Hartford,2008,282685823.93000007
Hartford,2009,290270777.99
Hartford,2010,307440521.7000001
Hartford,2011,300344038.71000004
Hartford,2012,312999476.51
Hartford,2013,333312246.6299998
Hartford,2014,339588737.63999987
Hartford,2015,360525168.7800001
Hartford,2016,365634692.37999994
Hartford,2017,339547468.84000015
Hartford,2018,330020993.2699999
Hartland,2004,1239641.0
Hartland,2005,1290272.5899999999
Hartland,2006,1301720.5700000003
Hartland,2007,1294622.5999999999
Hartland,2008,1401057.17
Hartland,2009,1435945.4900000005
Hartland,2010,1425710.9599999997
Hartland,2011,1466203.48
Hartland,2012,1443694.0799999998
Hartland,2013,1433263.0700000003
Hartland,2014,1431037.1300000004
Hartland,2015,1463673.5999999996
Hartland,2016,1501715.65
Hartland,2017,1305955.1
Hartland,2018,1173643.5
Killingly,2004,16608410.950000001
Killingly,2005,16548752.970000003
Killingly,2006,17244117.189999994
Killingly,2007,17737992.019999996
Killingly,2008,18392209.87
Killingly,2009,19182396.369999997
Killingly,2010,19513483.870000005
Killingly,2011,19463911.950000003
Killingly,2012,19938210.55
Killingly,2013,19795904.570000008
Killingly,2014,19602645.499999996
Killingly,2015,20077619.429999992
Killingly,2016,20181115.070000008
Killingly,2017,20214585.430000003
Killingly,2018,20027288.53
Lebanon,2004,5267984.75
Lebanon,2005,5463387.500000001
Lebanon,2006,5671290.289999998
Lebanon,2007,6026980.590000002
Lebanon,2008,6565972.200000004
Lebanon,2009,6988351.220000002
Lebanon,2010,6848178.900000001
Lebanon,2011,7146095.99
Lebanon,2012,6852525.59
Lebanon,2013,6849850.829999999
Lebanon,2014,7207488.2
Lebanon,2015,7032827.380000001
Lebanon,2016,6826660.149999999
Lebanon,2017,6821273.43
Lebanon,2018,6017209.180000001
Ledyard,2004,11531558.0
Ledyard,2005,11931938.030000001
Ledyard,2006,12585971.130000003
Ledyard,2007,12690427.320000002
Ledyard,2008,14058135.010000002
Ledyard,2009,14745678.66
Ledyard,2010,14886886.540000001
Ledyard,2011,14971286.400000002
Ledyard,2012,15360692.63
Ledyard,2013,15152814.519999998
Ledyard,2014,15461556.030000001
Ledyard,2015,15405864.970000003
Ledyard,2016,15426919.940000003
Ledyard,2017,14959068.51
Ledyard,2018,13350460.629999997
Lisbon,2004,3563549.1700000004
Lisbon,2005,3704597.400000001
Lisbon,2006,3927444.0500000003
Lisbon,2007,3999760.2999999984
Lisbon,2008,4348018.88
Lisbon,2009,4466631.790000001
Lisbon,2010,4568336.32
Lisbon,2011,4521317.23
Lisbon,2012,4706275.6499999985
Lisbon,2013,4445167.78
Lisbon,2014,4487295.260000001
Lisbon,2015,4443659.089999999
Lisbon,2016,4538716.519999997
Lisbon,2017,4141429.9300000006
Lisbon,2018,3771971.280000001
Litchfield,2004,1445195.0
Litchfield,2005,1708604.0
Litchfield,2006,1689743.0
Litchfield,2007,1778967.0
Litchfield,2008,2247652.0
Litchfield,2009,1898515.0
Litchfield,2010,2398779.0
Litchfield,2011,2189812.0
Litchfield,2012,2152206.0
Litchfield,2013,2111479.0
Litchfield,2014,2168142.43
Litchfield,2015,2275323.05
Litchfield,2016,2378992.7800000003
Litchfield,2017,2247608.55
Litchfield,2018,1934644.7399999998
Madison,2004,2174032.91
Madison,2005,2570067.2
Madison,2006,2708421.52
Madison,2007,3039729.1500000004
Madison,2008,3581389.21
Madison,2009,3638888.8399999994
Madison,2010,3657965.18
Madison,2011,3856997.55
Madison,2012,3529051.319999999
Madison,2013,3484765.2600000002
Madison,2014,3628664.44
Madison,2015,3537399.16
Madison,2016,3452677.8699999996
Madison,2017,2036039.3900000001
Madison,2018,2101738.02
Manchester,2004,31432305.34
Manchester,2005,31543528.02
Manchester,2006,33226357.67
Manchester,2007,34103777.81
Manchester,2008,37811842.900000006
Manchester,2009,39286003.68000001
Manchester,2010,41228954.17
Manchester,2011,39900151.489999995
Manchester,2012,42629876.94
Manchester,2013,43349399.709999986
Manchester,2014,45660806.04
Manchester,2015,46433136.63999999
Manchester,2016,49947088.09000004
Manchester,2017,44583992.08999996
Manchester,2018,44906558.21999998
Meriden,2004,58448330.5
Meriden,2005,60943892.58
Meriden,2006,63548153.240000024
Meriden,2007,63661367.31000001
Meriden,2008,69388686.8
Meriden,2009,72910712.66000003
Meriden,2010,75713052.09000003
Meriden,2011,73896523.92999999
Meriden,2012,74680477.41999999
Meriden,2013,74052462.82
Meriden,2014,78074270.15
Meriden,2015,79818417.47
Meriden,2016,82579541.52000003
Meriden,2017,80442778.60999998
Meriden,2018,78704498.01000005
Middletown,2004,22099402.37
Middletown,2005,22353138.140000004
Middletown,2006,23151244.159999996
Middletown,2007,24049636.599999994
Middletown,2008,27958473.88
Middletown,2009,28230447.95
Middletown,2010,29656798.99
Middletown,2011,28704744.680000003
Middletown,2012,29326652.99
Middletown,2013,28876615.770000003
Middletown,2014,30503798.099999998
Middletown,2015,31548961.39000001
Middletown,2016,31999502.83999999
Middletown,2017,30982151.14
Middletown,2018,30431404.359999996
Milford,2004,12200544.75
Milford,2005,13782916.87
Milford,2006,13618397.240000002
Milford,2007,13642147.62
Milford,2008,14912650.970000003
Milford,2009,15669829.639999997
Milford,2010,16592842.53
Milford,2011,16574081.91
Milford,2012,16416674.469999999
Milford,2013,15958318.06
Milford,2014,16806124.780000005
Milford,2015,16984220.7
Milford,2016,16925705.68
Milford,2017,16786713.740000002
Milford,2018,14570851.579999996
Monroe,2004,6538955.2299999995
Monroe,2005,6888626.340000001
Monroe,2006,7291276.26
Monroe,2007,7433808.86
Monroe,2008,8181082.930000002
Monroe,2009,8529355.88
Monroe,2010,8843594.189999998
Monroe,2011,8845163.01
Monroe,2012,8481182.899999999
Monroe,2013,8373421.380000001
Monroe,2014,8300721.920000002
Monroe,2015,8799298.129999999
Monroe,2016,8583124.79
Monroe,2017,8605803.560000002
Monroe,2018,7676938.039999998
Montville,2004,12126605.58
Montville,2005,12506067.079999998
Montville,2006,12842726.860000003
Montville,2007,12875972.219999997
Montville,2008,14158520.339999996
Montville,2009,14710648.979999997
Montville,2010,15127214.33
Montville,2011,15234740.950000001
Montville,2012,15389289.6
Montville,2013,14770177.71
Montville,2014,14895964.610000003
Montville,2015,14943365.149999999
Montville,2016,15043241.26
Montville,2017,14642256.85
Montville,2018,13188926.899999999
Naugatuck,2004,28752142.599999998
Naugatuck,2005,29387541.499999996
Naugatuck,2006,29807697.360000003
Naugatuck,2007,30097242.619999994
Naugatuck,2008,32761529.099999998
Naugatuck,2009,33761131.72
Naugatuck,2010,35683575.93000001
Naugatuck,2011,34518747.08
Naugatuck,2012,35991435.110000014
Naugatuck,2013,34659279.510000005
Naugatuck,2014,35050547.79999999
Naugatuck,2015,36593810.419999994
Naugatuck,2016,36768677.989999995
Naugatuck,2017,36217228.59
Naugatuck,2018,36314954.91000001
New Britain,2004,80693681.52
New Britain,2005,88767580.33000003
New Britain,2006,87188580.24000004
New Britain,2007,90380116.63999999
New Britain,2008,99299494.74
New Britain,2009,102568227.18000002
New Britain,2010,109507783.19000003
New Britain,2011,113947507.65999998
New Britain,2012,99902520.12
New Britain,2013,109077491.93000002
New Britain,2014,112424718.78999999
New Britain,2015,117898696.63999999
New Britain,2016,120779121.63000001
New Britain,2017,117988550.52000007
New Britain,2018,118750407.37999995
New Canaan,2004,2185465.0
New Canaan,2005,2607813.0
New Canaan,2006,2258946.0
New Canaan,2007,2689321.0
New Canaan,2008,3749357.0
New Canaan,2009,3828175.0
New Canaan,2010,4087155.0
New Canaan,2011,3752479.0
New Canaan,2012,3270545.0
New Canaan,2013,3370995.0
New Canaan,2014,3280900.0
New Canaan,2015,3244362.0
New Canaan,2016,2869551.0
New Canaan,2017,2631439.0
New Canaan,2018,2529688.0
New Fairfield,2004,4533236.92
New Fairfield,2005,4704853.25
New Fairfield,2006,4927835.450000002
New Fairfield,2007,5053794.1
New Fairfield,2008,5235500.039999999
New Fairfield,2009,5525531.789999999
New Fairfield,2010,5873842.380000001
New Fairfield,2011,5771962.03
New Fairfield,2012,5809929.1899999995
New Fairfield,2013,5556726.210000001
New Fairfield,2014,5587575.840000003
New Fairfield,2015,5492109.390000001
New Fairfield,2016,5557437.1400000015
New Fairfield,2017,5278336.320000002
New Fairfield,2018,4815353.49
New Haven,2004,192040112.09
New Haven,2005,196817497.24
New Haven,2006,203702613.25000003
New Haven,2007,207836391.14999998
New Haven,2008,221551373.53
New Haven,2009,230751440.58
New Haven,2010,243028605.95999983
New Haven,2011,247982425.29000005
New Haven,2012,238731119.84000012
New Haven,2013,260901318.08999994
New Haven,2014,271536463.50999993
New Haven,2015,274292145.7199999
New Haven,2016,292395436.22999996
New Haven,2017,255148243.46000007
New Haven,2018,248613685.71999997
New London,2004,28368084.91
New London,2005,28756406.36
New London,2006,30046740.13
New London,2007,30693786.209999997
New London,2008,33100193.580000006
New London,2009,34685900.02
New London,2010,34868940.84
New London,2011,35251313.75000001
New London,2012,36669211.89
New London,2013,38563034.23
New London,2014,42244779.910000004
New London,2015,44776318.63999998
New London,2016,46274602.5
New London,2017,45342478.679999985
New London,2018,45732835.48999999
New Milford,2004,12442014.370000001
New Milford,2005,12923755.919999998
New Milford,2006,13544007.919999998
New Milford,2007,13909297.610000005
New Milford,2008,14333029.09
New Milford,2009,15591566.209999999
New Milford,2010,15867226.149999999
New Milford,2011,15815097.770000001
New Milford,2012,15736064.769999998
New Milford,2013,15867156.750000004
New Milford,2014,15209860.7
New Milford,2015,15218616.930000002
New Milford,2016,15496486.7
New Milford,2017,14609494.68
New Milford,2018,12818806.12
Newington,2004,11128737.700000001
Newington,2005,12419352.909999998
Newington,2006,12630710.549999999
Newington,2007,13062124.370000001
Newington,2008,14764265.360000003
Newington,2009,15683581.219999999
Newington,2010,17920609.300000004
Newington,2011,15088197.340000002
Newington,2012,16750457.960000003
Newington,2013,16612700.68
Newington,2014,16241714.26
Newington,2015,16463024.579999998
Newington,2016,16308817.11
Newington,2017,15711175.930000002
Newington,2018,14506846.199999997
Newtown,2004,5676864.279999999
Newtown,2005,5901397.689999998
Newtown,2006,6486838.379999997
Newtown,2007,6703819.550000001
Newtown,2008,7499439.129999998
Newtown,2009,7739630.119999999
Newtown,2010,8434881.350000001
Newtown,2011,8053592.479999997
Newtown,2012,7733414.1099999985
Newtown,2013,7499169.249999998
Newtown,2014,7886008.39
Newtown,2015,7248472.949999999
Newtown,2016,7787438.560000001
Newtown,2017,7866135.8100000005
Newtown,2018,7113951.470000001
North Branford,2004,7422464.1
North Branford,2005,7916014.54
North Branford,2006,8527813.309999999
North Branford,2007,8401743.770000001
North Branford,2008,9131656.309999999
North Branford,2009,9386082.98
North Branford,2010,10008890.219999999
North Branford,2011,9448670.57
North Branford,2012,10146764.02
North Branford,2013,9933626.330000002
North Branford,2014,9577735.06
North Branford,2015,9594376.16
North Branford,2016,9522025.360000003
North Branford,2017,9188061.899999999
North Branford,2018,8318137.489999999
North Haven,2004,2703194.53
North Haven,2005,3203203.98
North Haven,2006,3594475.849999999
North Haven,2007,4126382.3099999996
North Haven,2008,5277956.88
North Haven,2009,5906841.1400000015
North Haven,2010,6323738.4
North Haven,2011,6629223.809999999
North Haven,2012,6109166.3100000005
North Haven,2013,6081802.17
North Haven,2014,6387435.419999997
North Haven,2015,6562582.869999998
North Haven,2016,6741536.620000001
North Haven,2017,6708303.379999999
North Haven,2018,6032053.4399999995
North Stonington,2004,2971105.13
North Stonington,2005,3296217.6199999996
North Stonington,2006,3263411.250000001
North Stonington,2007,3386581.85
North Stonington,2008,3289216.7399999998
North Stonington,2009,3487028.6999999993
North Stonington,2010,3674381.8800000004
North Stonington,2011,3411701.909999999
North Stonington,2012,3556112.97
North Stonington,2013,3328109.94
North Stonington,2014,3364260.87
North Stonington,2015,3418141.179999999
North Stonington,2016,3331741.54
North Stonington,2017,3244039.12
North Stonington,2018,2865493.8400000003
Norwalk,2004,21412366.380000003
Norwalk,2005,22973824.259999998
Norwalk,2006,24607637.999999996
Norwalk,2007,25561037.130000006
Norwalk,2008,27119605.940000005
Norwalk,2009,28604317.990000002
Norwalk,2010,29886604.680000003
Norwalk,2011,29625773.569999993
Norwalk,2012,30436733.14
Norwalk,2013,31366440.42
Norwalk,2014,34899694.79000001
Norwalk,2015,38762118.20999999
Norwalk,2016,38451972.39
Norwalk,2017,37009121.07000001
Norwalk,2018,34623143.92000001
Norwich,2004,35582873.93
Norwich,2005,38342471.63999999
Norwich,2006,39572191.970000006
Norwich,2007,40918340.63
Norwich,2008,44884965.690000005
Norwich,2009,46360231.23000001
Norwich,2010,47330763.88999999
Norwich,2011,47126255.11000001
Norwich,2012,45570780.210000016
Norwich,2013,51995278.279999994
Norwich,2014,54311831.32000001
Norwich,2015,55288300.81000002
Norwich,2016,56100007.10999999
Norwich,2017,50886024.87999995
Norwich,2018,49539279.17999998
Old Saybrook,2004,1286112.6800000002
Old Saybrook,2005,1348898.5100000002
Old Saybrook,2006,1345859.06
Old Saybrook,2007,1432865.22
Old Saybrook,2008,1543239.33
Old Saybrook,2009,1486227.5699999998
Old Saybrook,2010,1831592.7300000002
Old Saybrook,2011,1798591.23
Old Saybrook,2012,1684576.9900000002
Old Saybrook,2013,1725360.0600000005
Old Saybrook,2014,1734814.3699999999
Old Saybrook,2015,1965344.2200000002
Old Saybrook,2016,1782913.3299999996
Old Saybrook,2017,1239335.1300000001
Old Saybrook,2018,1056255.99
Oxford,2004,4287636.85
Oxford,2005,4504546.0200000005
Oxford,2006,4751587.26
Oxford,2007,4790500.309999999
Oxford,2008,5236512.549999999
Oxford,2009,5870577.54
Oxford,2010,6063216.33
Oxford,2011,6152266.49
Oxford,2012,5842160.779999999
Oxford,2013,5850141.81
Oxford,2014,5628838.000000002
Oxford,2015,6047915.670000001
Oxford,2016,5581066.529999999
Oxford,2017,6019362.090000001
Oxford,2018,5279976.070000001
Plainfield,2004,15493720.39
Plainfield,2005,16816699.880000003
Plainfield,2006,17238578.339999996
Plainfield,2007,17187601.76
Plainfield,2008,18425912.229999993
Plainfield,2009,19156731.649999995
Plainfield,2010,19106198.23
Plainfield,2011,19273630.339999996
Plainfield,2012,18850674.359999996
Plainfield,2013,18794170.070000004
Plainfield,2014,18506086.039999995
Plainfield,2015,18256077.98
Plainfield,2016,18857413.270000007
Plainfield,2017,18238814.699999996
Plainfield,2018,16290771.100000005
Plainville,2004,10349356.139999999
Plainville,2005,11188857.42
Plainville,2006,11400949.400000004
Plainville,2007,11698746.159999998
Plainville,2008,12665468.829999998
Plainville,2009,13093752.56
Plainville,2010,13511626.930000002
Plainville,2011,13669221.940000001
Plainville,2012,13833341.729999999
Plainville,2013,13744777.420000002
Plainville,2014,13992440.269999994
Plainville,2015,14716682.619999995
Plainville,2016,14667808.040000001
Plainville,2017,14570740.140000002
Plainville,2018,13349390.159999996
Plymouth,2004,9345880.26
Plymouth,2005,9866050.889999999
Plymouth,2006,10405005.839999996
Plymouth,2007,10408487.900000004
Plymouth,2008,11353401.629999999
Plymouth,2009,11549599.009999998
Plymouth,2010,11788716.79
Plymouth,2011,12017009.44
Plymouth,2012,12368321.26
Plymouth,2013,11898491.399999999
Plymouth,2014,11605322.54
Plymouth,2015,11546981.15
Plymouth,2016,11989388.260000002
Plymouth,2017,11597739.979999999
Plymouth,2018,10519701.600000003
Pomfret,2004,3109724.56
Pomfret,2005,3203611.5600000005
Pomfret,2006,3358042.41
Pomfret,2007,3422816.1099999994
Pomfret,2008,3970802.9599999995
Pomfret,2009,4096261.059999999
Pomfret,2010,4214773.85
Pomfret,2011,4202384.119999999
Pomfret,2012,4016885.5200000005
Pomfret,2013,4050892.3099999996
Pomfret,2014,4096059.269999998
Pomfret,2015,4004643.2599999993
Pomfret,2016,4030567.249999999
Pomfret,2017,3861918.340000001
Pomfret,2018,3357280.0700000003
Portland,2004,3889722.44
Portland,2005,4362413.05
Portland,2006,4333226.790000001
Portland,2007,4768705.360000003
Portland,2008,5178961.630000002
Portland,2009,5383835.8900000015
Portland,2010,5279782.379999999
Portland,2011,5255095.86
Portland,2012,5333411.89
Portland,2013,5375154.800000001
Portland,2014,5548380.340000001
Portland,2015,5487193.329999999
Portland,2016,5720830.589999999
Portland,2017,5580576.8500000015
Portland,2018,5320510.429999999
Preston,2004,3007751.36
Preston,2005,3032651.52
Preston,2006,3231773.6599999997
Preston,2007,3444798.869999999
Preston,2008,3674597.39
Preston,2009,3791678.28
Preston,2010,3961401.64
Preston,2011,3746600.420000001
Preston,2012,4001187.3099999996
Preston,2013,3838462.73
Preston,2014,3942514.2800000007
Preston,2015,3931959.789999999
Preston,2016,3942105.5500000003
Preston,2017,3675539.0100000002
Preston,2018,3045924.1700000004
Putnam,2004,9780686.67
Putnam,2005,10067056.040000001
Putnam,2006,9750859.040000001
Putnam,2007,9498828.379999999
Putnam,2008,9998876.140000002
Putnam,2009,10368664.7
Putnam,2010,10926224.320000002
Putnam,2011,10736015.719999999
Putnam,2012,11514545.139999997
Putnam,2013,12020061.860000003
Putnam,2014,12419209.240000008
Putnam,2015,12291661.680000002
Putnam,2016,12296921.420000004
Putnam,2017,11708558.169999996
Putnam,2018,11312182.390000002
Ridgefield,2004,2331827.3600000003
Ridgefield,2005,2332923.95
Ridgefield,2006,2969886.9099999997
Ridgefield,2007,3191779.1199999996
Ridgefield,2008,4314409.85
Ridgefield,2009,4349959.350000001
Ridgefield,2010,4975923.27
Ridgefield,2011,5236324.73
Ridgefield,2012,4882836.08
Ridgefield,2013,5405003.11
Ridgefield,2014,5686350.67
Ridgefield,2015,5663489.97
Ridgefield,2016,5362894.859999999
Ridgefield,2017,3331706.1399999997
Ridgefield,2018,2967836.22
Rocky Hill,2004,2864317.0199999996
Rocky Hill,2005,3087025.4499999997
Rocky Hill,2006,3360116.27
Rocky Hill,2007,3349776.919999999
Rocky Hill,2008,4528473.4
Rocky Hill,2009,4354805.27
Rocky Hill,2010,4969949.87
Rocky Hill,2011,5159518.670000002
Rocky Hill,2012,4701560.640000001
Rocky Hill,2013,4865094.43
Rocky Hill,2014,5231790.870000001
Rocky Hill,2015,5243909.249999998
Rocky Hill,2016,5930076.480000001
Rocky Hill,2017,5967652.439999999
Rocky Hill,2018,5795380.959999999
Salem,2004,3004762.9299999997
Salem,2005,3033352.25
Salem,2006,3175391.56
Salem,2007,3147981.870000001
Salem,2008,3348576.0099999993
Salem,2009,3593870.3600000003
Salem,2010,3579490.2500000005
Salem,2011,3536358.2299999995
Salem,2012,3654112.660000001
Salem,2013,3711254.86
Salem,2014,3610342.4299999992
Salem,2015,3792174.869999999
Salem,2016,3631000.01
Salem,2017,3444443.1800000006
Salem,2018,2898879.2400000007
Seymour,2004,9243067.83
Seymour,2005,9587075.799999999
Seymour,2006,9865778.02
Seymour,2007,10136419.87
Seymour,2008,11010760.41
Seymour,2009,11499354.590000004
Seymour,2010,12277891.79
Seymour,2011,11906934.690000003
Seymour,2012,12324959.570000002
Seymour,2013,12318327.1
Seymour,2014,12689683.139999999
Seymour,2015,12577346.299999999
Seymour,2016,12731548.180000002
Seymour,2017,12657063.850000001
Seymour,2018,11216961.27
Shelton,2004,7024732.6
Shelton,2005,7030130.730000001
Shelton,2006,7897397.159999999
Shelton,2007,8496370.889999999
Shelton,2008,8516633.0
Shelton,2009,8784976.45
Shelton,2010,9317471.55
Shelton,2011,8203643.670000002
Shelton,2012,8387747.86
Shelton,2013,9463912.53
Shelton,2014,8749125.819999998
Shelton,2015,8658416.939999998
Shelton,2016,8960513.349999998
Shelton,2017,10354676.089999998
Shelton,2018,8607198.27
Sherman,2004,292170.0
Sherman,2005,312300.0
Sherman,2006,341454.0
Sherman,2007,362672.0
Sherman,2008,528347.0
Sherman,2009,519332.0
Sherman,2010,485568.0
Sherman,2011,565682.0
Sherman,2012,471209.0
Sherman,2013,494584.0
Sherman,2014,472566.0
Sherman,2015,512183.0
Sherman,2016,360468.0
Sherman,2017,180315.0
Sherman,2018,159977.0
Simsbury,2004,3951817.15
Simsbury,2005,3875230.260000001
Simsbury,2006,4879133.96
Simsbury,2007,5930741.629999998
Simsbury,2008,8179355.190000001
Simsbury,2009,8126781.58
Simsbury,2010,9176370.95
Simsbury,2011,9249218.44
Simsbury,2012,9391657.89
Simsbury,2013,9122925.150000002
Simsbury,2014,9689523.090000002
Simsbury,2015,9317611.25
Simsbury,2016,9434067.61
Simsbury,2017,9657956.17
Simsbury,2018,9645480.85
Somers,2004,5213384.0
Somers,2005,5400191.129999999
Somers,2006,5680194.91
Somers,2007,5880405.54
Somers,2008,6764770.89
Somers,2009,7135461.449999999
Somers,2010,7287941.74
Somers,2011,7351204.590000002
Somers,2012,7407960.930000002
Somers,2013,7082288.230000001
Somers,2014,7150935.05
Somers,2015,6970603.21
Somers,2016,6921118.57
Somers,2017,6586598.0
Somers,2018,6011570.0
South Windsor,2004,10964344.02
South Windsor,2005,11675628.539999997
South Windsor,2006,12179161.940000001
South Windsor,2007,12996715.829999998
South Windsor,2008,15236529.689999996
South Windsor,2009,16011043.049999997
South Windsor,2010,16087680.290000001
South Windsor,2011,16293699.38
South Windsor,2012,16609662.21
South Windsor,2013,15993955.4
South Windsor,2014,16762510.56
South Windsor,2015,16858763.720000003
South Windsor,2016,16945947.130000003
South Windsor,2017,16227908.839999994
South Windsor,2018,14260499.299999999
Southington,2004,18482098.01
Southington,2005,19275600.930000007
Southington,2006,20370392.600000005
Southington,2007,20354769.769999996
Southington,2008,23647999.84999999
Southington,2009,24274716.550000004
Southington,2010,24928337.270000007
Southington,2011,25368215.07000001
Southington,2012,26252381.6
Southington,2013,25619919.759999998
Southington,2014,26204759.280000005
Southington,2015,26179213.799999997
Southington,2016,26345357.809999995
Southington,2017,25762952.040000007
Southington,2018,23024287.819999997
Sprague,2004,2876206.13
Sprague,2005,3076832.08
Sprague,2006,3271833.2400000007
Sprague,2007,3262123.72
Sprague,2008,3511007.3900000006
Sprague,2009,3185669.04
Sprague,2010,3276905.460000001
Sprague,2011,3276776.3500000006
Sprague,2012,3417519.6199999996
Sprague,2013,3275233.140000001
Sprague,2014,3363916.54
Sprague,2015,3279299.7699999996
Sprague,2016,3372203.48
Sprague,2017,3400527.8799999994
Sprague,2018,2913099.8799999994
Stafford,2004,9927076.11
Stafford,2005,10402556.840000002
Stafford,2006,10687718.28
Stafford,2007,10902054.170000002
Stafford,2008,11832356.240000002
Stafford,2009,12325838.62
Stafford,2010,12379582.98
Stafford,2011,12172121.97
Stafford,2012,12614053.07
Stafford,2013,12147059.130000005
Stafford,2014,12539506.099999998
Stafford,2015,11999009.100000003
Stafford,2016,11827059.949999997
Stafford,2017,11639902.039999997
Stafford,2018,9996311.4
Stamford,2004,20831588.83
Stamford,2005,25830077.439999998
Stamford,2006,26441063.34
Stamford,2007,29301674.73999999
Stamford,2008,30182288.720000003
Stamford,2009,30664011.669999998
Stamford,2010,37908500.260000005
Stamford,2011,37077250.519999996
Stamford,2012,36831104.93
Stamford,2013,41556346.06999999
Stamford,2014,44890025.58
Stamford,2015,44986663.13000001
Stamford,2016,49353024.03
Stamford,2017,44598288.57999999
Stamford,2018,44960986.43
Sterling,2004,2954034.0
Sterling,2005,2946342.0
Sterling,2006,3103818.0
Sterling,2007,3143001.0
Sterling,2008,3501440.14
Sterling,2009,3648371.749999999
Sterling,2010,3850132.1099999994
Sterling,2011,3839910.3899999997
Sterling,2012,4072274.94
Sterling,2013,3823158.8799999994
Sterling,2014,3994169.420000001
Sterling,2015,3949978.8799999994
Sterling,2016,4108100.0199999996
Sterling,2017,3796636.8399999994
Sterling,2018,3471706.7900000005
Stonington,2004,3069390.2800000003
Stonington,2005,3042560.1700000013
Stonington,2006,3500303.9600000004
Stonington,2007,3684850.849999999
Stonington,2008,4147972.1199999996
Stonington,2009,3940881.770000001
Stonington,2010,4194088.2400000007
Stonington,2011,4173721.4099999997
Stonington,2012,4135102.44
Stonington,2013,4270194.710000003
Stonington,2014,4183143.4000000004
Stonington,2015,4027706.3499999996
Stonington,2016,3985149.7300000004
Stonington,2017,3608719.9699999983
Stonington,2018,3386581.509999999
Stratford,2004,18407739.689999998
Stratford,2005,20964898.610000003
Stratford,2006,22327963.01
Stratford,2007,22130612.259999994
Stratford,2008,26353889.779999997
Stratford,2009,27801441.73
Stratford,2010,28336979.249999996
Stratford,2011,29596820.05999999
Stratford,2012,28384984.369999997
Stratford,2013,28514552.85
Stratford,2014,29319368.209999997
Stratford,2015,29415413.98000002
Stratford,2016,29890537.049999993
Stratford,2017,29041000.719999995
Stratford,2018,25980231.269999996
Suffield,2004,4704845.27
Suffield,2005,5230131.880000001
Suffield,2006,5605025.179999999
Suffield,2007,5920092.82
Suffield,2008,7596221.250000002
Suffield,2009,7620067.760000001
Suffield,2010,7909999.440000001
Suffield,2011,8201522.660000001
Suffield,2012,8530270.37
Suffield,2013,8643863.93
Suffield,2014,9514927.580000002
Suffield,2015,8946573.489999998
Suffield,2016,9558336.43
Suffield,2017,8793878.370000001
Suffield,2018,7970270.000000002
Thomaston,2004,5289216.96
Thomaston,2005,5636281.209999999
Thomaston,2006,5847130.2299999995
Thomaston,2007,6120874.34
Thomaston,2008,6713122.259999999
Thomaston,2009,7005733.259999999
Thomaston,2010,7225336.8500000015
Thomaston,2011,7053480.000000002
Thomaston,2012,7170631.120000001
Thomaston,2013,7165307.18
Thomaston,2014,6875316.72
Thomaston,2015,6839104.699999999
Thomaston,2016,6954304.790000001
Thomaston,2017,6654987.420000001
Thomaston,2018,6179263.699999999
Thompson,2004,7835784.71
Thompson,2005,7867889.649999999
Thompson,2006,8406851.899999999
Thompson,2007,8602043.209999999
Thompson,2008,9228274.379999999
Thompson,2009,9746926.900000002
Thompson,2010,9492246.240000002
Thompson,2011,9405699.45
Thompson,2012,9661389.350000001
Thompson,2013,9362967.000000002
Thompson,2014,9261424.04
Thompson,2015,9345857.14
Thompson,2016,9161812.950000001
Thompson,2017,8943740.96
Thompson,2018,9173267.140000002
Tolland,2004,10122671.73
Tolland,2005,10297246.869999997
Tolland,2006,10882198.690000003
Tolland,2007,10988684.429999998
Tolland,2008,12528557.069999998
Tolland,2009,13169063.929999998
Tolland,2010,13373133.010000002
Tolland,2011,13264148.859999998
Tolland,2012,13317324.170000002
Tolland,2013,13078017.389999997
Tolland,2014,13242970.8
Tolland,2015,13158192.430000002
Tolland,2016,13231987.389999999
Tolland,2017,12822293.66
Tolland,2018,11085300.949999996
Torrington,2004,23293560.939999998
Torrington,2005,24031409.859999996
Torrington,2006,25363273.209999997
Torrington,2007,26151792.96
Torrington,2008,29194809.490000002
Torrington,2009,30170820.210000005
Torrington,2010,30301336.949999996
Torrington,2011,31071607.52
Torrington,2012,30024832.540000003
Torrington,2013,29890107.32
Torrington,2014,30972067.5
Torrington,2015,30724619.81
Torrington,2016,32472026.999999996
Torrington,2017,31564737.480000004
Torrington,2018,31582587.58
Trumbull,2004,4019731.85
Trumbull,2005,5285839.37
Trumbull,2006,6078199.609999999
Trumbull,2007,5447364.18
Trumbull,2008,6673163.430000001
Trumbull,2009,6569947.650000002
Trumbull,2010,7805650.1400000015
Trumbull,2011,7417826.569999999
Trumbull,2012,7076032.040000003
Trumbull,2013,7034237.580000002
Trumbull,2014,7209273.020000001
Trumbull,2015,7532140.929999998
Trumbull,2016,7772470.339999999
Trumbull,2017,7517517.54
Trumbull,2018,7198430.95
Union,2004,258405.0
Union,2005,260902.22
Union,2006,264849.70999999996
Union,2007,275604.45
Union,2008,294442.16
Union,2009,289185.18999999994
Union,2010,307220.72
Union,2011,295799.97
Union,2012,294699.18999999994
Union,2013,285409.79000000004
Union,2014,310797.6500000001
Union,2015,305622.8999999999
Union,2016,285311.87
Union,2017,267246.04999999993
Union,2018,235217.91000000003
Vernon,2004,18107087.22
Vernon,2005,18804268.060000002
Vernon,2006,19982109.67
Vernon,2007,19785921.27
Vernon,2008,21425382.459999997
Vernon,2009,21897509.130000003
Vernon,2010,22337960.279999994
Vernon,2011,22932877.01
Vernon,2012,22345055.209999997
Vernon,2013,23295061.09
Vernon,2014,23804766.78
Vernon,2015,24206035.950000003
Vernon,2016,25177839.090000004
Vernon,2017,24453669.219999995
Vernon,2018,25229016.23
Voluntown,2004,2538375.63
Voluntown,2005,2583920.6400000006
Voluntown,2006,2722985.25
Voluntown,2007,2826596.239999999
Voluntown,2008,2820767.1399999997
Voluntown,2009,2975919.2999999993
Voluntown,2010,3010282.0100000007
Voluntown,2011,2935969.990000001
Voluntown,2012,3020222.1200000015
Voluntown,2013,2965319.7399999998
Voluntown,2014,2946759.63
Voluntown,2015,2981374.960000001
Voluntown,2016,3100721.2699999986
Voluntown,2017,2928522.8800000004
Voluntown,2018,2641417.7900000005
Wallingford,2004,21770388.189999998
Wallingford,2005,22599626.849999998
Wallingford,2006,23286530.859999992
Wallingford,2007,23618493.970000003
Wallingford,2008,26330823.25
Wallingford,2009,27290733.699999996
Wallingford,2010,28352596.08
Wallingford,2011,27705946.219999995
Wallingford,2012,28799894.519999996
Wallingford,2013,27648814.850000005
Wallingford,2014,28267604.13999999
Wallingford,2015,27929997.29
Wallingford,2016,28017519.030000005
Wallingford,2017,27740370.609999996
Wallingford,2018,24918606.219999995
Waterbury,2004,129112621.02
Waterbury,2005,129404497.53999998
Waterbury,2006,141101021.79000002
Waterbury,2007,140233418.2
Waterbury,2008,151261672.45
Waterbury,2009,158931371.76000002
Waterbury,2010,176903355.96000004
Waterbury,2011,177895213.96
Waterbury,2012,172475617.56999996
Waterbury,2013,176922699.08
Waterbury,2014,187516408.07
Waterbury,2015,189841879.09000006
Waterbury,2016,196972701.75000006
Waterbury,2017,195789522.97999987
Waterbury,2018,191437226.78000006
Waterford,2004,1926036.53
Waterford,2005,2254594.07
Waterford,2006,2751730.3400000003
Waterford,2007,2958079.3
Waterford,2008,3949096.630000001
Waterford,2009,4155820.41
Waterford,2010,4222585.0
Waterford,2011,4099194.27
Waterford,2012,3957063.3599999994
Waterford,2013,3734503.410000001
Waterford,2014,3831550.11
Waterford,2015,3690796.6599999997
Waterford,2016,3381721.2600000007
Waterford,2017,2049283.9099999997
Waterford,2018,2273916.73
Watertown,2004,10861341.22
Watertown,2005,11440835.55
Watertown,2006,11374089.23
Watertown,2007,11885606.179999998
Watertown,2008,13284090.320000002
Watertown,2009,13748567.47
Watertown,2010,14275137.670000002
Watertown,2011,14596956.810000002
Watertown,2012,14627516.51
Watertown,2013,14093753.039999997
Watertown,2014,14098731.640000002
Watertown,2015,14921033.650000004
Watertown,2016,14636714.93
Watertown,2017,13910744.409999998
Watertown,2018,12717279.719999999
West Hartford,2004,13743364.629999999
West Hartford,2005,15739622.430000002
West Hartford,2006,17183838.419999998
West Hartford,2007,17961644.369999997
West Hartford,2008,22042245.679999996
West Hartford,2009,23993423.990000006
West Hartford,2010,25533545.21
West Hartford,2011,27442131.68
West Hartford,2012,26541668.11
West Hartford,2013,27806013.930000007
West Hartford,2014,28077516.50000001
West Hartford,2015,29324825.71
West Hartford,2016,30180333.55
West Hartford,2017,32573234.670000006
West Hartford,2018,29545992.779999994
West Haven,2004,44663822.42
West Haven,2005,44654337.48000002
West Haven,2006,46533786.38
West Haven,2007,47097680.05999999
West Haven,2008,50795568.92999999
West Haven,2009,54956609.180000015
West Haven,2010,55291020.31999999
West Haven,2011,53996400.21999999
West Haven,2012,53550847.50999998
West Haven,2013,54785709.739999995
West Haven,2014,56177044.929999985
West Haven,2015,56276838.38999999
West Haven,2016,59554862.800000034
West Haven,2017,56724837.88999999
West Haven,2018,56874572.07000001
Westbrook,2004,657464.14
Westbrook,2005,714332.49
Westbrook,2006,732606.5800000001
Westbrook,2007,719363.13
Westbrook,2008,894199.92
Westbrook,2009,785274.33
Westbrook,2010,990567.95
Westbrook,2011,708492.3400000001
Westbrook,2012,968468.18
Westbrook,2013,923830.46
Westbrook,2014,1096216.0699999998
Westbrook,2015,805348.41
Westbrook,2016,819661.6
Westbrook,2017,483807.07
Westbrook,2018,705364.52
Weston,2004,1368341.62
Weston,2005,1758870.5200000003
Weston,2006,1401116.41
Weston,2007,1899990.5300000003
Weston,2008,2149822.5300000003
Weston,2009,2048617.53
Weston,2010,2410560.24
Weston,2011,2452775.7699999996
Weston,2012,2181709.71
Weston,2013,2053512.6800000002
Weston,2014,2421012.0
Weston,2015,2643443.2399999998
Weston,2016,2495949.29
Weston,2017,1773322.15
Weston,2018,1585758.7
Westport,2004,2862687.48
Westport,2005,3114919.1399999997
Westport,2006,3442098.2899999996
Westport,2007,3653305.019999999
Westport,2008,4416369.15
Westport,2009,4428635.67
Westport,2010,5108799.34
Westport,2011,5496781.11
Westport,2012,4559395.960000001
Westport,2013,4346713.88
Westport,2014,4311559.580000001
Westport,2015,3922240.4200000004
Westport,2016,4624451.140000001
Westport,2017,2959902.3900000006
Westport,2018,2711300.7699999996
Wethersfield,2004,5883645.29
Wethersfield,2005,6904314.590000002
Wethersfield,2006,7519212.160000001
Wethersfield,2007,8096962.7
Wethersfield,2008,10277723.469999997
Wethersfield,2009,10642407.98
Wethersfield,2010,11169333.67
Wethersfield,2011,11394908.78
Wethersfield,2012,11492245.889999999
Wethersfield,2013,11273492.72
Wethersfield,2014,11802257.520000003
Wethersfield,2015,12830129.739999995
Wethersfield,2016,13097771.110000001
Wethersfield,2017,13617553.17
Wethersfield,2018,12546831.999999998
Wilton,2004,2328857.5
Wilton,2005,2777632.5599999996
Wilton,2006,3368787.93
Wilton,2007,3501206.1500000004
Wilton,2008,4122828.3000000003
Wilton,2009,4420424.720000001
Wilton,2010,3934386.5299999993
Wilton,2011,4236837.89
Wilton,2012,3814186.5500000003
Wilton,2013,3411928.53
Wilton,2014,3755535.53
Wilton,2015,3981952.5700000008
Wilton,2016,3906151.85
Wilton,2017,3030650.24
Wilton,2018,3365414.6599999997
Winchester,2004,7702341.529999999
Winchester,2005,8208935.550000001
Winchester,2006,8825554.100000001
Winchester,2007,9026940.21
Winchester,2008,9734405.739999998
Winchester,2009,9639207.560000002
Winchester,2010,10567233.3
Winchester,2011,10588747.739999998
Winchester,2012,10016302.389999999
Winchester,2013,11017811.050000003
Winchester,2014,11803663.52
Winchester,2015,11520813.779999997
Winchester,2016,12392698.899999999
Winchester,2017,11502039.270000001
Winchester,2018,11187580.690000001
Windham,2004,30111372.82
Windham,2005,30701094.810000002
Windham,2006,30965152.200000003
Windham,2007,31850137.47
Windham,2008,32627022.349999998
Windham,2009,33510034.490000002
Windham,2010,34617436.68000001
Windham,2011,35750167.230000004
Windham,2012,35761651.109999985
Windham,2013,35981337.69
Windham,2014,38281691.79000001
Windham,2015,41963202.42999999
Windham,2016,42479378.170000024
Windham,2017,39863860.28000002
Windham,2018,38444744.28000001
Windsor,2004,11424680.0
Windsor,2005,12571050.249999996
Windsor,2006,11689684.8
Windsor,2007,13013016.160000004
Windsor,2008,15497572.54
Windsor,2009,16387166.729999999
Windsor,2010,17284588.25
Windsor,2011,17102432.09
Windsor,2012,16799777.830000006
Windsor,2013,16772759.299999997
Windsor,2014,17300390.910000004
Windsor,2015,17689351.91
Windsor,2016,17458403.82
Windsor,2017,17616047.840000007
Windsor,2018,16865606.540000007
Windsor Locks,2004,3249102.94
Windsor Locks,2005,4061689.3500000006
Windsor Locks,2006,4392196.18
Windsor Locks,2007,4708754.41
Windsor Locks,2008,5758881.209999999
Windsor Locks,2009,6177223.119999999
Windsor Locks,2010,6635455.320000001
Windsor Locks,2011,6635344.269999999
Windsor Locks,2012,6899660.78
Windsor Locks,2013,7124856.11
Windsor Locks,2014,7530223.4399999995
Windsor Locks,2015,7998101.02
Windsor Locks,2016,7737137.469999999
Windsor Locks,2017,7545687.280000001
Windsor Locks,2018,7484216.409999999
Wolcott,2004,11739824.85
Wolcott,2005,12458556.83
Wolcott,2006,13030200.089999998
Wolcott,2007,13672881.509999998
Wolcott,2008,15145733.200000001
Wolcott,2009,15696727.119999997
Wolcott,2010,16079690.620000001
Wolcott,2011,16428413.830000004
Wolcott,2012,16614092.160000006
Wolcott,2013,15957144.120000003
Wolcott,2014,16038922.400000002
Wolcott,2015,16127570.879999997
Wolcott,2016,16262652.729999997
Wolcott,2017,15849446.490000002
Wolcott,2018,14084226.059999999
Woodstock,2004,5148133.63
Woodstock,2005,5259958.33
Woodstock,2006,5472678.17
Woodstock,2007,5494300.670000001
Woodstock,2008,6087630.730000001
Woodstock,2009,6296819.45
Woodstock,2010,6551519.0200000005
Woodstock,2011,6523355.07
Woodstock,2012,6489706.430000001
Woodstock,2013,6193709.28
Woodstock,2014,6289276.95
Woodstock,2015,6338905.069999999
Woodstock,2016,6378432.550000002
Woodstock,2017,6182634.090000002
Woodstock,2018,5744189.070000001
