City,report_year,Enrollment,FTE Count,Education spending,has_nulls
ANDOVER,2007,645.4,60.9,7507964.0,True
ANDOVER,2008,642.14,57.99999999999999,8829049.0,True
ANDOVER,2009,641.76,59.39999999999999,8056856.0,True
ANDOVER,2010,631.35,59.99999999999999,7844581.0,True
ANDOVER,2011,636.48,59.699999999999996,8009858.0,True
ANDOVER,2012,608.16,57.6,8408601.0,True
ANDOVER,2013,588.63,56.6,8562868.0,True
ANDOVER,2014,569.02,56.6,8800679.0,True
ANDOVER,2015,535.65,52.099999999999994,8576809.0,True
ANDOVER,2016,502.26,54.3,8780455.0,True
ANSONIA,2007,2831.14,489.8,29660930.0,False
ANSONIA,2008,2867.43,391.90000000000003,38418010.0,False
ANSONIA,2009,2854.78,404.5,31520992.0,False
ANSONIA,2010,2867.97,373.2,32282747.0,False
ANSONIA,2011,2795.42,399.6,31895845.0,False
ANSONIA,2012,2710.56,389.6,33764768.0,False
ANSONIA,2013,2628.64,376.7,34124712.0,False
ANSONIA,2014,2528.6,391.7,35784832.0,False
ANSONIA,2015,2585.1,347.2,37029834.0,False
ANSONIA,2016,2524.46,353.5,38507977.0,False
ASHFORD,2007,759.63,93.9,9971001.0,True
ASHFORD,2008,710.79,95.80000000000001,11716666.0,True
ASHFORD,2009,695.89,97.0,10816718.0,True
ASHFORD,2010,696.74,97.39999999999999,10885166.0,True
ASHFORD,2011,701.78,96.19999999999999,11069550.0,True
ASHFORD,2012,702.71,96.79999999999998,11084777.0,True
ASHFORD,2013,642.8,92.39999999999999,11250309.0,True
ASHFORD,2014,615.78,91.5,11758559.0,True
ASHFORD,2015,597.72,95.8,11771983.0,True
ASHFORD,2016,562.82,96.9,11825590.0,True
AVON,2007,3511.67,458.6,38966040.0,False
AVON,2008,3596.56,465.6,54645090.0,False
AVON,2009,3573.81,506.79999999999995,44212809.0,False
AVON,2010,3616.52,498.80000000000007,45144616.0,False
AVON,2011,3585.43,516.0,46977726.0,False
AVON,2012,3538.0,533.0,51292289.0,False
AVON,2013,3472.15,527.3000000000001,53396764.0,False
AVON,2014,3420.67,507.90000000000003,56632683.0,False
AVON,2015,3325.72,510.50000000000006,58148061.0,False
AVON,2016,3292.45,509.3,59484885.0,False
BARKHAMSTED,2007,666.72,55.699999999999996,7767269.0,False
BARKHAMSTED,2008,656.94,56.10000000000001,8995197.0,True
BARKHAMSTED,2009,676.46,56.0,8371378.0,False
BARKHAMSTED,2010,671.83,54.29999999999999,8464826.0,False
BARKHAMSTED,2011,660.1,58.0,8512747.0,False
BARKHAMSTED,2012,650.16,55.0,8597998.0,False
BARKHAMSTED,2013,648.78,53.599999999999994,8852107.0,False
BARKHAMSTED,2014,602.4500000000003,53.8,9363120.0,False
BARKHAMSTED,2015,584.68,55.7,9432399.0,True
BARKHAMSTED,2016,564.73,58.5,9502969.0,True
BERLIN,2007,3322.87,482.00000000000006,37095815.0,False
BERLIN,2008,3313.32,472.90000000000003,50558499.0,False
BERLIN,2009,3266.73,485.2,41651157.0,False
BERLIN,2010,3219.34,484.59999999999997,42342339.0,False
BERLIN,2011,3166.44,469.40000000000003,42974081.0,False
BERLIN,2012,3078.92,489.20000000000005,45044221.0,False
BERLIN,2013,3050.82,491.30000000000007,46108451.0,False
BERLIN,2014,3063.18,475.80000000000007,48175177.0,False
BERLIN,2015,3024.11,487.2,47885291.0,False
BERLIN,2016,2938.43,483.8,49476881.0,False
BETHANY,2007,1078.67,97.3,13332507.0,True
BETHANY,2008,1087.84,94.70000000000002,14630594.0,True
BETHANY,2009,1074.55,96.0,15045677.0,True
BETHANY,2010,1039.59,98.69999999999999,15467143.0,True
BETHANY,2011,1014.45,91.99999999999999,15340874.0,True
BETHANY,2012,973.53,90.0,15411290.0,True
BETHANY,2013,943.59,92.19999999999999,15599595.0,True
BETHANY,2014,914.19,89.89999999999999,15923151.0,True
BETHANY,2015,884.97,79.69999999999999,16405008.0,False
BETHANY,2016,840.69,77.89999999999999,16698230.0,False
BETHEL,2007,3231.5,462.69999999999993,36050621.0,False
BETHEL,2008,3158.07,469.7,46027926.0,False
BETHEL,2009,3102.17,475.6,39762463.0,False
BETHEL,2010,3061.31,475.20000000000005,38917838.0,False
BETHEL,2011,2953.22,475.40000000000003,39878864.0,False
BETHEL,2012,2962.34,467.7,42185635.0,False
BETHEL,2013,2962.07,465.0,44246629.0,False
BETHEL,2014,2946.04,467.4,46384500.0,False
BETHEL,2015,2879.53,456.59999999999997,46517348.0,False
BETHEL,2016,2930.31,459.20000000000005,48105825.0,False
BLOOMFIELD,2007,2700.61,493.79999999999995,36494139.0,False
BLOOMFIELD,2008,2628.6,489.4,45243647.0,False
BLOOMFIELD,2009,2556.5,494.3,40453351.0,False
BLOOMFIELD,2010,2529.41,526.0,40445920.0,False
BLOOMFIELD,2011,2407.11,489.3,40609912.0,False
BLOOMFIELD,2012,2374.3,490.00000000000006,41407469.0,False
BLOOMFIELD,2013,2260.5,467.5,40980883.0,False
BLOOMFIELD,2014,2186.57,483.0,42708097.0,False
BLOOMFIELD,2015,2244.11,472.3,42712016.0,False
BLOOMFIELD,2016,2238.29,451.2,43740001.0,False
BOLTON,2007,921.26,160.7,11395676.0,False
BOLTON,2008,868.56,164.6,15385286.0,False
BOLTON,2009,843.82,164.6,12675559.0,False
BOLTON,2010,839.24,162.4,12866459.0,False
BOLTON,2011,829.15,155.9,13011924.0,False
BOLTON,2012,828.2899999999997,160.89999999999998,13711064.0,False
BOLTON,2013,815.35,165.2,14080200.0,False
BOLTON,2014,803.26,163.39999999999998,14500226.0,False
BOLTON,2015,778.58,165.1,14768355.0,False
BOLTON,2016,759.1799999999997,161.39999999999998,14696498.0,False
BOZRAH,2007,391.13,53.8,4439958.0,True
BOZRAH,2008,391.58,50.8,4998002.0,True
BOZRAH,2009,391.67,44.5,5320790.0,True
BOZRAH,2010,387.81,46.9,5370163.0,True
BOZRAH,2011,356.91,44.2,5546367.0,True
BOZRAH,2012,349.75,42.7,5548197.0,True
BOZRAH,2013,342.71,45.4,5670995.0,True
BOZRAH,2014,345.04,47.7,5831304.0,True
BOZRAH,2015,313.89,45.2,5857043.0,True
BOZRAH,2016,307.7,45.7,5925910.0,True
BRANFORD,2007,3650.43,564.4,45013856.0,False
BRANFORD,2008,3536.5,568.3,60571587.0,False
BRANFORD,2009,3536.87,578.8,49602424.0,False
BRANFORD,2010,3581.27,583.0,50550551.0,False
BRANFORD,2011,3488.31,565.8000000000001,52066037.0,False
BRANFORD,2012,3393.42,567.6,54721423.0,False
BRANFORD,2013,3353.78,572.3000000000001,56100841.0,False
BRANFORD,2014,3315.73,670.6,57742288.0,False
BRANFORD,2015,3183.23,700.5999999999999,57416360.0,False
BRANFORD,2016,3121.52,296.7,59226125.0,True
BRIDGEPORT,2007,22224.65,2854.1,211764417.0,False
BRIDGEPORT,2008,21801.84,2910.5,218222813.0,False
BRIDGEPORT,2009,21288.93,2977.7999999999997,222867074.0,False
BRIDGEPORT,2010,21022.7,3011.3,205130582.0,False
BRIDGEPORT,2011,20949.07,2980.2000000000003,229559379.0,False
BRIDGEPORT,2012,20870.82,2883.5,259297544.0,False
BRIDGEPORT,2013,20484.53,2811.1000000000004,261470234.0,False
BRIDGEPORT,2014,21008.02,2864.0,267927607.0,False
BRIDGEPORT,2015,21095.81,2968.9999999999995,264104051.0,False
BRIDGEPORT,2016,20945.51,3157.8999999999996,273774169.0,False
BRISTOL,2007,9121.540000000005,1247.1000000000001,87131000.0,False
BRISTOL,2008,9040.16,1258.2,121810000.0,False
BRISTOL,2009,8913.78,1244.5,96364000.0,False
BRISTOL,2010,8783.64,1238.3,95615000.0,False
BRISTOL,2011,8760.049999999997,1218.6000000000001,96785000.0,False
BRISTOL,2012,8636.53,1213.8000000000002,100448000.0,False
BRISTOL,2013,8503.36,1195.7,98435000.0,False
BRISTOL,2014,8490.99,1188.8,102684000.0,False
BRISTOL,2015,8452.27,1230.2,104561451.0,False
BRISTOL,2016,8392.78,1228.4,105974983.0,False
BROOKFIELD,2007,3066.44,445.49999999999994,34316860.0,False
BROOKFIELD,2008,2991.2,443.59999999999997,45501772.0,False
BROOKFIELD,2009,3029.69,435.8,37278699.0,False
BROOKFIELD,2010,2988.01,374.70000000000005,36461447.0,False
BROOKFIELD,2011,2939.81,433.90000000000003,38063564.0,False
BROOKFIELD,2012,2904.83,436.0,39846302.0,False
BROOKFIELD,2013,2836.39,434.5,41347563.0,False
BROOKFIELD,2014,2826.29,432.29999999999995,42881832.0,False
BROOKFIELD,2015,2756.13,430.4,43046911.0,False
BROOKFIELD,2016,2731.36,428.6,44101873.0,False
BROOKLYN,2007,1373.55,151.1,14303377.0,False
BROOKLYN,2008,1349.13,147.4,15351712.0,False
BROOKLYN,2009,1314.52,157.1,16034423.0,False
BROOKLYN,2010,1312.93,152.50000000000003,16296384.0,False
BROOKLYN,2011,1285.65,142.70000000000002,16379323.0,False
BROOKLYN,2012,1264.51,99.89999999999999,16973810.0,False
BROOKLYN,2013,1260.76,125.0,17370720.0,False
BROOKLYN,2014,1239.0,168.0,18141251.0,False
BROOKLYN,2015,1205.71,175.7,18539569.0,False
BROOKLYN,2016,1225.4,76.10000000000001,17955158.0,True
CANAAN,2007,150.95,59.900000000000006,2964982.0,True
CANAAN,2008,144.31,59.7,3296366.0,False
CANAAN,2009,130.5,56.800000000000004,2718795.0,True
CANAAN,2010,136.1,59.5,2787951.0,False
CANAAN,2011,139.99,58.5,2853093.0,False
CANAAN,2012,141.0,57.5,3215901.0,False
CANAAN,2013,117.4,57.99999999999999,3244772.0,False
CANAAN,2014,114.88,59.199999999999996,3040647.0,False
CANAAN,2015,111.1,56.99999999999999,3216778.0,True
CANAAN,2016,111.45,58.099999999999994,3111571.0,True
CANTERBURY,2007,825.0,116.2,10486071.0,True
CANTERBURY,2008,829.91,108.0,12877890.0,True
CANTERBURY,2009,824.7,106.9,11115591.0,True
CANTERBURY,2010,770.26,104.5,11317718.0,True
CANTERBURY,2011,712.94,109.2,11230443.0,True
CANTERBURY,2012,720.98,106.0,11472655.0,True
CANTERBURY,2013,703.89,107.8,12149799.0,True
CANTERBURY,2014,659.64,106.4,12162679.0,True
CANTERBURY,2015,655.62,85.8,12296025.0,True
CANTERBURY,2016,648.58,111.0,12129756.0,True
CHAPLIN,2007,350.37,47.60000000000001,5366747.0,True
CHAPLIN,2008,342.26,44.3,5602595.0,True
CHAPLIN,2009,314.11,47.0,5908056.0,True
CHAPLIN,2010,290.45,45.7,5945322.0,True
CHAPLIN,2011,288.58,42.6,5774865.0,True
CHAPLIN,2012,301.79,42.6,5626443.0,True
CHAPLIN,2013,298.57,41.1,5931939.0,True
CHAPLIN,2014,303.73,41.1,6101752.0,True
CHAPLIN,2015,291.74,42.5,6331588.0,True
CHAPLIN,2016,287.63,41.2,6158721.0,True
CHESHIRE,2007,5141.24,723.5,57588979.0,False
CHESHIRE,2008,5096.8,935.5,59146513.0,False
CHESHIRE,2009,4997.44,737.4000000000001,63051443.0,False
CHESHIRE,2010,4943.37,722.4000000000001,63459814.0,False
CHESHIRE,2011,4792.48,724.0000000000001,65036092.0,False
CHESHIRE,2012,4784.84,722.7,67408514.0,False
CHESHIRE,2013,4654.92,730.9,68815590.0,False
CHESHIRE,2014,4601.12,747.5999999999999,71369932.0,False
CHESHIRE,2015,4527.79,758.0,74575158.0,False
CHESHIRE,2016,4401.39,776.1,75896046.0,False
CLINTON,2007,2130.67,339.9,27684255.0,False
CLINTON,2008,2124.8,338.40000000000003,37475160.0,False
CLINTON,2009,2129.43,347.3,30748842.0,False
CLINTON,2010,2069.22,344.4,31113649.0,False
CLINTON,2011,2083.21,332.3,32137637.0,False
CLINTON,2012,2057.31,341.40000000000003,32273832.0,False
CLINTON,2013,2034.37,344.49999999999994,33124324.0,False
CLINTON,2014,2016.25,343.69999999999993,34066239.0,False
CLINTON,2015,1957.04,346.4000000000001,34191891.0,False
CLINTON,2016,1862.89,337.50000000000006,35148514.0,False
COLCHESTER,2007,3266.66,533.8000000000001,33976567.0,False
COLCHESTER,2008,3264.52,441.4,35822916.0,False
COLCHESTER,2009,3209.93,459.1,36921607.0,False
COLCHESTER,2010,3237.3,484.40000000000003,35813628.0,False
COLCHESTER,2011,3135.15,469.4000000000001,36998747.0,False
COLCHESTER,2012,3062.92,468.09999999999997,40492902.0,False
COLCHESTER,2013,2949.7,457.2,41828767.0,False
COLCHESTER,2014,2847.2,459.80000000000007,43879506.0,False
COLCHESTER,2015,2766.93,440.9,43909369.0,False
COLCHESTER,2016,2705.29,440.3,44296560.0,False
COLEBROOK,2007,256.54,27.599999999999998,3405853.0,True
COLEBROOK,2008,263.39,27.9,4056429.0,True
COLEBROOK,2009,255.79,28.5,3831032.0,True
COLEBROOK,2010,255.02,27.1,3754811.0,True
COLEBROOK,2011,253.2,24.599999999999998,3801654.0,True
COLEBROOK,2012,221.84,25.3,3978880.0,True
COLEBROOK,2013,220.85,25.6,3719089.0,True
COLEBROOK,2014,216.39,27.799999999999997,3781634.0,True
COLEBROOK,2015,199.91,24.700000000000003,3931647.0,True
COLEBROOK,2016,195.34,24.0,3821541.0,True
COLUMBIA,2007,917.1,116.1,11165125.0,False
COLUMBIA,2008,855.8,116.9,14135143.0,False
COLUMBIA,2009,847.13,112.0,11894985.0,False
COLUMBIA,2010,785.83,105.0,11517470.0,False
COLUMBIA,2011,766.3,99.89999999999999,11232034.0,False
COLUMBIA,2012,737.82,93.19999999999999,11931065.0,False
COLUMBIA,2013,722.44,89.5,12036200.0,False
COLUMBIA,2014,705.4400000000003,85.2,12716452.0,False
COLUMBIA,2015,701.12,86.2,12592285.0,False
COLUMBIA,2016,697.64,85.89999999999999,13317717.0,False
CORNWALL,2007,201.6,30.3,3770035.0,False
CORNWALL,2008,201.31,29.2,4411874.0,False
CORNWALL,2009,186.05,28.299999999999997,4016396.0,False
CORNWALL,2010,182.19,28.2,4082378.0,False
CORNWALL,2011,169.3,30.3,4042208.0,True
CORNWALL,2012,159.88,30.0,4096802.0,True
CORNWALL,2013,152.7,30.4,4283594.0,True
CORNWALL,2014,144.15,30.1,4268248.0,True
CORNWALL,2015,133.1,28.599999999999998,4227939.0,True
CORNWALL,2016,128.41,29.2,4320167.0,True
COVENTRY,2007,2115.82,314.5,22712102.0,True
COVENTRY,2008,2074.67,315.1,31080910.0,False
COVENTRY,2009,2024.59,318.6,25815014.0,False
COVENTRY,2010,1987.86,304.69999999999993,25029076.0,False
COVENTRY,2011,1927.34,288.09999999999997,25860037.0,False
COVENTRY,2012,1889.13,305.6,27995105.0,False
COVENTRY,2013,1853.0,304.69999999999993,28131806.0,False
COVENTRY,2014,1820.3,304.9,29631593.0,False
COVENTRY,2015,1777.4,315.5,29541973.0,False
COVENTRY,2016,1736.74,328.6,30014124.0,False
CROMWELL,2007,1996.86,288.0,24063006.0,False
CROMWELL,2008,1983.49,288.4,32372132.0,False
CROMWELL,2009,2009.77,313.5,26760282.0,False
CROMWELL,2010,2050.33,334.8,26596305.0,False
CROMWELL,2011,2019.6,320.4,26568344.0,False
CROMWELL,2012,2034.61,336.9,28116330.0,False
CROMWELL,2013,2044.45,336.3,28339843.0,False
CROMWELL,2014,2061.85,333.90000000000003,29649940.0,False
CROMWELL,2015,2099.62,333.2,30610852.0,False
CROMWELL,2016,2104.38,331.8,31204449.0,False
DANBURY,2007,9884.65,1417.4,107317345.0,False
DANBURY,2008,9964.78,1433.6999999999998,114914158.0,False
DANBURY,2009,10132.82,1432.6000000000001,121411300.0,False
DANBURY,2010,10255.04,1437.5,117631730.0,False
DANBURY,2011,10482.72,1458.1000000000001,121036352.0,False
DANBURY,2012,10615.37,1412.3000000000002,129949781.0,False
DANBURY,2013,10727.08,1443.4000000000003,130444875.0,False
DANBURY,2014,10577.42,1536.9,135882098.0,False
DANBURY,2015,10686.85,1613.3999999999999,141957467.0,False
DANBURY,2016,10870.82,1634.4,144825555.0,False
DARIEN,2007,4608.99,727.7,64441577.0,False
DARIEN,2008,4665.16,736.6,89629028.0,False
DARIEN,2009,4714.62,745.2,74728039.0,False
DARIEN,2010,4794.63,744.6,76971943.0,False
DARIEN,2011,4848.08,740.6000000000001,80795051.0,False
DARIEN,2012,4834.92,729.6999999999999,86509642.0,False
DARIEN,2013,4874.42,727.5,90216733.0,False
DARIEN,2014,4930.9,784.4000000000001,96322274.0,False
DARIEN,2015,4917.96,798.3000000000001,99103639.0,False
DARIEN,2016,4859.94,826.6999999999999,102402057.0,False
DEEP RIVER,2007,694.14,221.90000000000003,9087372.0,False
DEEP RIVER,2008,689.53,214.50000000000006,10083786.0,False
DEEP RIVER,2009,661.47,214.1,9898159.0,False
DEEP RIVER,2010,654.64,209.60000000000002,9469760.0,False
DEEP RIVER,2011,653.4,211.1,9820587.0,False
DEEP RIVER,2012,648.0,212.3,10717646.0,False
DEEP RIVER,2013,656.0,209.4,10720924.0,False
DEEP RIVER,2014,644.6,207.5,11206997.0,False
DEEP RIVER,2015,637.6,200.89999999999998,11549813.0,False
DEEP RIVER,2016,624.4,196.2,11812374.0,False
DERBY,2007,1560.34,216.7,17635611.0,False
DERBY,2008,1553.87,234.0,23663301.0,False
DERBY,2009,1568.98,222.5,19873813.0,False
DERBY,2010,1580.69,213.1,20036381.0,True
DERBY,2011,1590.32,222.4,20527006.0,True
DERBY,2012,1572.45,220.70000000000002,18898160.0,True
DERBY,2013,1613.19,225.2,19314326.0,False
DERBY,2014,1632.89,248.10000000000002,20697007.0,False
DERBY,2015,1587.76,256.29999999999995,22108184.0,False
DERBY,2016,1544.6,261.8,23611655.0,True
EAST GRANBY,2007,938.26,147.1,11079224.0,False
EAST GRANBY,2008,923.89,151.50000000000003,11887509.0,False
EAST GRANBY,2009,906.36,149.9,12449844.0,False
EAST GRANBY,2010,939.07,150.79999999999998,12761001.0,False
EAST GRANBY,2011,923.78,160.4,12993868.0,False
EAST GRANBY,2012,890.4,160.4,13237128.0,False
EAST GRANBY,2013,901.36,160.4,13829200.0,False
EAST GRANBY,2014,921.4,157.9,14282030.0,False
EAST GRANBY,2015,923.01,160.2,15013695.0,False
EAST GRANBY,2016,906.8,170.3,15333060.0,False
EAST HAMPTON,2007,2112.58,310.6,23441786.0,False
EAST HAMPTON,2008,2085.2,323.8,32650534.0,False
EAST HAMPTON,2009,2066.07,343.9,27066537.0,False
EAST HAMPTON,2010,2040.47,336.4,27509315.0,False
EAST HAMPTON,2011,2004.01,338.8,28545580.0,False
EAST HAMPTON,2012,1996.51,330.3,29238599.0,False
EAST HAMPTON,2013,1970.9,321.0,29894213.0,False
EAST HAMPTON,2014,1987.41,320.59999999999997,31395954.0,False
EAST HAMPTON,2015,1942.04,308.0,31336281.0,False
EAST HAMPTON,2016,1984.02,298.9,31881405.0,False
EAST HARTFORD,2007,8356.85,1232.9,84427000.0,False
EAST HARTFORD,2008,8062.01,1241.0,114773000.0,False
EAST HARTFORD,2009,7917.59,1270.1,92242000.0,False
EAST HARTFORD,2010,8009.39,1226.1,84284000.0,False
EAST HARTFORD,2011,8027.42,1240.2,89434000.0,False
EAST HARTFORD,2012,8141.51,1243.5000000000002,97696000.0,False
EAST HARTFORD,2013,8035.22,1253.9,100759000.0,False
EAST HARTFORD,2014,8165.149999999998,1271.5000000000002,107307000.0,False
EAST HARTFORD,2015,8160.66,1349.5,103700000.0,False
EAST HARTFORD,2016,8092.09,1356.9,106475000.0,False
EAST HAVEN,2007,3932.63,570.8,42210468.0,False
EAST HAVEN,2008,3888.36,561.9,52792124.0,False
EAST HAVEN,2009,3810.03,564.3,47501312.0,False
EAST HAVEN,2010,3803.24,557.9,44137267.0,False
EAST HAVEN,2011,3774.85,500.4,43749500.0,False
EAST HAVEN,2012,3674.27,479.80000000000007,48339563.0,False
EAST HAVEN,2013,3641.21,457.0,48455006.0,False
EAST HAVEN,2014,3476.63,497.40000000000003,50428317.0,False
EAST HAVEN,2015,3375.94,543.3,50447708.0,False
EAST HAVEN,2016,3414.38,515.8,52743757.0,False
EAST LYME,2007,2992.91,535.1999999999998,38111914.0,False
EAST LYME,2008,3026.43,523.1,40271673.0,False
EAST LYME,2009,2934.53,500.9,42299028.0,False
EAST LYME,2010,2878.61,525.0,41427641.0,False
EAST LYME,2011,2878.75,571.5,43090693.0,False
EAST LYME,2012,2784.26,523.8999999999999,45459821.0,False
EAST LYME,2013,2735.37,524.5999999999999,46632038.0,False
EAST LYME,2014,2690.14,538.5,48126767.0,False
EAST LYME,2015,2648.39,564.9,49709355.0,False
EAST LYME,2016,2615.95,554.5999999999999,50487799.0,False
EAST WINDSOR,2007,1613.36,231.9,17052072.0,False
EAST WINDSOR,2008,1560.67,231.50000000000003,23401901.0,False
EAST WINDSOR,2009,1525.81,240.1,20760869.0,False
EAST WINDSOR,2010,1475.86,193.9,19351289.0,False
EAST WINDSOR,2011,1396.21,225.50000000000003,20522588.0,False
EAST WINDSOR,2012,1369.13,123.2,21503161.0,True
EAST WINDSOR,2013,1364.33,229.70000000000002,22517698.0,False
EAST WINDSOR,2014,1305.46,227.0,23072375.0,False
EAST WINDSOR,2015,1257.37,238.0,23299723.0,False
EAST WINDSOR,2016,1203.41,245.0,24287205.0,False
EASTFORD,2007,269.87,30.8,3445577.0,False
EASTFORD,2008,268.55,31.200000000000003,3519454.0,True
EASTFORD,2009,266.69,33.3,3829616.0,True
EASTFORD,2010,236.52,34.3,3745816.0,True
EASTFORD,2011,245.93,34.400000000000006,3819029.0,True
EASTFORD,2012,233.92,37.5,3756017.0,True
EASTFORD,2013,217.5,35.2,3864869.0,True
EASTFORD,2014,203.74,36.8,3854354.0,True
EASTFORD,2015,189.21,36.2,3946713.0,True
EASTFORD,2016,178.5,35.4,3987911.0,True
EASTON,2007,1567.88,364.3,21625026.0,False
EASTON,2008,1602.42,789.1000000000001,27632800.0,False
EASTON,2009,1590.04,394.0,24900625.0,False
EASTON,2010,1555.96,391.1,25004081.0,False
EASTON,2011,1553.24,382.8,25665283.0,False
EASTON,2012,1509.12,522.7,26784954.0,False
EASTON,2013,1478.84,368.69999999999993,27263689.0,False
EASTON,2014,1448.78,382.09999999999997,27304586.0,False
EASTON,2015,1417.46,365.6,27724507.0,False
EASTON,2016,1393.9,362.7,29448104.0,True
ELLINGTON,2007,2562.39,374.90000000000003,27133354.0,False
ELLINGTON,2008,2628.11,379.40000000000003,37596600.0,False
ELLINGTON,2009,2661.79,385.70000000000005,30967610.0,False
ELLINGTON,2010,2669.99,381.8,31017970.0,False
ELLINGTON,2011,2732.43,387.6,32365108.0,False
ELLINGTON,2012,2766.34,404.9000000000001,33773953.0,False
ELLINGTON,2013,2788.55,413.2,35342309.0,False
ELLINGTON,2014,2765.82,415.0,37658420.0,False
ELLINGTON,2015,2750.38,425.90000000000003,39195495.0,False
ELLINGTON,2016,2732.71,422.2,39371523.0,False
ENFIELD,2007,6584.14,953.1999999999999,72357000.0,False
ENFIELD,2008,6437.02,964.6999999999999,97560000.0,False
ENFIELD,2009,6398.82,926.3999999999997,73847000.0,False
ENFIELD,2010,6215.03,927.6999999999999,65002000.0,False
ENFIELD,2011,6051.6,811.7999999999998,70698000.0,False
ENFIELD,2012,5917.68,795.0,71140000.0,False
ENFIELD,2013,5766.68,814.6,73344000.0,False
ENFIELD,2014,5597.19,834.8000000000001,77039000.0,False
ENFIELD,2015,5555.28,842.2000000000002,73482000.0,False
ENFIELD,2016,5552.78,830.3,75996000.0,False
FAIRFIELD,2007,9495.94,1554.7999999999997,131280000.0,False
FAIRFIELD,2008,9768.72,1615.9999999999998,169304000.0,False
FAIRFIELD,2009,9956.92,1649.9999999999998,151011000.0,False
FAIRFIELD,2010,10114.33,1648.8999999999999,151473000.0,False
FAIRFIELD,2011,10211.77,1684.4,152992000.0,False
FAIRFIELD,2012,10314.03,1669.3,161132000.0,False
FAIRFIELD,2013,10321.89,1672.6,166241000.0,False
FAIRFIELD,2014,10303.84,1673.9,171991000.0,False
FAIRFIELD,2015,10255.04,1660.4,171906000.0,False
FAIRFIELD,2016,10125.97,1706.3999999999999,180029000.0,False
FARMINGTON,2007,4231.05,618.0999999999999,49756734.0,False
FARMINGTON,2008,4178.89,621.5000000000001,67005030.0,False
FARMINGTON,2009,4167.67,625.6999999999998,52626772.0,False
FARMINGTON,2010,4143.27,605.3000000000001,53821985.0,False
FARMINGTON,2011,4127.78,607.1999999999999,55572545.0,False
FARMINGTON,2012,4045.25,615.0999999999999,59898122.0,False
FARMINGTON,2013,4079.36,635.9,61514220.0,False
FARMINGTON,2014,4033.41,664.5,63908106.0,False
FARMINGTON,2015,4027.55,690.1999999999999,63453677.0,False
FARMINGTON,2016,4048.47,717.5,67188409.0,False
GLASTONBURY,2007,6930.83,995.4,74031222.0,False
GLASTONBURY,2008,7023.72,1035.7999999999997,108065783.0,False
GLASTONBURY,2009,7020.83,1042.6,83715229.0,False
GLASTONBURY,2010,6999.18,1024.6,92864175.0,False
GLASTONBURY,2011,6976.34,1024.9,95347354.0,False
GLASTONBURY,2012,6825.84,1038.1,99561559.0,False
GLASTONBURY,2013,6752.85,1061.3,101617744.0,False
GLASTONBURY,2014,6581.6,1056.0,106599514.0,False
GLASTONBURY,2015,6313.02,1024.1999999999998,107377221.0,False
GLASTONBURY,2016,6212.51,1062.5000000000002,110736179.0,False
GRANBY,2007,2255.01,366.2,25073445.0,False
GRANBY,2008,2265.61,362.20000000000005,34128755.0,False
GRANBY,2009,2204.76,369.1,27848851.0,False
GRANBY,2010,2258.61,360.29999999999995,28313332.0,False
GRANBY,2011,2205.55,367.4,28128240.0,False
GRANBY,2012,2147.51,364.90000000000003,29506830.0,False
GRANBY,2013,2074.46,358.90000000000003,29454150.0,False
GRANBY,2014,2023.62,343.40000000000003,30638153.0,False
GRANBY,2015,1948.03,336.59999999999997,30716490.0,False
GRANBY,2016,1920.62,337.0,31216353.0,False
GREENWICH,2007,8950.959999999997,1473.6999999999998,123286129.0,False
GREENWICH,2008,8945.129999999997,1494.3999999999999,172854916.0,False
GREENWICH,2009,8760.93,1506.3,135519709.0,False
GREENWICH,2010,8712.219999999998,1507.6000000000001,135277746.0,False
GREENWICH,2011,8720.48,1523.5,142077135.0,False
GREENWICH,2012,8715.2,1536.8000000000002,152486555.0,False
GREENWICH,2013,8710.319999999998,1515.1000000000001,155006606.0,False
GREENWICH,2014,8660.629999999997,1517.0000000000005,159830154.0,False
GREENWICH,2015,8674.36,1533.9,164233253.0,False
GREENWICH,2016,8681.7,1506.9,167235645.0,False
GRISWOLD,2007,1978.59,344.6,22792880.0,False
GRISWOLD,2008,1928.54,349.20000000000005,28912467.0,False
GRISWOLD,2009,1941.73,344.5,26080659.0,False
GRISWOLD,2010,1897.24,350.2,26063194.0,False
GRISWOLD,2011,1869.25,335.49999999999994,26324931.0,False
GRISWOLD,2012,1846.13,344.09999999999997,26378099.0,False
GRISWOLD,2013,1835.88,339.1,27317952.0,False
GRISWOLD,2014,1845.23,341.90000000000003,28005356.0,False
GRISWOLD,2015,1776.24,332.40000000000003,27669568.0,False
GRISWOLD,2016,1787.02,351.6,28599440.0,False
GUILFORD,2007,3796.5,578.6,46723393.0,False
GUILFORD,2008,3845.73,584.5000000000001,62540034.0,False
GUILFORD,2009,3789.26,599.5,52451290.0,False
GUILFORD,2010,3733.58,604.0,52600881.0,False
GUILFORD,2011,3706.17,591.8,54070201.0,False
GUILFORD,2012,3684.08,590.1,56963303.0,False
GUILFORD,2013,3605.38,591.5,58751799.0,False
GUILFORD,2014,3559.04,595.3,61781211.0,False
GUILFORD,2015,3454.42,617.1,63185233.0,False
GUILFORD,2016,3450.22,610.6999999999999,64614449.0,False
HAMDEN,2007,7079.27,1031.6000000000001,75918099.0,False
HAMDEN,2008,7100.29,1078.8999999999999,80448243.0,False
HAMDEN,2009,6966.15,1010.0999999999999,83496925.0,False
HAMDEN,2010,6883.82,1009.9999999999999,83759620.0,False
HAMDEN,2011,6941.44,1024.5,85075902.0,False
HAMDEN,2012,6769.66,1021.3,87773548.0,False
HAMDEN,2013,6763.01,1040.5,91359833.0,False
HAMDEN,2014,6707.09,1052.2,91700269.0,False
HAMDEN,2015,6529.18,1059.8,84858213.0,False
HAMDEN,2016,6434.02,1055.8,94446338.0,False
HAMPTON,2007,252.54,34.7,3869624.0,False
HAMPTON,2008,245.53,33.199999999999996,3866292.0,True
HAMPTON,2009,230.54,34.2,4019509.0,False
HAMPTON,2010,223.43,36.30000000000001,4124942.0,False
HAMPTON,2011,205.49,37.20000000000001,4105540.0,False
HAMPTON,2012,194.99,36.60000000000001,4143921.0,False
HAMPTON,2013,195.7,34.1,4051240.0,False
HAMPTON,2014,190.8,33.6,4126273.0,True
HAMPTON,2015,183.02,32.199999999999996,4095928.0,True
HAMPTON,2016,174.78,31.500000000000004,4090389.0,True
HARTFORD,2007,22408.12,3803.9,279086000.0,False
HARTFORD,2008,22342.55,3277.7,374467000.0,False
HARTFORD,2009,21726.31,3333.399999999999,305432000.0,False
HARTFORD,2010,21318.38,3174.0,305210000.0,False
HARTFORD,2011,20984.82,3098.2999999999997,304370000.0,False
HARTFORD,2012,21107.37,3156.5000000000005,313069000.0,False
HARTFORD,2013,21656.0,3284.0,314620000.0,False
HARTFORD,2014,21784.34,3368.9999999999995,321535000.0,False
HARTFORD,2015,21596.84,3505.2999999999997,326647000.0,False
HARTFORD,2016,21523.95,3717.2000000000003,323155000.0,False
HEBRON,2007,2072.12,183.60000000000002,21795507.0,False
HEBRON,2008,2088.89,168.20000000000002,23537458.0,False
HEBRON,2009,2096.54,172.60000000000002,24770356.0,False
HEBRON,2010,2118.04,177.1,25224497.0,False
HEBRON,2011,2122.78,177.7,26052515.0,False
HEBRON,2012,2080.81,169.5,26592584.0,False
HEBRON,2013,2008.17,168.70000000000002,26945745.0,False
HEBRON,2014,1895.8,163.20000000000002,27866472.0,True
HEBRON,2015,1771.59,158.1,28797677.0,False
HEBRON,2016,1663.57,152.5,28289109.0,False
KENT,2007,370.3,50.10000000000001,5915841.0,False
KENT,2008,353.43,49.2,7088353.0,False
KENT,2009,372.3,50.1,6340748.0,False
KENT,2010,354.95,50.5,6412867.0,False
KENT,2011,356.95,52.2,6345040.0,False
KENT,2012,339.37,53.6,6691378.0,False
KENT,2013,316.55,52.9,7045914.0,False
KENT,2014,315.15,52.3,7016016.0,False
KENT,2015,298.15,54.29999999999999,7188717.0,False
KENT,2016,291.88,51.7,7278670.0,True
LEBANON,2007,1357.17,220.5,15806516.0,False
LEBANON,2008,1346.52,221.70000000000002,21770958.0,False
LEBANON,2009,1347.37,226.4,17676468.0,False
LEBANON,2010,1304.0,225.5,18184933.0,False
LEBANON,2011,1258.0,218.4,18947268.0,False
LEBANON,2012,1186.02,216.9,18954614.0,False
LEBANON,2013,1142.0,210.4,18810571.0,False
LEBANON,2014,1136.03,208.8,19604569.0,False
LEBANON,2015,1077.02,203.29999999999998,19618104.0,False
LEBANON,2016,1027.06,202.39999999999998,20035732.0,False
LEDYARD,2007,2789.14,415.8,27661387.0,False
LEDYARD,2008,2757.43,434.8999999999999,36681537.0,False
LEDYARD,2009,2652.29,442.40000000000003,31244141.0,False
LEDYARD,2010,2597.06,425.29999999999995,31074028.0,False
LEDYARD,2011,2538.26,417.6,30952093.0,False
LEDYARD,2012,2528.97,420.7,32771856.0,False
LEDYARD,2013,2526.08,421.4,32958749.0,False
LEDYARD,2014,2508.66,421.29999999999995,33978236.0,False
LEDYARD,2015,2459.15,399.9,34539230.0,False
LEDYARD,2016,2365.84,406.7,34275724.0,False
LISBON,2007,833.61,81.7,9138497.0,False
LISBON,2008,814.81,78.9,9349387.0,True
LISBON,2009,783.81,83.99999999999999,9828316.0,True
LISBON,2010,757.87,84.69999999999999,9423614.0,True
LISBON,2011,713.7,91.5,9285039.0,True
LISBON,2012,655.36,93.2,10024384.0,True
LISBON,2013,625.38,85.8,10327874.0,True
LISBON,2014,619.27,77.9,10157341.0,True
LISBON,2015,594.23,77.0,10201601.0,False
LISBON,2016,569.62,75.5,10575891.0,False
LITCHFIELD,2007,1286.78,203.2,15836000.0,False
LITCHFIELD,2008,1247.8,208.79999999999998,21225000.0,False
LITCHFIELD,2009,1234.79,205.0,16978000.0,False
LITCHFIELD,2010,1233.19,208.8,16656000.0,False
LITCHFIELD,2011,1203.87,199.6,17177000.0,False
LITCHFIELD,2012,1154.29,194.9,18102000.0,False
LITCHFIELD,2013,1060.11,193.6,18545000.0,False
LITCHFIELD,2014,1004.3,192.8,18861000.0,False
LITCHFIELD,2015,1001.61,176.10000000000002,19117000.0,False
LITCHFIELD,2016,977.0,186.3,20120031.0,False
MADISON,2007,3947.2,556.6,41242537.0,False
MADISON,2008,3868.59,581.7,56099065.0,False
MADISON,2009,3812.99,588.7000000000002,48244440.0,False
MADISON,2010,3747.15,611.2,49706628.0,False
MADISON,2011,3681.08,609.5,51565751.0,False
MADISON,2012,3519.3,592.4,52720499.0,False
MADISON,2013,3379.67,590.2999999999998,53737674.0,False
MADISON,2014,3291.21,587.9,55604951.0,False
MADISON,2015,3165.58,594.9,55836777.0,False
MADISON,2016,3029.35,605.3,57049279.0,False
MANCHESTER,2007,7609.14,1142.4,94437000.0,False
MANCHESTER,2008,7411.81,1160.5,123770000.0,False
MANCHESTER,2009,7479.64,1163.6,103412000.0,False
MANCHESTER,2010,7470.54,1210.1,101255000.0,False
MANCHESTER,2011,7502.96,1172.1000000000001,102847000.0,False
MANCHESTER,2012,7247.56,1230.2000000000003,112033000.0,False
MANCHESTER,2013,7146.52,1199.0,113067000.0,False
MANCHESTER,2014,7283.55,1238.8999999999999,116985000.0,False
MANCHESTER,2015,7351.779999999998,1293.3,121800000.0,False
MANCHESTER,2016,7279.66,1391.3000000000002,122400000.0,False
MARLBOROUGH,2007,1170.07,99.29999999999998,13785208.0,False
MARLBOROUGH,2008,1186.4,98.89999999999999,16356932.0,False
MARLBOROUGH,2009,1232.63,104.1,14729305.0,False
MARLBOROUGH,2010,1219.21,101.3,14609129.0,False
MARLBOROUGH,2011,1229.45,98.8,14575527.0,False
MARLBOROUGH,2012,1218.82,98.8,14996229.0,False
MARLBOROUGH,2013,1188.4,93.5,15213918.0,False
MARLBOROUGH,2014,1172.64,89.0,15434472.0,False
MARLBOROUGH,2015,1143.77,91.7,15784850.0,False
MARLBOROUGH,2016,1105.79,90.7,16547998.0,True
MERIDEN,2007,9623.51,1251.1999999999998,99267133.0,False
MERIDEN,2008,9621.43,1269.1,133749494.0,False
MERIDEN,2009,9484.31,1244.1999999999998,106175816.0,False
MERIDEN,2010,9245.94,1214.6,99309776.0,False
MERIDEN,2011,9203.28,1195.6,101978309.0,False
MERIDEN,2012,9142.03,1177.5,111433666.0,False
MERIDEN,2013,9070.07,1209.1999999999998,111411471.0,False
MERIDEN,2014,9001.540000000003,1200.6999999999998,113672829.0,False
MERIDEN,2015,9006.219999999998,1251.6,110843185.0,False
MERIDEN,2016,8810.5,1251.3,113183854.0,False
MIDDLETOWN,2007,5244.02,821.7,66261000.0,False
MIDDLETOWN,2008,5199.22,834.1000000000001,89694000.0,False
MIDDLETOWN,2009,5274.58,823.6,73443000.0,False
MIDDLETOWN,2010,5340.37,816.7,72244000.0,False
MIDDLETOWN,2011,5385.36,851.1,73414000.0,False
MIDDLETOWN,2012,5296.92,843.1,76965000.0,False
MIDDLETOWN,2013,5215.55,869.6000000000001,79052000.0,False
MIDDLETOWN,2014,5129.58,825.0999999999999,82259000.0,False
MIDDLETOWN,2015,5116.85,827.9,82531000.0,False
MIDDLETOWN,2016,5016.6,882.1999999999999,85369000.0,False
MILFORD,2007,7534.15,1149.3000000000002,95431000.0,False
MILFORD,2008,7371.78,1256.8,128653000.0,False
MILFORD,2009,7303.9,1152.3,106963000.0,False
MILFORD,2010,7166.76,1142.7,106657000.0,False
MILFORD,2011,7024.29,1190.6999999999998,109306000.0,False
MILFORD,2012,6908.15,1158.8,114635000.0,False
MILFORD,2013,6754.6,1150.3000000000002,119070000.0,False
MILFORD,2014,6558.49,1147.7999999999997,123068000.0,False
MILFORD,2015,6375.24,1132.3999999999999,119634000.0,False
MILFORD,2016,6231.64,1127.3999999999999,124576000.0,False
MONROE,2007,4191.71,576.9,47077818.0,False
MONROE,2008,4183.43,553.0,64456492.0,False
MONROE,2009,4082.5,537.4,51546173.0,False
MONROE,2010,3957.69,592.9,53939216.0,False
MONROE,2011,3799.82,563.1,55364249.0,False
MONROE,2012,3661.19,567.9,56657002.0,False
MONROE,2013,3558.39,558.4000000000001,56376507.0,False
MONROE,2014,3425.24,556.8000000000001,58266029.0,False
MONROE,2015,3367.65,557.2,58009142.0,False
MONROE,2016,3249.48,564.0,59684089.0,False
NAUGATUCK,2007,5259.09,634.8,55174664.0,False
NAUGATUCK,2008,5132.03,661.3,73739126.0,False
NAUGATUCK,2009,5049.97,674.1,62215605.0,False
NAUGATUCK,2010,5104.73,674.8000000000001,56650313.0,False
NAUGATUCK,2011,4854.68,606.1,55962948.0,False
NAUGATUCK,2012,4753.89,607.2,62380519.0,False
NAUGATUCK,2013,4704.36,615.5,62533010.0,False
NAUGATUCK,2014,4593.28,637.5,66204553.0,False
NAUGATUCK,2015,4558.19,655.0,64498577.0,False
NAUGATUCK,2016,4495.58,971.4,66980264.0,False
NEW BRITAIN,2007,11230.13,1369.0,120623000.0,False
NEW BRITAIN,2008,10984.91,1357.0000000000002,160456000.0,False
NEW BRITAIN,2009,10814.58,1337.5,129357000.0,False
NEW BRITAIN,2010,10873.74,1381.6,120254000.0,False
NEW BRITAIN,2011,10871.04,1356.5,118812000.0,False
NEW BRITAIN,2012,11011.87,1362.0,132786000.0,False
NEW BRITAIN,2013,11186.16,1379.4,133504000.0,False
NEW BRITAIN,2014,11002.51,1237.6,141020000.0,False
NEW BRITAIN,2015,11157.76,1202.9,138100000.0,False
NEW BRITAIN,2016,11355.38,1292.3,139867000.0,False
NEW CANAAN,2007,4153.73,698.3000000000001,65091068.0,False
NEW CANAAN,2008,4110.28,678.8000000000001,67946645.0,False
NEW CANAAN,2009,4106.2,691.7,73881559.0,False
NEW CANAAN,2010,4094.29,723.0000000000001,74379919.0,False
NEW CANAAN,2011,4175.21,717.6,77196076.0,False
NEW CANAAN,2012,4207.93,750.9,79172586.0,False
NEW CANAAN,2013,4220.54,763.0,82762324.0,False
NEW CANAAN,2014,4228.01,758.7,86457443.0,False
NEW CANAAN,2015,4253.69,772.1999999999999,90682407.0,False
NEW CANAAN,2016,4262.56,778.5,92082006.0,False
NEW FAIRFIELD,2007,3025.18,447.5,28103170.0,False
NEW FAIRFIELD,2008,3006.6,459.4,29784853.0,False
NEW FAIRFIELD,2009,3025.2,446.7,30966360.0,False
NEW FAIRFIELD,2010,2984.6,434.7,31846816.0,False
NEW FAIRFIELD,2011,2869.0,429.4,32264595.0,False
NEW FAIRFIELD,2012,2807.16,410.59999999999997,33498893.0,False
NEW FAIRFIELD,2013,2724.56,409.8,34611870.0,False
NEW FAIRFIELD,2014,2642.89,404.59999999999997,35664277.0,False
NEW FAIRFIELD,2015,2549.11,411.6,35540155.0,False
NEW FAIRFIELD,2016,2425.67,398.6,36936252.0,False
NEW HARTFORD,2007,1156.29,102.89999999999999,14007269.0,False
NEW HARTFORD,2008,1141.81,100.80000000000001,17203654.0,False
NEW HARTFORD,2009,1157.25,122.89999999999999,15697795.0,False
NEW HARTFORD,2010,1139.44,118.1,15906763.0,False
NEW HARTFORD,2011,1129.6,114.89999999999999,16105201.0,False
NEW HARTFORD,2012,1136.09,103.80000000000001,16544942.0,False
NEW HARTFORD,2013,1123.4,104.6,17248837.0,False
NEW HARTFORD,2014,1104.33,108.00000000000001,17925220.0,False
NEW HARTFORD,2015,1059.33,109.6,18139405.0,False
NEW HARTFORD,2016,1030.53,100.9,18606770.0,False
NEW HAVEN,2007,18928.27,3150.7999999999997,179948440.0,False
NEW HAVEN,2008,18546.95,3160.0999999999995,256210171.0,False
NEW HAVEN,2009,18074.31,3173.6,192024547.0,False
NEW HAVEN,2010,17704.41,3154.3999999999996,194071482.0,False
NEW HAVEN,2011,17720.41,3275.4,193103792.0,False
NEW HAVEN,2012,18002.23,3178.5,203686746.0,False
NEW HAVEN,2013,18412.5,3105.7,204422059.0,False
NEW HAVEN,2014,18738.35,4053.3999999999996,210739315.0,False
NEW HAVEN,2015,19121.98,3781.4000000000005,214438961.0,False
NEW HAVEN,2016,19066.83,3235.2,214734762.0,False
NEW LONDON,2007,3453.33,457.3,40042646.0,False
NEW LONDON,2008,3380.86,482.9000000000001,52721171.0,False
NEW LONDON,2009,3505.52,503.49999999999994,42649594.0,False
NEW LONDON,2010,3467.5,482.90000000000003,39208343.0,False
NEW LONDON,2011,3555.19,473.2,39588608.0,False
NEW LONDON,2012,3508.54,493.3,43863439.0,False
NEW LONDON,2013,3577.2,453.2,43167950.0,False
NEW LONDON,2014,3532.73,473.8,45031924.0,False
NEW LONDON,2015,3594.91,511.6,45127644.0,False
NEW LONDON,2016,3605.2,557.1,46918298.0,True
NEW MILFORD,2007,4944.54,764.1000000000001,56479279.0,False
NEW MILFORD,2008,4918.78,769.8000000000001,75142150.0,False
NEW MILFORD,2009,4812.11,809.4,61372519.0,False
NEW MILFORD,2010,4775.94,809.8000000000001,60425864.0,False
NEW MILFORD,2011,4649.16,774.0,63361649.0,False
NEW MILFORD,2012,4586.98,781.2999999999998,64012160.0,False
NEW MILFORD,2013,4531.27,786.8000000000001,63309161.0,False
NEW MILFORD,2014,4425.4,759.3,66335339.0,False
NEW MILFORD,2015,4291.43,769.8,68604228.0,False
NEW MILFORD,2016,4153.42,759.4,70948347.0,False
NEWINGTON,2007,4577.98,630.8,53590000.0,False
NEWINGTON,2008,4553.21,635.7,73635000.0,False
NEWINGTON,2009,4525.1,653.6000000000001,60397000.0,False
NEWINGTON,2010,4503.98,652.1,63212000.0,False
NEWINGTON,2011,4500.94,648.4000000000001,64499000.0,False
NEWINGTON,2012,4476.9,629.6999999999999,68303000.0,False
NEWINGTON,2013,4452.04,652.3,69551000.0,False
NEWINGTON,2014,4382.7,665.8,74223000.0,False
NEWINGTON,2015,4317.41,671.4000000000001,74223000.0,False
NEWINGTON,2016,4238.39,675.5,76094000.0,False
NEWTOWN,2007,5784.45,808.6,62710766.0,False
NEWTOWN,2008,5747.07,833.4000000000001,79232308.0,False
NEWTOWN,2009,5626.98,868.1,70846082.0,False
NEWTOWN,2010,5534.24,869.8,69998613.0,False
NEWTOWN,2011,5567.79,839.3000000000001,72045166.0,False
NEWTOWN,2012,5423.83,827.6,74459845.0,False
NEWTOWN,2013,5189.01,830.2000000000002,74874327.0,False
NEWTOWN,2014,5019.93,861.8000000000001,79695025.0,False
NEWTOWN,2015,4857.14,844.1,78608340.0,False
NEWTOWN,2016,4677.36,829.4000000000001,79390666.0,False
NORFOLK,2007,275.64,32.5,4098774.0,False
NORFOLK,2008,265.87,33.2,4548555.0,False
NORFOLK,2009,259.34,33.2,4071838.0,False
NORFOLK,2010,252.58,32.7,4117544.0,False
NORFOLK,2011,246.98,32.599999999999994,4414170.0,False
NORFOLK,2012,228.02,31.299999999999997,4437501.0,False
NORFOLK,2013,221.53,30.7,4442161.0,False
NORFOLK,2014,218.09,28.299999999999997,4516476.0,False
NORFOLK,2015,207.02,28.1,4588779.0,True
NORFOLK,2016,205.41,27.4,4469222.0,True
NORTH HAVEN,2007,3984.65,510.90000000000003,41162636.0,False
NORTH HAVEN,2008,3902.1,521.0,43745733.0,False
NORTH HAVEN,2009,3846.91,528.4,45468390.0,False
NORTH HAVEN,2010,3736.64,519.8000000000001,45524362.0,False
NORTH HAVEN,2011,3635.3,510.0,47701735.0,False
NORTH HAVEN,2012,3607.9,508.5,49716236.0,False
NORTH HAVEN,2013,3561.96,501.80000000000007,50439271.0,False
NORTH HAVEN,2014,3449.01,497.1,53235992.0,False
NORTH HAVEN,2015,3359.48,507.1,54392877.0,False
NORTH HAVEN,2016,3245.53,494.40000000000003,55280150.0,False
NORTH STONINGTON,2007,820.69,171.60000000000002,11367059.0,False
NORTH STONINGTON,2008,822.91,169.0,11524609.0,False
NORTH STONINGTON,2009,805.73,166.60000000000002,11613316.0,False
NORTH STONINGTON,2010,815.53,160.89999999999998,11909344.0,False
NORTH STONINGTON,2011,813.32,159.5,11853078.0,False
NORTH STONINGTON,2012,810.52,157.0,13260002.0,False
NORTH STONINGTON,2013,780.99,153.4,13413630.0,False
NORTH STONINGTON,2014,785.69,156.2,14097174.0,False
NORTH STONINGTON,2015,776.0599999999997,155.20000000000002,13634499.0,False
NORTH STONINGTON,2016,751.9199999999997,155.1,14169602.0,False
NORWALK,2007,10822.43,1565.9,145969257.0,False
NORWALK,2008,10608.33,1602.5000000000002,153675894.0,False
NORWALK,2009,10806.39,1621.8000000000002,160083564.0,False
NORWALK,2010,10941.9,956.0,161411159.0,True
NORWALK,2011,11158.74,1595.1,164604885.0,False
NORWALK,2012,11227.33,988.8000000000001,173117163.0,True
NORWALK,2013,11240.67,909.6,174748185.0,True
NORWALK,2014,11290.18,1512.2999999999997,184591078.0,False
NORWALK,2015,11451.62,1530.1,190790463.0,False
NORWALK,2016,11539.75,2369.7999999999997,195581632.0,False
NORWICH,2007,5609.38,689.8999999999999,62507000.0,False
NORWICH,2008,5590.52,703.2,79020000.0,False
NORWICH,2009,5578.01,701.8000000000001,70164000.0,False
NORWICH,2010,5451.35,654.8000000000001,66152000.0,False
NORWICH,2011,5396.19,614.8,67160000.0,False
NORWICH,2012,5381.0,627.8000000000001,72021000.0,False
NORWICH,2013,5412.87,662.3,75394000.0,False
NORWICH,2014,5380.28,673.5,77381000.0,False
NORWICH,2015,5372.71,704.4,77145000.0,False
NORWICH,2016,5267.78,697.0,80621000.0,False
OLD SAYBROOK,2007,1583.5,285.6,18625046.0,False
OLD SAYBROOK,2008,1626.56,290.3,24270424.0,False
OLD SAYBROOK,2009,1636.98,286.6,21424705.0,False
OLD SAYBROOK,2010,1600.8,270.0,22057089.0,False
OLD SAYBROOK,2011,1568.88,283.29999999999995,22975131.0,False
OLD SAYBROOK,2012,1539.31,295.09999999999997,24144507.0,False
OLD SAYBROOK,2013,1476.66,300.0,24745084.0,False
OLD SAYBROOK,2014,1417.35,297.6,26165008.0,False
OLD SAYBROOK,2015,1408.68,291.4,27286135.0,False
OLD SAYBROOK,2016,1351.24,290.5,27971556.0,False
ORANGE,2007,2551.31,248.29999999999998,33059930.0,False
ORANGE,2008,2537.52,249.5,39717632.0,False
ORANGE,2009,2520.92,247.3,36937748.0,False
ORANGE,2010,2516.46,235.50000000000003,37809305.0,False
ORANGE,2011,2509.0,236.4,37879596.0,False
ORANGE,2012,2507.44,232.7,39615890.0,False
ORANGE,2013,2438.22,236.2,40376009.0,False
ORANGE,2014,2373.02,235.2,41961871.0,False
ORANGE,2015,2350.86,211.3,42516288.0,False
ORANGE,2016,2303.5,237.40000000000003,44175681.0,False
OXFORD,2007,2125.57,177.9,22803753.0,False
OXFORD,2008,2167.12,202.6,30674741.0,False
OXFORD,2009,2205.59,268.6,26840609.0,False
OXFORD,2010,2238.54,275.09999999999997,26207478.0,False
OXFORD,2011,2245.49,288.2,27216870.0,False
OXFORD,2012,2216.33,304.0,27912746.0,False
OXFORD,2013,2148.64,302.59999999999997,28790894.0,False
OXFORD,2014,2101.89,311.90000000000003,30419090.0,False
OXFORD,2015,2025.59,296.4,30525846.0,False
OXFORD,2016,2037.13,295.49999999999994,31084769.0,False
PLAINFIELD,2007,2635.94,459.9,32023371.0,False
PLAINFIELD,2008,2587.23,484.79999999999995,33802453.0,False
PLAINFIELD,2009,2542.9,467.29999999999995,31742982.0,False
PLAINFIELD,2010,2572.9,452.5,35255529.0,False
PLAINFIELD,2011,2506.63,446.3,34521797.0,False
PLAINFIELD,2012,2474.25,447.9,35711515.0,False
PLAINFIELD,2013,2393.63,435.59999999999997,36236087.0,False
PLAINFIELD,2014,2349.97,422.1,37742762.0,False
PLAINFIELD,2015,2277.0,419.40000000000003,39308971.0,False
PLAINFIELD,2016,2293.81,421.90000000000003,39109612.0,False
PLAINVILLE,2007,2633.3,465.3,31664818.0,False
PLAINVILLE,2008,2605.73,474.0,42839809.0,False
PLAINVILLE,2009,2528.1,456.29999999999995,35081505.0,False
PLAINVILLE,2010,2552.01,438.4,35029994.0,False
PLAINVILLE,2011,2500.37,446.5,35631512.0,False
PLAINVILLE,2012,2444.32,444.1,36497815.0,False
PLAINVILLE,2013,2400.73,464.00000000000006,36498345.0,False
PLAINVILLE,2014,2367.88,468.6,37928248.0,False
PLAINVILLE,2015,2417.2,489.3,37599680.0,False
PLAINVILLE,2016,2415.16,488.5,38395769.0,False
PORTLAND,2007,1470.66,231.90000000000003,17247657.0,False
PORTLAND,2008,1451.12,224.8,22345049.0,False
PORTLAND,2009,1463.96,224.8,18701508.0,False
PORTLAND,2010,1471.33,226.2,18604782.0,False
PORTLAND,2011,1444.33,222.90000000000003,19306090.0,False
PORTLAND,2012,1420.11,228.3,19793291.0,False
PORTLAND,2013,1427.69,228.9,20216816.0,False
PORTLAND,2014,1435.54,230.9,20983986.0,False
PORTLAND,2015,1382.54,234.7,21094353.0,False
PORTLAND,2016,1400.51,228.90000000000003,21778087.0,False
PRESTON,2007,779.03,108.4,10401301.0,True
PRESTON,2008,758.08,102.49999999999999,10547934.0,False
PRESTON,2009,726.13,97.6,11137380.0,False
PRESTON,2010,660.77,94.89999999999999,10865208.0,False
PRESTON,2011,661.8,97.8,10843392.0,False
PRESTON,2012,609.7000000000003,94.1,11166085.0,False
PRESTON,2013,608.68,89.8,11017203.0,False
PRESTON,2014,617.14,89.8,12065450.0,False
PRESTON,2015,609.25,91.0,11560965.0,False
PRESTON,2016,648.09,92.4,12070980.0,False
PUTNAM,2007,1326.75,231.1,15621857.0,False
PUTNAM,2008,1298.97,232.50000000000003,20967049.0,False
PUTNAM,2009,1237.6,226.8,16790824.0,False
PUTNAM,2010,1240.37,227.8,16450589.0,False
PUTNAM,2011,1282.26,224.40000000000003,17752764.0,False
PUTNAM,2012,1256.68,234.7,18099219.0,False
PUTNAM,2013,1221.89,240.5,18493953.0,False
PUTNAM,2014,1226.36,240.60000000000002,19139288.0,False
PUTNAM,2015,1196.73,239.8,18932080.0,False
PUTNAM,2016,1165.89,243.00000000000003,19502945.0,False
RIDGEFIELD,2007,5606.17,751.6,71669217.0,False
RIDGEFIELD,2008,5573.48,746.2,98454741.0,False
RIDGEFIELD,2009,5586.62,766.9000000000001,80923133.0,False
RIDGEFIELD,2010,5477.44,763.3000000000001,82939471.0,False
RIDGEFIELD,2011,5456.92,767.3000000000001,83395812.0,False
RIDGEFIELD,2012,5369.59,785.9,87248296.0,False
RIDGEFIELD,2013,5287.3,764.9,90046458.0,False
RIDGEFIELD,2014,5259.8,787.8999999999999,92761909.0,False
RIDGEFIELD,2015,5139.56,661.9000000000001,94568454.0,False
RIDGEFIELD,2016,5014.77,802.5,96082052.0,False
ROCKY HILL,2007,2585.4,384.4,26080002.0,False
ROCKY HILL,2008,2626.19,388.8,36640268.0,False
ROCKY HILL,2009,2640.24,389.70000000000005,29424694.0,False
ROCKY HILL,2010,2673.53,395.69999999999993,30266724.0,False
ROCKY HILL,2011,2626.06,406.6,30865280.0,False
ROCKY HILL,2012,2620.64,392.4,32952537.0,False
ROCKY HILL,2013,2599.66,396.7,33885126.0,False
ROCKY HILL,2014,2588.76,411.0,35566626.0,False
ROCKY HILL,2015,2646.28,429.0,38973084.0,False
ROCKY HILL,2016,2762.32,437.6,41398116.0,False
SALEM,2007,819.09,93.30000000000001,9725709.0,False
SALEM,2008,806.36,94.8,11578692.0,False
SALEM,2009,806.52,91.5,10628419.0,False
SALEM,2010,765.91,90.60000000000001,9988643.0,False
SALEM,2011,739.26,84.2,10454834.0,False
SALEM,2012,704.99,83.2,10625583.0,True
SALEM,2013,699.1,91.9,11116008.0,False
SALEM,2014,674.99,86.89999999999999,11258315.0,False
SALEM,2015,649.0700000000003,79.19999999999999,11559640.0,True
SALEM,2016,630.4500000000003,84.69999999999999,11748904.0,False
SCOTLAND,2007,277.99,39.400000000000006,4178934.0,True
SCOTLAND,2008,265.4,42.199999999999996,3973587.0,True
SCOTLAND,2009,270.65,42.3,4237439.0,True
SCOTLAND,2010,247.88,45.199999999999996,3850301.0,True
SCOTLAND,2011,236.2,44.5,4106792.0,True
SCOTLAND,2012,227.5,43.4,4545284.0,True
SCOTLAND,2013,211.8,41.2,4513899.0,True
SCOTLAND,2014,225.38,41.2,4498536.0,True
SCOTLAND,2015,219.28,40.7,4691725.0,True
SCOTLAND,2016,209.09,37.300000000000004,4673197.0,False
SEYMOUR,2007,2568.82,412.5,29210085.0,False
SEYMOUR,2008,2554.42,379.7,38297938.0,False
SEYMOUR,2009,2568.8,362.4,30293597.0,False
SEYMOUR,2010,2522.65,373.40000000000003,28397600.0,False
SEYMOUR,2011,2503.82,361.2,30179163.0,False
SEYMOUR,2012,2411.17,357.3,32887244.0,False
SEYMOUR,2013,2406.76,345.1,33091150.0,False
SEYMOUR,2014,2431.97,348.8,35087291.0,False
SEYMOUR,2015,2399.08,356.4,36132376.0,False
SEYMOUR,2016,2323.49,351.9,36363723.0,False
SHARON,2007,333.4,52.3,5398079.0,False
SHARON,2008,327.16000000000014,49.800000000000004,6858345.0,False
SHARON,2009,300.05,50.1,6391573.0,False
SHARON,2010,293.35,49.9,6469252.0,False
SHARON,2011,286.55,50.699999999999996,6438520.0,False
SHARON,2012,260.67,49.8,6656208.0,False
SHARON,2013,241.0,49.1,6450506.0,False
SHARON,2014,238.7,47.7,6377957.0,False
SHARON,2015,232.1,51.5,6819517.0,False
SHARON,2016,230.4,51.199999999999996,6969515.0,True
SHELTON,2007,5775.33,793.1999999999998,63138300.0,False
SHELTON,2008,5713.38,814.3999999999999,85504187.0,False
SHELTON,2009,5646.04,796.0,69732133.0,False
SHELTON,2010,5548.08,809.5999999999999,68185134.0,False
SHELTON,2011,5395.51,672.4,67380683.0,False
SHELTON,2012,5367.87,744.7,71812630.0,False
SHELTON,2013,5246.87,779.4,70066838.0,False
SHELTON,2014,5150.45,764.6,74300492.0,False
SHELTON,2015,5153.74,777.4,75053250.0,False
SHELTON,2016,5178.7,787.0,76887536.0,False
SHERMAN,2007,660.67,80.49999999999999,8034774.0,False
SHERMAN,2008,642.11,68.39999999999999,10040900.0,False
SHERMAN,2009,630.24,85.69999999999999,8775336.0,False
SHERMAN,2010,631.67,87.1,8649866.0,False
SHERMAN,2011,591.84,88.8,8774192.0,False
SHERMAN,2012,591.84,83.99999999999999,8941173.0,False
SHERMAN,2013,572.91,82.29999999999998,9169574.0,False
SHERMAN,2014,563.72,80.2,9540965.0,False
SHERMAN,2015,537.91,79.5,9615620.0,False
SHERMAN,2016,502.18,79.7,9589213.0,False
SIMSBURY,2007,4991.21,737.8,59059976.0,False
SIMSBURY,2008,4967.39,758.2,80434620.0,False
SIMSBURY,2009,4960.61,757.1999999999998,64620969.0,False
SIMSBURY,2010,4926.32,755.6999999999999,65728909.0,False
SIMSBURY,2011,4818.77,729.0,66795182.0,False
SIMSBURY,2012,4733.05,710.4,68933265.0,False
SIMSBURY,2013,4599.96,711.6999999999998,70434246.0,False
SIMSBURY,2014,4445.53,712.1,73703266.0,False
SIMSBURY,2015,4358.01,704.5,71510265.0,False
SIMSBURY,2016,4253.47,707.8,74054959.0,False
SOMERS,2007,1715.85,251.0,18362447.0,False
SOMERS,2008,1706.39,257.0,25585754.0,False
SOMERS,2009,1701.95,258.40000000000003,20850296.0,False
SOMERS,2010,1634.39,145.29999999999998,19932606.0,True
SOMERS,2011,1620.2,253.80000000000004,20829709.0,False
SOMERS,2012,1613.16,251.1,21936853.0,False
SOMERS,2013,1569.43,250.5,22526248.0,False
SOMERS,2014,1518.63,248.5,23416325.0,False
SOMERS,2015,1484.67,246.5,24073247.0,False
SOMERS,2016,1441.14,247.29999999999998,24017924.0,False
SOUTH WINDSOR,2007,5187.91,743.1,57721839.0,False
SOUTH WINDSOR,2008,5082.85,735.5999999999999,78231913.0,False
SOUTH WINDSOR,2009,4964.52,738.6,63808126.0,False
SOUTH WINDSOR,2010,4792.31,722.2,65415184.0,False
SOUTH WINDSOR,2011,4683.47,715.9000000000001,66904426.0,False
SOUTH WINDSOR,2012,4506.15,737.5000000000001,70996075.0,False
SOUTH WINDSOR,2013,4425.06,735.6,71405984.0,False
SOUTH WINDSOR,2014,4463.44,732.1000000000001,76012600.0,False
SOUTH WINDSOR,2015,4400.62,747.4,75058105.0,False
SOUTH WINDSOR,2016,4320.88,739.9000000000001,76768518.0,False
SOUTHINGTON,2007,6870.01,1019.0,74210000.0,False
SOUTHINGTON,2008,6882.4,1027.7,99810000.0,False
SOUTHINGTON,2009,6816.82,1018.9000000000001,80875000.0,False
SOUTHINGTON,2010,6826.46,1035.8999999999999,83561000.0,False
SOUTHINGTON,2011,6842.07,1058.8,86524000.0,False
SOUTHINGTON,2012,6788.68,1078.1999999999998,88326000.0,False
SOUTHINGTON,2013,6769.48,1051.3,91796000.0,False
SOUTHINGTON,2014,6751.35,1089.6999999999998,95632000.0,False
SOUTHINGTON,2015,6721.36,1110.9999999999998,95625000.0,False
SOUTHINGTON,2016,6648.04,1127.2999999999997,99479000.0,False
STAMFORD,2007,15088.43,2191.0,216863390.0,False
STAMFORD,2008,15028.56,2148.7000000000003,221558188.0,False
STAMFORD,2009,14883.73,2119.8,243089067.0,False
STAMFORD,2010,14966.3,2203.2000000000003,244611342.0,False
STAMFORD,2011,15123.27,2254.8,241144181.0,False
STAMFORD,2012,15269.37,2215.8999999999996,252544074.0,False
STAMFORD,2013,15490.56,2091.2000000000003,255459497.0,False
STAMFORD,2014,15623.6,2173.6,276434644.0,False
STAMFORD,2015,15773.82,2265.8,272876527.0,False
STAMFORD,2016,15642.22,2418.6,285987017.0,False
STERLING,2007,660.16,87.1,6743121.0,True
STERLING,2008,675.39,101.0,7590089.0,False
STERLING,2009,678.78,106.10000000000001,7989345.0,False
STERLING,2010,667.0,112.0,8144070.0,False
STERLING,2011,639.92,105.7,8033070.0,False
STERLING,2012,644.3,87.4,8082820.0,False
STERLING,2013,664.02,178.1,8274645.0,False
STERLING,2014,632.7000000000003,86.6,8540868.0,False
STERLING,2015,607.06,140.2,8378283.0,False
STERLING,2016,583.43,105.70000000000002,8504359.0,False
STRATFORD,2007,7618.98,963.6,84310065.0,False
STRATFORD,2008,7654.22,974.7,115569201.0,False
STRATFORD,2009,7590.46,969.0,95522351.0,False
STRATFORD,2010,7542.96,946.6,93610201.0,False
STRATFORD,2011,7502.23,918.5999999999999,96787391.0,False
STRATFORD,2012,7493.05,903.9,102808638.0,False
STRATFORD,2013,7354.08,922.3,104421589.0,False
STRATFORD,2014,7474.67,964.1,108317705.0,False
STRATFORD,2015,7322.59,974.2,110427752.0,False
STRATFORD,2016,7245.55,1068.4000000000003,112764984.0,False
SUFFIELD,2007,2495.92,350.09999999999997,27630468.0,False
SUFFIELD,2008,2497.0,360.8,38869775.0,False
SUFFIELD,2009,2447.58,383.9,31384169.0,False
SUFFIELD,2010,2440.64,368.0,31917228.0,False
SUFFIELD,2011,2407.78,368.90000000000003,32423783.0,False
SUFFIELD,2012,2425.91,376.3,34204716.0,False
SUFFIELD,2013,2384.4,379.0,35308503.0,False
SUFFIELD,2014,2314.15,372.79999999999995,35732506.0,False
SUFFIELD,2015,2278.4,394.3,35848599.0,False
SUFFIELD,2016,2261.12,399.20000000000005,37292260.0,False
THOMASTON,2007,1371.13,186.7,13639466.0,False
THOMASTON,2008,1364.64,192.5,17018547.0,False
THOMASTON,2009,1328.08,178.6,14780948.0,False
THOMASTON,2010,1286.29,175.2,13933975.0,False
THOMASTON,2011,1250.79,174.8,14167881.0,False
THOMASTON,2012,1194.26,178.6,15360953.0,False
THOMASTON,2013,1163.48,171.1,15702579.0,False
THOMASTON,2014,1096.62,162.6,15838445.0,False
THOMASTON,2015,1043.97,152.0,15560482.0,False
THOMASTON,2016,1013.79,154.6,15809352.0,False
TOLLAND,2007,3212.76,459.69999999999993,32611898.0,False
TOLLAND,2008,3207.67,459.20000000000005,44228236.0,False
TOLLAND,2009,3230.15,463.3,36943631.0,False
TOLLAND,2010,3244.6,469.7,35747088.0,False
TOLLAND,2011,3116.18,446.6,37744919.0,False
TOLLAND,2012,3018.4,450.7,39416894.0,False
TOLLAND,2013,2949.6,458.6,40346946.0,False
TOLLAND,2014,2873.68,444.1,41193428.0,False
TOLLAND,2015,2791.92,395.9,41845358.0,False
TOLLAND,2016,2710.44,432.5,43158871.0,False
TORRINGTON,2007,4996.87,725.2,59365416.0,False
TORRINGTON,2008,4923.88,731.4,79589776.0,False
TORRINGTON,2009,4807.71,729.4999999999999,67510194.0,False
TORRINGTON,2010,4784.74,713.1000000000001,67508518.0,False
TORRINGTON,2011,4664.57,705.8999999999999,68685012.0,False
TORRINGTON,2012,4622.59,707.3999999999999,69524879.0,False
TORRINGTON,2013,4532.89,698.5,71882551.0,False
TORRINGTON,2014,4460.38,733.6999999999999,76389179.0,False
TORRINGTON,2015,4482.23,749.6999999999999,76790078.0,False
TORRINGTON,2016,4465.63,763.5,78294333.0,False
TRUMBULL,2007,6840.29,980.6,79481884.0,False
TRUMBULL,2008,6857.5,1026.8,84817231.0,False
TRUMBULL,2009,6810.6,1037.0,83200356.0,False
TRUMBULL,2010,6856.73,1045.0,92778603.0,False
TRUMBULL,2011,6853.81,1042.7,95962843.0,False
TRUMBULL,2012,6799.25,1046.1000000000001,99657036.0,False
TRUMBULL,2013,6759.27,1088.0,105090812.0,False
TRUMBULL,2014,6667.87,1088.1,109704266.0,False
TRUMBULL,2015,6586.5,1118.1,111191120.0,False
TRUMBULL,2016,6615.64,1134.0,113968828.0,False
UNION,2007,112.2,12.1,1355749.0,True
UNION,2008,109.0,11.5,1458742.0,True
UNION,2009,110.0,12.900000000000002,1525478.0,True
UNION,2010,111.19,12.4,1569906.0,True
UNION,2011,109.0,13.200000000000001,1660942.0,True
UNION,2012,103.0,12.3,1667621.0,True
UNION,2013,100.0,8.5,1739301.0,True
UNION,2014,110.0,13.7,1958719.0,True
UNION,2015,109.8,16.6,2111063.0,True
UNION,2016,113.0,14.799999999999999,2137583.0,True
VERNON,2007,3801.2,614.5000000000001,46567372.0,False
VERNON,2008,3753.32,600.9,61340447.0,False
VERNON,2009,3637.8,605.0,49284455.0,False
VERNON,2010,3738.02,607.3,49302826.0,False
VERNON,2011,3768.89,605.9,52089429.0,False
VERNON,2012,3750.33,633.8000000000001,52300137.0,False
VERNON,2013,3709.87,623.4000000000001,54365055.0,False
VERNON,2014,3658.55,664.8,56788058.0,False
VERNON,2015,3582.12,626.4999999999999,57008315.0,False
VERNON,2016,3512.44,662.8,56591613.0,False
VOLUNTOWN,2007,459.98,76.9,5886752.0,True
VOLUNTOWN,2008,436.19,73.4,7189140.0,True
VOLUNTOWN,2009,434.37,76.9,6363783.0,False
VOLUNTOWN,2010,413.64,76.5,5976499.0,False
VOLUNTOWN,2011,429.92,74.3,6088931.0,False
VOLUNTOWN,2012,435.94,71.4,6573552.0,False
VOLUNTOWN,2013,415.1,70.4,6716929.0,False
VOLUNTOWN,2014,401.11,71.0,6927162.0,False
VOLUNTOWN,2015,405.71,70.1,7048859.0,True
VOLUNTOWN,2016,388.41,72.3,7215736.0,True
WALLINGFORD,2007,7069.03,1143.5,82499000.0,False
WALLINGFORD,2008,6957.6,1120.8,112045000.0,False
WALLINGFORD,2009,6945.34,1125.0,89881000.0,False
WALLINGFORD,2010,6737.62,1101.9,89377000.0,False
WALLINGFORD,2011,6587.87,1043.5,90009000.0,False
WALLINGFORD,2012,6572.14,1333.2,95875000.0,False
WALLINGFORD,2013,6288.63,1033.5,99391000.0,False
WALLINGFORD,2014,6121.14,1047.0,103194000.0,False
WALLINGFORD,2015,6232.64,1079.1000000000001,102504000.0,False
WALLINGFORD,2016,6135.01,1140.7,106678000.0,False
WATERBURY,2007,17819.04,2775.3,153285000.0,False
WATERBURY,2008,17776.39,2819.6999999999994,218774000.0,False
WATERBURY,2009,17735.58,2868.7000000000003,169099000.0,False
WATERBURY,2010,17623.54,2838.4999999999995,169827000.0,False
WATERBURY,2011,17593.61,2575.2,168429000.0,False
WATERBURY,2012,17533.14,2805.2,175180000.0,False
WATERBURY,2013,17787.24,2843.6,174373000.0,False
WATERBURY,2014,17970.4,2876.2,180634000.0,False
WATERBURY,2015,18235.87,2999.9,174838000.0,False
WATERBURY,2016,18382.83,2753.5,178411000.0,False
WATERFORD,2007,3319.33,490.0,39575955.0,False
WATERFORD,2008,3317.09,497.5,53331493.0,False
WATERFORD,2009,3256.43,482.3,42948054.0,False
WATERFORD,2010,3241.03,483.9,44312500.0,False
WATERFORD,2011,3165.79,476.50000000000006,45477649.0,False
WATERFORD,2012,3047.76,459.0,47785199.0,False
WATERFORD,2013,3014.42,455.6,49169506.0,False
WATERFORD,2014,2974.65,459.9,50512081.0,False
WATERFORD,2015,2918.43,472.1,50850012.0,False
WATERFORD,2016,2901.53,466.1,50785687.0,False
WATERTOWN,2007,3502.72,484.7999999999999,34388243.0,False
WATERTOWN,2008,3399.5,484.2000000000001,46938079.0,False
WATERTOWN,2009,3334.48,505.40000000000003,38620195.0,False
WATERTOWN,2010,3262.8,501.79999999999995,38016801.0,False
WATERTOWN,2011,3183.33,488.59999999999997,36930006.0,False
WATERTOWN,2012,3097.54,486.99999999999994,39592522.0,False
WATERTOWN,2013,3040.11,412.49999999999994,42983391.0,False
WATERTOWN,2014,2940.43,473.7,43236872.0,False
WATERTOWN,2015,2870.08,459.0,44456479.0,False
WATERTOWN,2016,2830.26,453.9,45068233.0,False
WEST HARTFORD,2007,10129.47,1403.1,120280000.0,False
WEST HARTFORD,2008,9999.26,1573.8,163032000.0,False
WEST HARTFORD,2009,10111.39,1583.0000000000002,132304000.0,False
WEST HARTFORD,2010,10315.31,1584.4999999999998,131068000.0,False
WEST HARTFORD,2011,10446.45,1589.6000000000001,139573000.0,False
WEST HARTFORD,2012,10439.32,1630.9,149600000.0,False
WEST HARTFORD,2013,10333.58,1651.1999999999998,155074000.0,False
WEST HARTFORD,2014,10296.6,1640.5,160266000.0,False
WEST HARTFORD,2015,10252.35,1631.8000000000002,162477000.0,False
WEST HARTFORD,2016,10132.47,1726.9999999999995,167362000.0,False
WEST HAVEN,2007,7585.17,985.5999999999999,79758552.0,False
WEST HAVEN,2008,7345.54,990.6999999999999,83519298.0,False
WEST HAVEN,2009,7335.32,985.2,78628886.0,False
WEST HAVEN,2010,7419.41,1055.0,88027025.0,False
WEST HAVEN,2011,7554.4,970.9000000000001,86890030.0,False
WEST HAVEN,2012,7226.6,957.2,89048477.0,False
WEST HAVEN,2013,7224.26,966.6,89015764.0,False
WEST HAVEN,2014,7194.95,986.5,95107522.0,False
WEST HAVEN,2015,7081.46,1000.8000000000001,96506345.0,False
WEST HAVEN,2016,7017.43,976.6999999999999,106292923.0,False
WESTBROOK,2007,1003.0,173.20000000000002,12246682.0,False
WESTBROOK,2008,994.96,177.60000000000002,17263655.0,False
WESTBROOK,2009,979.08,178.0,14224397.0,False
WESTBROOK,2010,990.06,184.79999999999998,14639635.0,False
WESTBROOK,2011,965.39,181.1,15326905.0,False
WESTBROOK,2012,941.79,182.1,15984126.0,False
WESTBROOK,2013,889.1699999999997,182.6,16815605.0,False
WESTBROOK,2014,851.5,186.79999999999998,17868817.0,False
WESTBROOK,2015,817.96,187.1,17767390.0,False
WESTBROOK,2016,782.98,190.1,19167229.0,False
WESTON,2007,2623.78,420.1,42079139.0,False
WESTON,2008,2587.5,431.0,44575275.0,False
WESTON,2009,2581.69,401.4,46690495.0,False
WESTON,2010,2558.96,399.0,46822322.0,False
WESTON,2011,2530.77,423.20000000000005,48587207.0,False
WESTON,2012,2485.24,424.90000000000003,50570007.0,False
WESTON,2013,2420.87,377.7,50549481.0,False
WESTON,2014,2405.33,361.6,51229491.0,False
WESTON,2015,2389.28,421.09999999999997,53337314.0,False
WESTON,2016,2383.27,418.5,55344610.0,False
WESTPORT,2007,5586.3,1068.9999999999998,86893706.0,False
WESTPORT,2008,5689.14,1098.0,94663527.0,False
WESTPORT,2009,5787.03,1108.2,96336567.0,False
WESTPORT,2010,5704.45,1086.0,102371249.0,False
WESTPORT,2011,5738.91,1072.6,108169179.0,False
WESTPORT,2012,5720.86,1047.2,113131404.0,False
WESTPORT,2013,5762.21,1057.6,115994712.0,False
WESTPORT,2014,5745.72,957.9,121252479.0,False
WESTPORT,2015,5716.44,1255.8999999999999,125459324.0,False
WESTPORT,2016,5717.08,984.3,126750713.0,False
WETHERSFIELD,2007,3944.06,610.5,45250664.0,False
WETHERSFIELD,2008,3921.22,619.6,61482749.0,False
WETHERSFIELD,2009,3965.97,603.1,51564577.0,False
WETHERSFIELD,2010,3945.63,608.4,54093101.0,False
WETHERSFIELD,2011,3930.27,623.1,54344069.0,False
WETHERSFIELD,2012,3857.07,596.9,55269575.0,False
WETHERSFIELD,2013,3877.95,599.9,58303580.0,False
WETHERSFIELD,2014,3921.26,627.7,60950236.0,False
WETHERSFIELD,2015,3933.47,508.3,61943559.0,False
WETHERSFIELD,2016,3971.05,631.0999999999999,64994570.0,False
WILLINGTON,2007,855.5,119.0,11052362.0,False
WILLINGTON,2008,852.68,121.6,13651672.0,False
WILLINGTON,2009,821.61,122.4,11500140.0,False
WILLINGTON,2010,824.09,123.0,11643506.0,False
WILLINGTON,2011,799.23,115.6,12108577.0,False
WILLINGTON,2012,790.69,114.0,12568247.0,False
WILLINGTON,2013,737.58,97.2,12924389.0,False
WILLINGTON,2014,709.91,94.7,12886316.0,False
WILLINGTON,2015,678.4500000000003,91.2,12994977.0,False
WILLINGTON,2016,672.93,88.7,12973852.0,False
WILTON,2007,4385.66,696.0,63652774.0,False
WILTON,2008,4385.26,680.5,69063730.0,False
WILTON,2009,4395.96,686.1,73939700.0,False
WILTON,2010,4360.57,692.9,75499566.0,False
WILTON,2011,4331.64,668.1999999999999,74243675.0,False
WILTON,2012,4309.63,667.1,80058760.0,False
WILTON,2013,4296.63,687.2000000000002,82539363.0,False
WILTON,2014,4312.67,675.5,85352764.0,False
WILTON,2015,4269.32,690.1999999999999,86677283.0,False
WILTON,2016,4155.3,665.4000000000001,89568730.0,False
WINDSOR,2007,4589.58,760.7,57431966.0,False
WINDSOR,2008,4560.17,736.1999999999999,61406479.0,False
WINDSOR,2009,4461.22,731.9000000000001,63321537.0,False
WINDSOR,2010,4271.85,697.4000000000001,63097716.0,False
WINDSOR,2011,4153.88,680.3,64675805.0,False
WINDSOR,2012,4073.98,690.6,67390801.0,False
WINDSOR,2013,4019.78,731.0,68251357.0,False
WINDSOR,2014,3936.24,721.8,70387913.0,False
WINDSOR,2015,3889.09,749.8,72051878.0,False
WINDSOR,2016,3936.72,726.0,72839199.0,False
WINDSOR LOCKS,2007,2037.4,356.7,25875202.0,False
WINDSOR LOCKS,2008,1963.86,363.09999999999997,34638721.0,False
WINDSOR LOCKS,2009,1972.51,374.20000000000005,28780888.0,False
WINDSOR LOCKS,2010,1916.58,358.70000000000005,29433589.0,False
WINDSOR LOCKS,2011,1889.86,360.90000000000003,29185597.0,False
WINDSOR LOCKS,2012,1861.37,343.5,30503362.0,False
WINDSOR LOCKS,2013,1834.61,350.8,31350999.0,False
WINDSOR LOCKS,2014,1783.42,356.50000000000006,32609424.0,False
WINDSOR LOCKS,2015,1714.58,375.3,32258906.0,False
WINDSOR LOCKS,2016,1703.28,396.8,33117510.0,False
WOLCOTT,2007,3267.93,446.3,31757375.0,False
WOLCOTT,2008,3242.81,454.3,42421162.0,False
WOLCOTT,2009,3099.48,446.3,34412326.0,False
WOLCOTT,2010,3027.17,434.00000000000006,32891047.0,True
WOLCOTT,2011,2979.94,425.0,32768203.0,False
WOLCOTT,2012,2908.38,412.19999999999993,35565637.0,False
WOLCOTT,2013,2811.56,411.29999999999995,36419835.0,False
WOLCOTT,2014,2720.2,396.09999999999997,37034923.0,False
WOLCOTT,2015,2585.76,406.6,37739030.0,False
WOLCOTT,2016,2546.62,401.2,37563529.0,False
WOODBRIDGE,2007,1670.74,134.3,23607817.0,False
WOODBRIDGE,2008,1620.13,139.2,13105467.0,False
WOODBRIDGE,2009,1574.78,139.2,25361808.0,False
WOODBRIDGE,2010,1537.87,136.2,25751808.0,False
WOODBRIDGE,2011,1511.22,130.2,25758313.0,False
WOODBRIDGE,2012,1487.03,130.7,26627017.0,False
WOODBRIDGE,2013,1463.84,127.19999999999999,26719822.0,False
WOODBRIDGE,2014,1483.64,128.2,27642754.0,False
WOODBRIDGE,2015,1497.23,81.5,28571588.0,True
WOODBRIDGE,2016,1487.72,131.6,29222217.0,False
WOODSTOCK,2007,1432.13,154.2,14730956.0,False
WOODSTOCK,2008,1420.98,170.7,15595390.0,False
WOODSTOCK,2009,1411.77,169.1,16072398.0,False
WOODSTOCK,2010,1385.9,168.0,16248453.0,False
WOODSTOCK,2011,1383.76,164.1,16265285.0,False
WOODSTOCK,2012,1337.59,162.1,16588443.0,False
WOODSTOCK,2013,1312.5,166.20000000000002,16844128.0,False
WOODSTOCK,2014,1319.62,162.79999999999998,17459851.0,False
WOODSTOCK,2015,1301.8,154.8,17492430.0,False
WOODSTOCK,2016,1264.53,153.79999999999998,17577537.0,False
